-- MySQL dump 10.13  Distrib 5.7.35, for Linux (x86_64)
--
-- Host: localhost    Database: curatoros
-- ------------------------------------------------------
-- Server version	5.7.35-0ubuntu0.18.04.1

/*!40101 SET @OLD_CHARACTER_SET_CLIENT=@@CHARACTER_SET_CLIENT */;
/*!40101 SET @OLD_CHARACTER_SET_RESULTS=@@CHARACTER_SET_RESULTS */;
/*!40101 SET @OLD_COLLATION_CONNECTION=@@COLLATION_CONNECTION */;
/*!40101 SET NAMES utf8 */;
/*!40103 SET @OLD_TIME_ZONE=@@TIME_ZONE */;
/*!40103 SET TIME_ZONE='+00:00' */;
/*!40014 SET @OLD_UNIQUE_CHECKS=@@UNIQUE_CHECKS, UNIQUE_CHECKS=0 */;
/*!40014 SET @OLD_FOREIGN_KEY_CHECKS=@@FOREIGN_KEY_CHECKS, FOREIGN_KEY_CHECKS=0 */;
/*!40101 SET @OLD_SQL_MODE=@@SQL_MODE, SQL_MODE='NO_AUTO_VALUE_ON_ZERO' */;
/*!40111 SET @OLD_SQL_NOTES=@@SQL_NOTES, SQL_NOTES=0 */;

--
-- Table structure for table `activities`
--

DROP TABLE IF EXISTS `activities`;
/*!40101 SET @saved_cs_client     = @@character_set_client */;
/*!40101 SET character_set_client = utf8 */;
CREATE TABLE `activities` (
  `id` int(11) NOT NULL AUTO_INCREMENT,
  `name` varchar(255) NOT NULL,
  `hyperlink` varchar(255) DEFAULT NULL,
  `description` text,
  `licensing` text,
  `moderator_notes` text,
  `isbn` varchar(100) DEFAULT NULL,
  `status_id` int(11) DEFAULT '1',
  `meta_title` varchar(255) DEFAULT NULL,
  `meta_description` text,
  `featured` int(11) DEFAULT '0',
  `moderation_flag` int(11) DEFAULT '0',
  `file_path` varchar(255) DEFAULT NULL,
  `image_path` varchar(255) DEFAULT NULL,
  `hours` int(11) DEFAULT '0',
  `recommended` int(11) DEFAULT '0',
  `ministry_id` int(11) DEFAULT NULL,
  `approvedby_id` char(36) DEFAULT '1',
  `created` datetime NOT NULL,
  `createdby_id` char(36) NOT NULL,
  `modified` datetime NOT NULL,
  `modifiedby_id` char(36) NOT NULL,
  `activity_types_id` int(11) NOT NULL,
  `estimated_time` varchar(100) DEFAULT NULL,
  `slug` varchar(255) DEFAULT NULL,
  PRIMARY KEY (`id`),
  KEY `activities_ibfk_0` (`status_id`),
  KEY `activities_ibfk_1` (`activity_types_id`),
  KEY `activities_ibfk_2` (`ministry_id`),
  KEY `activityapprovedby_ibfk_1` (`approvedby_id`),
  KEY `activitycreateduser_ibfk_1` (`createdby_id`),
  KEY `activitymodifieduser_ibfk_1` (`modifiedby_id`),
  CONSTRAINT `activities_ibfk_0` FOREIGN KEY (`status_id`) REFERENCES `statuses` (`id`),
  CONSTRAINT `activities_ibfk_1` FOREIGN KEY (`activity_types_id`) REFERENCES `activity_types` (`id`),
  CONSTRAINT `activities_ibfk_2` FOREIGN KEY (`ministry_id`) REFERENCES `ministries` (`id`),
  CONSTRAINT `activityapprovedby_ibfk_1` FOREIGN KEY (`approvedby_id`) REFERENCES `users` (`id`),
  CONSTRAINT `activitycreateduser_ibfk_1` FOREIGN KEY (`createdby_id`) REFERENCES `users` (`id`),
  CONSTRAINT `activitymodifieduser_ibfk_1` FOREIGN KEY (`modifiedby_id`) REFERENCES `users` (`id`)
) ENGINE=InnoDB AUTO_INCREMENT=445 DEFAULT CHARSET=latin1;
/*!40101 SET character_set_client = @saved_cs_client */;

--
-- Dumping data for table `activities`
--

LOCK TABLES `activities` WRITE;
/*!40000 ALTER TABLE `activities` DISABLE KEYS */;
INSERT INTO `activities` VALUES (136,'EdX  Course: Leading with effective communication','https://www.edx.org/course/leading-with-effective-communication-inclusive-lea','What does it take to inspire others, promote a novel idea, or even have a difficult conversation? How can you position yourself as a leader through inclusive communication? How do you know that the message you are intending to send is what is being received? Join Catalyst experts to explore this topic and the important role communication plays in inclusive leadership. <p></p><p> \"Develop communications that bring out the best in you and in others.\"</p><p><b>Note: You can have access to the course materials and discussions for free with the \"audit\" option.</b> If you wish to participate with graded assignments, there is a cost for the \"verified\" track, which gives you unlimited access to courses.</p>','','','',2,NULL,'',0,0,NULL,NULL,0,2,NULL,'fab197ca-eaa7-4418-960d-d8e8cf40231a','2020-05-09 19:59:18','fab197ca-eaa7-4418-960d-d8e8cf40231a','2020-11-16 18:31:32','fab197ca-eaa7-4418-960d-d8e8cf40231a',4,'Variable','EdX'),(137,'Facilitation for Business Results','https://learning.gov.bc.ca/psc/CHIPSPLM/EMPLOYEE/ELM/c/LM_OD_EMPLOYEE_FL.LM_CRS_DTL_FL.GBL?Page=LM_CRS_DTL_FL&Action=U&ForceSearch=Y&LM_CI_ID=1067&TargetFrameName=None&','<p>A hands-on workshop that will give you tools to successfully facilitate goal-focused meetings that achieve results.</p><p><b><i>Note: Given ongoing concerns regarding COVID-19 and advice/efforts to promote social distancing, the Learning Centre is postponing its face-to-face courses for the foreseeable future.</i></b><br></p>','','','',2,NULL,'',0,0,NULL,NULL,0,1,NULL,'fab197ca-eaa7-4418-960d-d8e8cf40231a','2020-05-09 19:59:18','fab197ca-eaa7-4418-960d-d8e8cf40231a','2020-12-15 23:08:11','fab197ca-eaa7-4418-960d-d8e8cf40231a',4,'Under 10 mins','slugsrcool'),(138,'Coactive Coaching by Whitworth et al','https://coactive.com/resources/coactive-coaching-4th-edition/','Recommended by Juliet Pendray, this is a classic work that helped define the field of coaching.','','','ISBN-13 : 978-1473674981',2,NULL,'',0,0,NULL,NULL,0,2,NULL,'fab197ca-eaa7-4418-960d-d8e8cf40231a','2020-05-09 19:59:18','fab197ca-eaa7-4418-960d-d8e8cf40231a','2020-12-15 23:08:42','fab197ca-eaa7-4418-960d-d8e8cf40231a',2,'Variable','coactive_coaching'),(139,'5 Minute Supervisor Podcast','https://gww.gov.bc.ca/comment/57689#comment-57689','A short podcast about supervisory leadership. In this first episode, Michele Evans discusses how becoming a supervisor meant shifting to being mindful of all of her interactions with others and the impact she has.','','',NULL,2,NULL,'',0,0,NULL,NULL,0,3,NULL,'fab197ca-eaa7-4418-960d-d8e8cf40231a','2020-05-09 19:59:18','fab197ca-eaa7-4418-960d-d8e8cf40231a','2021-08-16 04:33:01','fab197ca-eaa7-4418-960d-d8e8cf40231a',3,'10 mins or less',NULL),(140,'The Most Successful Leaders Do 15 Things Automatically, Every Day on Forbes','https://www.forbes.com/sites/glennllopis/2013/02/18/the-most-successful-leaders-do-15-things-automatically-every-day/#10911a3a69d7','Leadership is learned behaviour that becomes unconscious and automatic over time. This is for those looking to advance their career into a leadership capacity and / or already assume leadership responsibilities.<p></p><p>This article identifies 15 things that must be done automatically, every day, to be a successful leader in the workplace. This list addresses not just Step 1, but competencies to work toward in all of the steps in this pathway.</p>','','','',2,NULL,'',0,0,NULL,NULL,0,2,NULL,'fab197ca-eaa7-4418-960d-d8e8cf40231a','2020-05-09 19:59:18','fab197ca-eaa7-4418-960d-d8e8cf40231a','2021-08-04 20:29:32','fab197ca-eaa7-4418-960d-d8e8cf40231a',2,'10 mins or less',NULL),(142,'Leadership Exploration and Development (LEAD) Route Card: Conversation Guide','https://gww.nrs.gov.bc.ca/csnr/files/csnr/media/strategic_human_resources/routecard_conversationguide_0.pdf','LEAD Route Cards are resources developed by the Leadership Exploration and Development Program at FLNRORD. This Conversation Guide provides advice on having conversations with your direct reports about career development, goal setting etc. Perform the suggested actions in this guide and keep track of your improvement through the suggested reflection prompts.','','','',2,NULL,'',0,0,NULL,NULL,0,0,NULL,'fab197ca-eaa7-4418-960d-d8e8cf40231a','2020-05-09 19:59:18','fab197ca-eaa7-4418-960d-d8e8cf40231a','2020-07-16 16:58:57','fab197ca-eaa7-4418-960d-d8e8cf40231a',4,'',NULL),(143,'MyPerformance Coaching Questions: Take the Time. Its all about the conversation!','https://www2.gov.bc.ca/assets/gov/careers/managers-supervisors/coaching-myperformance-conversations/myperformance_coaching_questions.pdf','These coaching questions can be used by supervisors and employees for their ongoing MyPerformance conversations.','','',NULL,2,NULL,'',0,0,NULL,NULL,0,4,NULL,'fab197ca-eaa7-4418-960d-d8e8cf40231a','2020-05-09 19:59:18','fab197ca-eaa7-4418-960d-d8e8cf40231a','2021-08-04 20:29:36','fab197ca-eaa7-4418-960d-d8e8cf40231a',2,'1 hr or less',NULL),(144,'MyPerformance Guide to Employee Engagement','https://www2.gov.bc.ca/assets/gov/careers/managers-supervisors/coaching-myperformance-conversations/myperformance_employee_engagement.pdf','The relationship between supervisor and employee is integral to employee engagement; direct, collaborative MyPerformance conversations strengthen that relationship. Employees who are engaged feel connected to their jobs and to the success of the organization. This guide outlines best practices, practical tips and strategies for having conversations that promote higher performance and career satisfaction.','','',NULL,2,NULL,'',0,0,NULL,NULL,0,1,NULL,'fab197ca-eaa7-4418-960d-d8e8cf40231a','2020-05-09 19:59:18','fab197ca-eaa7-4418-960d-d8e8cf40231a','2020-08-27 21:56:57','fab197ca-eaa7-4418-960d-d8e8cf40231a',2,'1 hr or less',NULL),(145,'Effective Leadership: An Overview','https://bcpsagency.lifespeak.com/learn?&share=true#/VolumeDetails/effective-leadership---an-overview/what-is-leadership-','Distinctions between management, leadership and authority, and how to hone your leadership skills to produce the best results in the workplace. <p> <p>6 videos - approximately 6:00 minutes each.<p><p>To access the LifeSpeak Library videos, click \"group,\" type \"lifespeak\" for the password, and youre in. :)','','','',2,NULL,'',0,0,NULL,NULL,0,0,NULL,'fab197ca-eaa7-4418-960d-d8e8cf40231a','2020-05-09 19:59:18','fab197ca-eaa7-4418-960d-d8e8cf40231a','2020-07-16 16:46:43','fab197ca-eaa7-4418-960d-d8e8cf40231a',1,'1 hr or less',NULL),(146,'Key Communication Skills for Managers','https://bcpsagency.lifespeak.com/learn?&share=true#/VolumeDetails/key-communication-skills-for-managers/moving-from-peer-to-boss','An entertaining and practical tutorial on an array of communication skills necessary for success as a manager. <p> <p>6 videos - approximately 6:00 minutes each<p><p>To access the LifeSpeak Library videos, click \"group,\" type \"lifespeak\" for the password, and youre in. :)','','','',2,NULL,'',0,0,NULL,NULL,0,1,NULL,'fab197ca-eaa7-4418-960d-d8e8cf40231a','2020-05-09 19:59:18','fab197ca-eaa7-4418-960d-d8e8cf40231a','2020-07-16 16:47:03','fab197ca-eaa7-4418-960d-d8e8cf40231a',1,'1 hr or less',NULL),(147,'EdX Course: Leading Others','https://www.edx.org/course/people-management-3','Learn to be a better manager by developing leadership and communication skills designed to turn first-time managers into great team leaders. <p></p><p> This course targets first time/relatively new managers of people.</p>','','','',3,NULL,'',0,0,NULL,NULL,0,2,NULL,'fab197ca-eaa7-4418-960d-d8e8cf40231a','2020-05-09 19:59:18','fab197ca-eaa7-4418-960d-d8e8cf40231a','2020-11-16 19:14:52','fab197ca-eaa7-4418-960d-d8e8cf40231a',4,'Under 10 mins','archived'),(148,'Coaching Approach to Conversations','https://gww.gov.bc.ca/groups/learning-bc-public-service/coaching-approach-conversations','This Learning Centre course will help take supervisory skills to a whole new level while learning how to maximize the performance of others. The course explores the fundamentals of the coaching approach to conversations in a supervisory role. Conversations using the coaching approach can leverage the belief in potential and possibility and achieve unexpected results. This will help to bring out the best in staff. <p></p><p> Classroom, 1-day.</p><p></p><p> <b><i>Note: Given ongoing concerns regarding COVID-19 and advice/efforts to promote social distancing, the Learning Centre is postponing its face-to-face courses for the foreseeable future.</i></b></p>','n/a','Keep this one - delete the other item record for Coaching Approach','',2,NULL,'',0,0,NULL,NULL,0,2,NULL,'fab197ca-eaa7-4418-960d-d8e8cf40231a','2020-05-09 19:59:18','fab197ca-eaa7-4418-960d-d8e8cf40231a','2021-08-09 17:51:19','fab197ca-eaa7-4418-960d-d8e8cf40231a',4,'1 day or less',NULL),(149,'Mentoring 101 Videos','https://bcpsagency.lifespeak.com/learn?&share=true#/VolumeDetails/mentoring-101/introduction-to-mentoring','This series of videos discusses the elements of mentoring, including an introduction to the topic, how to find a mentor, mentee tips, mentor tips, types of mentors, and FAQ.<p></p><p> 6 videos - approximately 6:00 minutes each</p>','n/a','','',2,NULL,'',0,0,NULL,NULL,0,2,NULL,'fab197ca-eaa7-4418-960d-d8e8cf40231a','2020-05-09 19:59:18','fab197ca-eaa7-4418-960d-d8e8cf40231a','2021-06-03 17:35:10','fab197ca-eaa7-4418-960d-d8e8cf40231a',1,'1 hr or less',NULL),(150,'Effective Leadership&#8212Enhancing Performance','https://bcpsagency.lifespeak.com/learn?&share=true#/VolumeDetails/effective-leadership---enhancing-performance/understanding-motivation-and-performance','Strategies for motivating employees as well as leadership behaviours that will help you enhance the performance of your team. <p></p><p> 6 videos - approximately 6:00 minutes each</p>','','','',2,NULL,'',0,0,NULL,NULL,0,1,NULL,'fab197ca-eaa7-4418-960d-d8e8cf40231a','2020-05-09 19:59:18','fab197ca-eaa7-4418-960d-d8e8cf40231a','2020-09-30 17:01:03','fab197ca-eaa7-4418-960d-d8e8cf40231a',1,'1 hr or less',NULL),(151,'Fierce Leadership: A Bold Alternative to the Worst \"Best\" Practices of Business Today by Susan Scott','https://fierceinc.com/fierce-leadership/','Recommended by Marcela Rojas, this book takes a few common leadership \"best practices\" and turns them on their head with a strength-based framework. For example, instead of holding employees accountable, she advocates \"modelling accountability and holding people able.\"','','','ISBN-13 : 978-0385529044',2,NULL,'',0,0,NULL,NULL,0,0,NULL,'fab197ca-eaa7-4418-960d-d8e8cf40231a','2020-05-09 19:59:18','fab197ca-eaa7-4418-960d-d8e8cf40231a','2020-11-16 18:42:53','fab197ca-eaa7-4418-960d-d8e8cf40231a',2,'Under 10 mins','fierce_by_scott'),(152,'The New 21st Century Leaders - Harvard Business Review','https://hbr.org/2010/04/the-new-21st-century-leaders-1.html','<p>Note: the Harvard Business Review offers two articles for free each month for guest users. If you register your email with the site, it will offer 4 free articles per month. If you have already reached your maximum of free articles this month, you can bookmark this resource to come back to later when your free articles renew next month!</p><p>Short article about how the hierarchical model of leadership is passé. While the orientation is private sector, the heart of the message relates well: \"The leaders most difficult task is to align people around the organizations mission and shared values, which is far more challenging than making short-term numbers.\" <p></p><p> A quick and interesting read about current day leadership.</p></p>','','','',2,NULL,'',0,0,NULL,NULL,0,0,NULL,'fab197ca-eaa7-4418-960d-d8e8cf40231a','2020-05-09 19:59:18','fab197ca-eaa7-4418-960d-d8e8cf40231a','2020-10-01 17:15:44','fab197ca-eaa7-4418-960d-d8e8cf40231a',2,'10 mins or less',NULL),(153,'LEAD Workbook: Developing Others','https://gww.nrs.gov.bc.ca/csnr/files/csnr/media/strategic_human_resources/developingothers_final.pdf','Developing Others involves a genuine intent to foster the long-term learning or development of others through coaching, managing performance and mentoring rather than through formal training. This Workbook provides guidance on the approach, from reflection questions to ask yourself to steps to take with your direct reports.','','','',2,NULL,'',0,0,NULL,NULL,0,1,NULL,'fab197ca-eaa7-4418-960d-d8e8cf40231a','2020-05-09 19:59:18','fab197ca-eaa7-4418-960d-d8e8cf40231a','2021-08-05 02:23:58','fab197ca-eaa7-4418-960d-d8e8cf40231a',4,'>1 day',NULL),(154,'MyPerformance Guide to Building Workplace Trust','https://www2.gov.bc.ca/assets/gov/careers/all-employees/career-development/myperformance/myperformance-building-trust.pdf','Workplace Trust is a building block to relationships between supervisors and employees. When an employee and supervisor trust each other, they brainstorm and collaborate together, they bring forward their different perspectives, they talk about challenges as well as possible solutions, and they ultimately have better experiences at work and better results.','','','',2,NULL,'',0,0,NULL,NULL,0,4,NULL,'fab197ca-eaa7-4418-960d-d8e8cf40231a','2020-05-09 19:59:18','fab197ca-eaa7-4418-960d-d8e8cf40231a','2020-09-09 20:08:37','fab197ca-eaa7-4418-960d-d8e8cf40231a',2,'1 hr or less',NULL),(155,'MyPerformance Guide to Goal Setting','https://www2.gov.bc.ca/assets/gov/careers/all-employees/career-development/myperformance/myperformance_goal.pdf','Learn how to create performance and learning goals that are SMART&#8212specific, measurable, attainable, relevant and time-bound&#8212and HARD&#8212heartfelt, animated, required and difficult. This guide is for both employees and supervisors.','','','',2,NULL,'',0,0,NULL,NULL,0,0,NULL,'fab197ca-eaa7-4418-960d-d8e8cf40231a','2020-05-09 19:59:18','fab197ca-eaa7-4418-960d-d8e8cf40231a','2020-06-11 22:52:33','fab197ca-eaa7-4418-960d-d8e8cf40231a',2,'1 hr or less',NULL),(156,'Supervisor Series Videos','https://gww.gov.bc.ca/series/supervisor','Whether youre aspiring to become a supervisor or youve been one for years, the Supervisor Series is the go-to resource for you! From empowerment to mentoring, and from managing flexible workplaces to handling stress on the job, youll learn best practices and get great advice from supervisors around the province.<p><p>20 videos (approx 6 minutes each)','n/a','Needs to be linked to new location for these videos. (And probably choose the best of the 6 to link.)','',2,NULL,'',0,0,NULL,NULL,0,2,NULL,'fab197ca-eaa7-4418-960d-d8e8cf40231a','2020-05-09 19:59:18','fab197ca-eaa7-4418-960d-d8e8cf40231a','2020-07-13 04:21:55','fab197ca-eaa7-4418-960d-d8e8cf40231a',1,'1/2 day or less',NULL),(157,'We Rise by Lifting Each Other - Blog post by Toila McIntyre, Lead of House of Indigenous Learning','https://gww.gov.bc.ca/groups/leadership-community-practice/blogs/2020/0302/we-rise-lifting-each-other','Toila McIntyre, Lead of House of Indigenous Learning, shares Indigenous perspectives on leadership. These reflections speak to this steps objective of learning to gather perspectives other than your own, but they also are rich in wisdom for Step 6, fostering collaboration, and Step 8: building a culture of trust.','','','',2,NULL,'',0,0,NULL,NULL,0,0,NULL,'fab197ca-eaa7-4418-960d-d8e8cf40231a','2020-05-09 19:59:18','fab197ca-eaa7-4418-960d-d8e8cf40231a','2021-08-10 02:48:40','fab197ca-eaa7-4418-960d-d8e8cf40231a',2,'10 mins or less',NULL),(158,'What the Best Mentors Do','https://hbr.org/2017/02/what-the-best-mentors-do','The most admired leaders have a people-centric focus and inspire others to feel like fuller versions of themselves. This article discusses findings from a three-year study on how leaders can better judge and develop their talent in light of a changing and more purpose-driven work environment.','','','',2,NULL,'',0,0,NULL,NULL,0,0,NULL,'fab197ca-eaa7-4418-960d-d8e8cf40231a','2020-05-09 19:59:18','fab197ca-eaa7-4418-960d-d8e8cf40231a','2021-08-10 02:48:37','fab197ca-eaa7-4418-960d-d8e8cf40231a',2,'10 mins or less',NULL),(159,'Why employee recognition is so important &#8212and how you can start doing it','https://cuttingedgepr.com/free-articles/employee-recognition-important/','To be an effective leader in your job, you need to understand the importance of praising others for their good work, to apply the principles of employee recognition yourself and to encourage others to initiate it in their working relationships. This article explains the importance of recognition and some ideas to get started.','','','',2,NULL,'',0,0,NULL,NULL,0,0,NULL,'fab197ca-eaa7-4418-960d-d8e8cf40231a','2020-05-09 19:59:18','fab197ca-eaa7-4418-960d-d8e8cf40231a','2021-08-06 22:53:28','fab197ca-eaa7-4418-960d-d8e8cf40231a',2,'10 mins or less',NULL),(160,'If You Aspire to Be a Great Leader, Be Present','https://hbr.org/2017/12/if-you-aspire-to-be-a-great-leader-be-present','This Harvard Business Review article shares the story of a CEO who greatly improved his interactions with his staff in less time by applying a mindfulness practice to his daily routine. The article also provides the best practices of other successful CEOs that may help leaders in their quest to be more present in their daily life.','','',NULL,2,NULL,'',0,0,NULL,NULL,0,0,NULL,'fab197ca-eaa7-4418-960d-d8e8cf40231a','2020-05-09 19:59:18','fab197ca-eaa7-4418-960d-d8e8cf40231a','2021-08-10 02:48:29','fab197ca-eaa7-4418-960d-d8e8cf40231a',2,'10 mins or less',NULL),(161,'The Best Leaders Are Great Teachers','https://hbr.org/2018/01/the-best-leaders-are-great-teachers','Great leaders understand that even a small amount of high-quality, one-on-one teaching can produce great results. This Harvard Business Review article discusses findings from a ten-year study about what sets world-class leaders apart from typical leaders.','','','',2,NULL,'',0,0,NULL,NULL,0,0,NULL,'fab197ca-eaa7-4418-960d-d8e8cf40231a','2020-05-09 19:59:19','fab197ca-eaa7-4418-960d-d8e8cf40231a','2020-06-11 22:55:14','fab197ca-eaa7-4418-960d-d8e8cf40231a',2,'10 mins or less',NULL),(162,'5 Reasons Why Emotional Intelligence is Critical for Leaders','https://leadchangegroup.com/5-reasons-why-emotional-intelligence-is-critical-for-leaders/','Having a high level of emotional intelligence will enhance leadership skills, such as the ability to manage relationships, navigate social networks, influence change and inspire others.','','',NULL,2,NULL,'',0,0,NULL,NULL,0,0,NULL,'fab197ca-eaa7-4418-960d-d8e8cf40231a','2020-05-09 19:59:19','fab197ca-eaa7-4418-960d-d8e8cf40231a','2020-05-09 19:59:19','fab197ca-eaa7-4418-960d-d8e8cf40231a',2,'10 mins or less',NULL),(163,'The Second Principle&#8212Presence Is More Powerful Than Position','https://gww.bcpublicservice.gov.bc.ca/learning/supervisory/resources/participant_manuals/se__participant_manual.pdf','See page 70 in the Participant Manual for the Learning Centres course, Supervisor Essentials. <p><p>This reading comes from the book <i>The Authentic Leader</i>, Chapter 2. It focuses on the difference between leading and managing. <p><p> The Authentic Leader: Reproduced with permission of DC Press. The Authentic Leader. David Irvine and Jim Reger. (ISBN 978-1-0932021-19-6, 2005), p.61-81.','','','',2,NULL,'',0,0,NULL,NULL,0,0,NULL,'fab197ca-eaa7-4418-960d-d8e8cf40231a','2020-05-09 19:59:19','fab197ca-eaa7-4418-960d-d8e8cf40231a','2020-06-11 23:00:34','fab197ca-eaa7-4418-960d-d8e8cf40231a',2,'10 mins or less',NULL),(164,'Quiet Leadership by David Rock','https://davidrock.net/portfolio-items/quiet-leadership/','Improving the performance of your employees involves one of the hardest challenges in the known universe: changing the way they think. In constant demand as a coach, speaker, and consultant to companies around the world, David Rock has proven that the secret to leading people (and living and working with them) is found in the space between their ears.','','','ISBN-13 : 978-0060835910',2,NULL,'',0,0,NULL,NULL,0,1,NULL,'fab197ca-eaa7-4418-960d-d8e8cf40231a','2020-05-09 19:59:19','fab197ca-eaa7-4418-960d-d8e8cf40231a','2020-11-16 18:45:10','fab197ca-eaa7-4418-960d-d8e8cf40231a',2,'Variable','quiet_lead'),(165,'Supervising in the BC Public Service (for included employees)','https://learning.gov.bc.ca/psc/CHIPSPLM/EMPLOYEE/ELM/c/LM_OD_EMPLOYEE_FL.LM_CRS_DTL_FL.GBL?Page=LM_CRS_DTL_FL&Action=U&ForceSearch=Y&LM_CI_ID=18385&TargetFrameName=None','For current supervisors and aspiring supervisors. A four-month certificate program that includes online meetings once every 2 weeks, pre-work prior to each online meetings, one 2-day face-to-face session.<p><p><p><p> <b><i>Given ongoing concerns regarding COVID-19 and advice/efforts to promote social distancing, the Learning Centre is postponing its face-to-face courses for the foreseeable future.</i></b>','','','',2,NULL,'',0,0,NULL,NULL,0,0,NULL,'fab197ca-eaa7-4418-960d-d8e8cf40231a','2020-05-09 19:59:19','fab197ca-eaa7-4418-960d-d8e8cf40231a','2020-07-20 20:40:17','fab197ca-eaa7-4418-960d-d8e8cf40231a',4,'>1 day',NULL),(166,'Building engagement and motivation in your team','https://bcpsagency.lifespeak.com/learn?&share=true#/VolumeDetails/making-things-happen--engagement-and-motivation/creating-meaning-in-work-to-motivate-self-and-others','How to engage and motivate team members, including how to create meaning to motivate and the importance of rapport. <p><p> 6 videos - approximately 6:00 minutes each','','','',2,NULL,'',0,0,NULL,NULL,0,0,NULL,'fab197ca-eaa7-4418-960d-d8e8cf40231a','2020-05-09 19:59:19','fab197ca-eaa7-4418-960d-d8e8cf40231a','2020-06-11 23:02:31','fab197ca-eaa7-4418-960d-d8e8cf40231a',1,'1 hr or less',NULL),(167,'Supportive Performance Management','https://www.workplacestrategiesformentalhealth.com/managing-workplace-issues/supportive-performance-management','This article talks about how to communicate respectfully when employees are struggling. Some workplaces have adopted performance management processes that focus primarily on intervening only when an employee is not performing at their best or as expected. Effectively supporting good performance is an important management skill and the suggestions in this article can be applied whether or not an employee has a mental health issue.','','','',2,NULL,'',0,0,NULL,NULL,0,1,NULL,'fab197ca-eaa7-4418-960d-d8e8cf40231a','2020-05-09 19:59:19','fab197ca-eaa7-4418-960d-d8e8cf40231a','2020-09-01 00:29:30','fab197ca-eaa7-4418-960d-d8e8cf40231a',2,'1 hr or less',NULL),(168,'How To Have Performance Improvement Conversations That Get Results','https://www.forbes.com/sites/forbescoachescouncil/2018/07/11/how-to-have-performance-improvement-conversations-that-get-results/#3a5718357985','Providing corrective feedback is a fundamental part of how leaders deliver value to their organizations&#8212it allows struggling employees to improve, saves recruiting and training costs, minimizes work disruption, preserves company morale and protects the business. The good news is that constructive feedback conversations dont need to be excruciating. This article covers a seven-step framework to have conversations that actually improve performance, and that set both the employee and the organization up for success.','','','',2,NULL,'',0,0,NULL,NULL,0,0,NULL,'fab197ca-eaa7-4418-960d-d8e8cf40231a','2020-05-09 19:59:19','fab197ca-eaa7-4418-960d-d8e8cf40231a','2020-06-11 23:03:24','fab197ca-eaa7-4418-960d-d8e8cf40231a',2,'10 mins or less',NULL),(169,'MyPerformance Guide to Motivation in the Workplace','https://www2.gov.bc.ca/assets/gov/careers/all-employees/career-development/myperformance/myperformance-motivation.pdf','Motivation is one of the most important keys to success. This guide supports leaders and employees in understanding and harnessing the driving force behind enhanced results and achievements. The guide will help to propel you and others to success, through practical and easy tips and exercises that will guide your explorations and conversations.','','','',2,NULL,'',0,0,NULL,NULL,0,0,NULL,'fab197ca-eaa7-4418-960d-d8e8cf40231a','2020-05-09 19:59:19','fab197ca-eaa7-4418-960d-d8e8cf40231a','2020-06-11 23:03:53','fab197ca-eaa7-4418-960d-d8e8cf40231a',2,'1 hr or less',NULL),(170,'No Ego: How Leaders Can Cut the Cost of Workplace Drama, End Entitlement, and Drive Big Results','https://www.realitybasedleadership.com/no-ego-book/','Stop worrying about your employees happiness, and start worrying about their accountability. Cy Wakeman teaches you how to hire \"emotionally inexpensive\" people, solicit only the opinions you need, and promote self-awareness in your whole team. No Ego disposes with unproven HR maxims, and instead offers a complete plan to turn your office from a den of discontent to a happy, productive place. Also relevant to Step 8: Creating a culture of trust, innovation and inclusion.','','','ISBN: 9781250144065',2,NULL,'',0,0,NULL,NULL,0,0,NULL,'fab197ca-eaa7-4418-960d-d8e8cf40231a','2020-05-09 19:59:19','fab197ca-eaa7-4418-960d-d8e8cf40231a','2020-11-16 18:49:33','fab197ca-eaa7-4418-960d-d8e8cf40231a',2,'Variable','no_ego'),(171,'MyPerformance Guide to Performance Conversations','https://www2.gov.bc.ca/assets/gov/careers/all-employees/career-development/myperformance/myperformance_conversations.pdf','Research shows that trusted feedback between supervisors and employees has a great impact on employee engagement, motivation and results. For both employees and supervisors, this guide, provides best practices for having meaningful conversations about performance and development.','','',NULL,2,NULL,'',0,0,NULL,NULL,0,0,NULL,'fab197ca-eaa7-4418-960d-d8e8cf40231a','2020-05-09 19:59:19','fab197ca-eaa7-4418-960d-d8e8cf40231a','2020-05-09 19:59:19','fab197ca-eaa7-4418-960d-d8e8cf40231a',2,'1 hr or less',NULL),(172,'Steve Trautman Co. 3-Step Knowledge Transfer Solution with Knowledge Silo Matrix Demo','https://www.youtube.com/watch?v=knN-ZzVAmMY','Short video with a demonstration of how this simple spreadsheet matrix can help you analyze and plan for knowledge transfer in your organization.','','','',2,NULL,'',0,0,NULL,NULL,0,3,NULL,'fab197ca-eaa7-4418-960d-d8e8cf40231a','2020-05-09 19:59:19','fab197ca-eaa7-4418-960d-d8e8cf40231a','2021-08-06 23:25:37','fab197ca-eaa7-4418-960d-d8e8cf40231a',1,'10 mins or less',NULL),(173,'Managing in the BC Public Service (for Excluded employees)','https://learning.gov.bc.ca/psc/CHIPSPLM/EMPLOYEE/ELM/c/LM_OD_EMPLOYEE_FL.LM_FND_LRN_FL.GBL?Page=LM_FND_LRN_RSLT_FL&Action=U&KWRD=MBCPS%2520Managing','In this program, which includes a 2 day face-to-face learning event, excluded managers learn from senior leaders, refresh their knowledge and experience, and together, build management capabilities for the future.<p><p><b><i>NOTE: MBCPS 2.0 has been converted to a blended offering, with scheduled/synchronous virtual sessions, scheduled ‘mini-byte elements and complimented with an online hub. Registration is required, and time commitments can vary, but learners are required to work through the online mini-bytes and attend the scheduled virtual/synchronous sessions, in order to complete the program.<p><p>Visit the <a href=\"https://gww.gov.bc.ca/groups/mbcps-hub\" target=\"_blank\">MBCPS page on @Work</a> for more information.</b></i> ','','','',2,NULL,'',0,0,NULL,NULL,0,1,NULL,'fab197ca-eaa7-4418-960d-d8e8cf40231a','2020-05-09 19:59:19','fab197ca-eaa7-4418-960d-d8e8cf40231a','2020-07-20 20:53:41','fab197ca-eaa7-4418-960d-d8e8cf40231a',4,'>1 day',NULL),(174,'MyPerformance Guide to Maximizing Results','https://www2.gov.bc.ca/assets/gov/careers/managers-supervisors/coaching-myperformance-conversations/myperformance_maximizing_results.pdf','This guide helps supervisors link employee performance to organizational performance, and allows employees to connect the work they do to overall business goals. Identify high potential and performance to align with critical work and learn from success.','','',NULL,2,NULL,'',0,0,NULL,NULL,0,0,NULL,'fab197ca-eaa7-4418-960d-d8e8cf40231a','2020-05-09 19:59:19','fab197ca-eaa7-4418-960d-d8e8cf40231a','2020-05-09 19:59:19','fab197ca-eaa7-4418-960d-d8e8cf40231a',2,'1 hr or less',NULL),(175,'The Leader as Coach','https://bcpsagency.lifespeak.com/learn?&share=true#/VolumeDetails/the-leader-as-coach/what-is-coaching','Strategies and tools to teach leaders the important skill of coaching employees at work.<p><p> 6 videos - approximately 6:00 minutes each','','','',2,NULL,'',0,0,NULL,NULL,0,1,NULL,'fab197ca-eaa7-4418-960d-d8e8cf40231a','2020-05-09 19:59:19','fab197ca-eaa7-4418-960d-d8e8cf40231a','2020-06-11 23:04:42','fab197ca-eaa7-4418-960d-d8e8cf40231a',1,'1 hr or less',NULL),(176,'Building a High Performance Team','https://bcpsagency.lifespeak.com/learn?&share=true#/VolumeDetails/building-a-high-performance-team/introduction---team-vs--groups','How to build a team of co-workers that is cohesive, efficient and focused on a common goal.<p><p>6 videos - approximately 6:00 minutes each','','','',2,NULL,'',0,0,NULL,NULL,0,1,NULL,'fab197ca-eaa7-4418-960d-d8e8cf40231a','2020-05-09 19:59:19','fab197ca-eaa7-4418-960d-d8e8cf40231a','2020-06-11 23:04:55','fab197ca-eaa7-4418-960d-d8e8cf40231a',1,'1 hr or less',NULL),(177,'Leading and Managing on the Ground','Ui-1lR1Sv5E','A video that discusses leading teams in challenging times.','','','',2,NULL,'',0,0,NULL,NULL,0,0,NULL,'fab197ca-eaa7-4418-960d-d8e8cf40231a','2020-05-09 19:59:19','fab197ca-eaa7-4418-960d-d8e8cf40231a','2020-05-26 19:39:31','fab197ca-eaa7-4418-960d-d8e8cf40231a',1,'1/2 day or less',NULL),(178,'Leading Teams in Challenging Times','https://gww.health.gov.bc.ca/sites/gwwprox-prod.health.gov.bc.ca/files/imce/media-files/leading_teams_in_challenging_times_c_krause_dec_2019.pdf','This presentation on Leading Teams in Challenging Times was originally given for the Ministry of Health.&nbsp;','','','',2,NULL,'',0,0,NULL,NULL,0,0,NULL,'fab197ca-eaa7-4418-960d-d8e8cf40231a','2020-05-09 19:59:19','fab197ca-eaa7-4418-960d-d8e8cf40231a','2020-09-30 19:47:08','fab197ca-eaa7-4418-960d-d8e8cf40231a',2,'1/2 day or less',NULL),(179,'MyPerformance Guide to Assessing Employee Performance','https://www2.gov.bc.ca/assets/gov/careers/managers-supervisors/coaching-myperformance-conversations/myperformance_assessing_employee_performance.pdf','This guide gives simple, practical tips and tools for measuring employee performance. It explains how to apply the BC Public Service Values and key competencies, use the Descriptive Rating Scale, determine what work your employee is accomplishing and how, give and receive feedback, and handle difficult conversations about performance. (You need to evaluate before you know how to develop an employee, so this resource is foundational for this step)','','','',2,NULL,'',0,0,NULL,NULL,0,1,NULL,'fab197ca-eaa7-4418-960d-d8e8cf40231a','2020-05-09 19:59:19','fab197ca-eaa7-4418-960d-d8e8cf40231a','2020-09-30 18:03:45','fab197ca-eaa7-4418-960d-d8e8cf40231a',2,'1 hr or less',NULL),(180,'Making Sense of Adult Learning by Dorothy Mackeracker','https://www.worldcat.org/title/making-sense-of-adult-learning/oclc/635458113','Recommended by Juliet Pendray from the Learning Centre Library, this resource is great background when designing learning experiences for your employees. If youre working with someone you supervise to design a stretch project or TA, the information in this book will help you both to create the kind of experience that will engage and lead to growth.','','','ISBN-13 : 978-0802037787',2,NULL,'',0,0,NULL,NULL,0,1,NULL,'fab197ca-eaa7-4418-960d-d8e8cf40231a','2020-05-09 19:59:19','fab197ca-eaa7-4418-960d-d8e8cf40231a','2020-11-16 18:52:51','fab197ca-eaa7-4418-960d-d8e8cf40231a',2,'Variable','adult_learning'),(181,'Apolitical Digital 101 Video: Trust, diversity and culture: how to create an effective government workplace','https://apolitical.co/en/solution_article/servant-leadership-how-to-build-a-workplace-thats-ready-to-serve','This video provides an overview of Servant Leadership, and why it has the power to make transformation stick. Servant leadership is all about focusing on the needs of people, not the organization, first. Servant leaders clear a path and empower their staff, placing the needs of the team ahead of their own desires. Taking the stance that \"leadership is action, not position\" - Donald McGannon','n/a','',NULL,2,NULL,'',0,0,NULL,NULL,0,1,NULL,'fab197ca-eaa7-4418-960d-d8e8cf40231a','2020-05-09 19:59:19','fab197ca-eaa7-4418-960d-d8e8cf40231a','2021-05-31 00:00:06','fab197ca-eaa7-4418-960d-d8e8cf40231a',1,'10 mins or less',NULL),(182,'Why Good Leaders Make you Feel Safe','https://www.youtube.com/watch?v=lmyZMtPVodo','What makes a great leader? Management theorist Simon Sinek suggests its someone who makes their employees feel secure, who draws staffers into a circle of trust. But creating trust and safety&#8212especially in an uneven economy&#8212means taking on big responsibility.','','','',2,NULL,'',0,0,NULL,NULL,0,0,NULL,'fab197ca-eaa7-4418-960d-d8e8cf40231a','2020-05-09 19:59:19','fab197ca-eaa7-4418-960d-d8e8cf40231a','2020-09-30 16:39:46','fab197ca-eaa7-4418-960d-d8e8cf40231a',1,'1 hr or less',NULL),(183,'Supervisor Essentials','https://learning.gov.bc.ca/psc/CHIPSPLM/EMPLOYEE/ELM/c/LM_OD_EMPLOYEE_FL.LM_CRS_DTL_FL.GBL?Page=LM_CRS_DTL_FL&Action=U&ForceSearch=Y&LM_CI_ID=1110&TargetFrameName=None','This 2-day Learning Centre course, which is restricted to current supervisors and managers, provides new and experienced supervisors with a common understanding of their role as supervisory leaders in the BC Public Service.<p><p><b><i>Given ongoing concerns regarding COVID-19 and advice/efforts to promote social distancing, the Learning Centre is postponing its face-to-face courses for the foreseeable future.</i></b>','','','',2,NULL,'',0,0,NULL,NULL,0,3,NULL,'fab197ca-eaa7-4418-960d-d8e8cf40231a','2020-05-09 19:59:19','fab197ca-eaa7-4418-960d-d8e8cf40231a','2021-05-31 00:00:15','fab197ca-eaa7-4418-960d-d8e8cf40231a',4,'>1 day',NULL),(184,'Fierce Conversations (Supervisors)','https://learning.gov.bc.ca/psc/CHIPSPLM/EMPLOYEE/ELM/c/LM_OD_EMPLOYEE_FL.LM_CRS_DTL_FL.GBL?Page=LM_CRS_DTL_FL&Action=U&ForceSearch=Y&LM_CI_ID=17893&TargetFrameName=None','<p>As a leader of projects, programs or people, your central function is to ensure conversations drive results, inspire innovation, and support necessary change. Join this offering for Supervisors and learn what it means to be fierce—to be authentic, present and real in day-to-day conversations.<p></p><p><b><i>Given ongoing concerns regarding COVID-19 and advice/efforts to promote social distancing, the Learning Centre is postponing its face-to-face courses for the foreseeable future.</i></b></p></p>','','','',2,NULL,'',0,0,NULL,NULL,0,0,NULL,'fab197ca-eaa7-4418-960d-d8e8cf40231a','2020-05-09 19:59:19','fab197ca-eaa7-4418-960d-d8e8cf40231a','2020-09-30 16:44:56','fab197ca-eaa7-4418-960d-d8e8cf40231a',4,'1 day or less',NULL),(185,'The Tipping Point by Malcolm Gladwell','https://www.gladwellbooks.com/titles/malcolm-gladwell/the-tipping-point/9780316316965/','If you want to bring a fundamental change in peoples beliefs and behaviour, you need to create a community around them, where those new beliefs can be practiced and expressed and nurtured. - Malcolm Gladwell. This title is recommended by the Learning Centres Marcela Rojas.','','','ISBN-13 : 978-0316346627',2,NULL,'',0,0,NULL,NULL,0,0,NULL,'fab197ca-eaa7-4418-960d-d8e8cf40231a','2020-05-09 19:59:19','fab197ca-eaa7-4418-960d-d8e8cf40231a','2020-11-16 18:54:30','fab197ca-eaa7-4418-960d-d8e8cf40231a',2,'Variable','tippingpt'),(186,'MyPerformance Guide to Employee Recognition','https://www2.gov.bc.ca/assets/gov/careers/managers-supervisors/coaching-myperformance-conversations/myperformance_employee_recognition.pdf','People who feel appreciated are more productive and innovative; the most effective supervisors know that employee recognition is a powerful form of communication. This guide outlines day-to-day, informal and formal types of recognition, from saying thank-you, to celebrating, to encouraging peer-to-peer recognition.','','','',2,NULL,'',0,0,NULL,NULL,0,0,NULL,'fab197ca-eaa7-4418-960d-d8e8cf40231a','2020-05-09 19:59:19','fab197ca-eaa7-4418-960d-d8e8cf40231a','2020-09-30 16:46:04','fab197ca-eaa7-4418-960d-d8e8cf40231a',2,'10 mins or less',NULL),(187,'National Managers Community - 10 easy ideas to appreciate and celebrate teams','https://www.managers-gestionnaires.gc.ca/sites/default/files/publication_nmc_10_ways_to_appreciate_staff/10_ways_to_celebrate_teams.pdf','A two-page infographic showing 10 easy ways to appreciate and celebrate teams.','','','',2,NULL,'',0,0,NULL,NULL,0,0,NULL,'fab197ca-eaa7-4418-960d-d8e8cf40231a','2020-05-09 19:59:19','fab197ca-eaa7-4418-960d-d8e8cf40231a','2020-09-30 19:49:54','fab197ca-eaa7-4418-960d-d8e8cf40231a',2,'10 mins or less',NULL),(188,'Building a Respectful Workplace','https://learning.gov.bc.ca/psc/CHIPSPLM/EMPLOYEE/ELM/c/LM_OD_EMPLOYEE_FL.LM_CRS_DTL_FL.GBL?Page=LM_CRS_DTL_FL&Action=U&ForceSearch=Y&LM_CI_ID=1061&TargetFrameName=None&','This one-day face-to-face course, intended for all staff, brings supervisors and staff together to discuss how to co-create respectful workplaces.<p><p><b><i>Given ongoing concerns regarding COVID-19 and advice/efforts to promote social distancing, the Learning Centre is postponing its face-to-face courses for the foreseeable future.</i></b>','','','',2,NULL,'',0,0,NULL,NULL,0,0,NULL,'fab197ca-eaa7-4418-960d-d8e8cf40231a','2020-05-09 19:59:19','fab197ca-eaa7-4418-960d-d8e8cf40231a','2020-07-20 20:56:53','fab197ca-eaa7-4418-960d-d8e8cf40231a',4,'1 day or less',NULL),(189,'Inclusion Starts With I','https://www.youtube.com/watch?v=2g88Ju6nkcg','This is a powerful short video that discusses the importance of a positive, inclusive work environment.','','','',2,NULL,'',0,0,NULL,NULL,0,0,NULL,'fab197ca-eaa7-4418-960d-d8e8cf40231a','2020-05-09 19:59:19','fab197ca-eaa7-4418-960d-d8e8cf40231a','2021-07-15 16:01:14','fab197ca-eaa7-4418-960d-d8e8cf40231a',1,'Under 5 mins',NULL),(190,'Managing Multicultural Teams','https://hbr.org/video/5465904616001/the-explainer-managing-multicultural-teams','This short video from the Harvard Business Review discusses four main strategies for Managing Multicultural Teams.','','','',2,NULL,'',0,0,NULL,NULL,0,0,NULL,'fab197ca-eaa7-4418-960d-d8e8cf40231a','2020-05-09 19:59:19','fab197ca-eaa7-4418-960d-d8e8cf40231a','2020-09-30 16:39:12','fab197ca-eaa7-4418-960d-d8e8cf40231a',1,'10 mins or less',NULL),(191,'MBCPS Blended: Mini-Byte 4: Managing Teams... Virtually','https://gww.bcpublicservice.gov.bc.ca/learning/mps/byte4/','Read an overview of what it means to manage a virtual team, as well as a performance coachs story on virtual team management. <p><p> You can also download and print a virtual team oath to share with your distributed team.<p><p> This blended course offering requires that you sign up through the Learning System and launch the mini-byte once enrolled.','','','',2,NULL,'',0,0,NULL,NULL,0,1,NULL,'fab197ca-eaa7-4418-960d-d8e8cf40231a','2020-05-09 19:59:19','fab197ca-eaa7-4418-960d-d8e8cf40231a','2020-07-14 21:46:29','fab197ca-eaa7-4418-960d-d8e8cf40231a',2,'1 hr or less',NULL),(192,'Facilitating in a Virtual Environment (FIVE) Group on @Work','https://gww.gov.bc.ca/groups/five','Learn tips, tricks and tools to help you conduct virtual meetings effectively.','','','',2,NULL,'',0,0,NULL,NULL,0,0,NULL,'fab197ca-eaa7-4418-960d-d8e8cf40231a','2020-05-09 19:59:19','fab197ca-eaa7-4418-960d-d8e8cf40231a','2020-09-30 19:50:30','fab197ca-eaa7-4418-960d-d8e8cf40231a',2,'1 day or less',NULL),(193,'Creating Health Habits - L@WW Video, What does health and well being mean to me?','https://www.youtube.com/watch?v=um_HYaya5ls','Hear from PSA DM Okenge Yuma Morisho, House of Indigenous Learning Lead Toila McIntyre and panelists who will share experience creating healthy habits.','','','',2,NULL,'',0,0,NULL,NULL,0,5,NULL,'fab197ca-eaa7-4418-960d-d8e8cf40231a','2020-05-11 01:26:12','fab197ca-eaa7-4418-960d-d8e8cf40231a','2021-08-10 03:51:18','fab197ca-eaa7-4418-960d-d8e8cf40231a',1,'1/2 day or less',NULL),(194,'Panel: \"Leading a Healthy Workplace Culture\"','https://www.youtube.com/watch?v=pMdLYfaXzEs','Watch this virtual panel session featuring leaders from across our organization and learn how they address health and well-being in the workplace.','','','',2,NULL,'',0,0,NULL,NULL,0,5,NULL,'fab197ca-eaa7-4418-960d-d8e8cf40231a','2020-05-11 01:26:12','fab197ca-eaa7-4418-960d-d8e8cf40231a','2021-08-13 19:34:06','fab197ca-eaa7-4418-960d-d8e8cf40231a',1,'Half day or less','panel-leading-a-healthy-workplace-culture'),(195,'LifeSpeak video series ','https://gww.gov.bc.ca/groups/health-where-you-work/lifespeak-video-library','This online video library, available through our health care provider, includes a wide variety of topics within health and wellbeing in the workplace. Accessible on @Work. A single topic consists of half a dozen videos, all under ten minutes each.<p> <p>To access the LifeSpeak Library videos, click \"group,\" type \"lifespeak\" for the password, and youre in. :)','','','',2,NULL,'',0,0,NULL,NULL,0,2,NULL,'fab197ca-eaa7-4418-960d-d8e8cf40231a','2020-05-11 01:26:12','fab197ca-eaa7-4418-960d-d8e8cf40231a','2020-06-15 21:05:46','fab197ca-eaa7-4418-960d-d8e8cf40231a',1,'1 hr or less',NULL),(196,'The Resilient Leader at ASCD.org','http://www.ascd.org/publications/educational-leadership/dec11/vol69/num04/The-Resilient-Leader.aspx','Great article on resilient leadership: the dos donts, and great questions to ask!','','',NULL,2,NULL,'',0,0,NULL,NULL,0,3,NULL,'fab197ca-eaa7-4418-960d-d8e8cf40231a','2020-05-11 01:26:12','fab197ca-eaa7-4418-960d-d8e8cf40231a','2021-08-12 19:38:59','fab197ca-eaa7-4418-960d-d8e8cf40231a',2,'10 mins or less',NULL),(197,'Building Resilience','https://www.linkedin.com/learning/building-resilience?trk=search-result_learning_card_title&upsellOrderOrigin=default_guest_learning','Have trouble getting by when the going gets tough? Everyone wants to perform well when the pressures on, but a lot of us withdraw in times of stress or adversity. If you can build your resilience, youll have an easier time facing new challenges and earn a valuable skill to offer employers. <p><p>Five training techniques to prepare for difficult situations, and five strategies for reflecting on them afterward. Find out where you are on the resilience scale, identify where you want to be, and learn strategies to close the gap.','','','',2,NULL,'',0,0,NULL,NULL,0,1,NULL,'fab197ca-eaa7-4418-960d-d8e8cf40231a','2020-05-11 01:26:12','fab197ca-eaa7-4418-960d-d8e8cf40231a','2021-08-11 02:45:51','fab197ca-eaa7-4418-960d-d8e8cf40231a',1,'1 hr or less',NULL),(198,'Emotional Agility by S. David','https://www.susandavid.com/new-index#about-the-book','Emotional agility is a four-step approach that allows us to navigate lifes twists and turns with self-acceptance, clear-sightedness, and an open mind. In her more than twenty years of research, Susan David has found that no matter how intelligent, resilient, or creative people are, when they ignore how situations or interactions make them feel, they miss opportunities to gain insight, getting hooked by thoughts, emotions, and habits that prevent them from reaching their full potential. Emotionally agile people experience the same stresses and setbacks as anyone else, but they know how to adapt, aligning their actions with their values and making small changes that lead to a life of growth.','','','ISBN-13 : 978-1592409495',2,NULL,'',0,0,NULL,NULL,0,5,NULL,'fab197ca-eaa7-4418-960d-d8e8cf40231a','2020-05-11 01:26:12','fab197ca-eaa7-4418-960d-d8e8cf40231a','2020-11-16 18:56:39','fab197ca-eaa7-4418-960d-d8e8cf40231a',2,'Variable','emo_agility'),(199,'EdX Course: Becoming a Successful Leader','https://www.edx.org/course/becoming-a-successful-leader-inclusive-leadershi-2','In this course, you will learn what successful 21st-century leaders look like and how you can adopt their inclusive leadership style. Using research and best practices, as well as stories from great leaders and everyday people, you will practice empowerment, accountability, courage, and humility—key leadership skills linked to inclusive, successful teams. <p></p><p> This online course seems appropriate for new/aspiring leaders that are looking to develop inclusive leadership skills. Also relevant for Step 8 (mentorship), Step 9 (presence), and Step 10 (personal philsophy).</p><p><b>NOTE: You can access the course resources and discussions via the \"audit\" option. For full participation with graded assignments, there is a fee for the \"verified track\" option.</b></p>','','','',2,NULL,'',0,0,NULL,NULL,0,2,NULL,'fab197ca-eaa7-4418-960d-d8e8cf40231a','2020-05-11 01:26:12','fab197ca-eaa7-4418-960d-d8e8cf40231a','2020-11-16 19:00:28','fab197ca-eaa7-4418-960d-d8e8cf40231a',4,'Variable','Edx2'),(200,'Future Skills Tracker: Whats Your Public Service Profile?','https://apolitical.co/solution_article/the-future-skills-tracker/','A quick and easy self-assessment you can use to work out what skills and competencies are strengths&#8212and which you should focus on for development to future-proof your career.<p> <p> Based on research into competency frameworks in different governments, this  self- assessment tool also links you to resources to explore for further development.','','','',2,NULL,'',0,0,NULL,NULL,0,4,NULL,'fab197ca-eaa7-4418-960d-d8e8cf40231a','2020-05-11 01:26:12','fab197ca-eaa7-4418-960d-d8e8cf40231a','2021-08-14 22:05:02','fab197ca-eaa7-4418-960d-d8e8cf40231a',4,'1 hr or less',NULL),(201,'How to be more self-aware: 5 powerful ways to increase self awareness.','https://www.youtube.com/watch?v=Q7gBf8WE3i8&feature=emb_logo','5 helpful and practical tips to increase your self-awareness.','','','',2,NULL,'',0,0,NULL,NULL,0,2,NULL,'fab197ca-eaa7-4418-960d-d8e8cf40231a','2020-05-11 01:26:12','fab197ca-eaa7-4418-960d-d8e8cf40231a','2020-09-01 18:07:25','fab197ca-eaa7-4418-960d-d8e8cf40231a',1,'10 mins or less',NULL),(202,'Leadership Exploration and Development FLNRORD - Self-Awareness','https://gww.nrs.gov.bc.ca/csnr/files/csnr/media/strategic_human_resources/self_awareness_final.pdf','Short article and tips on building self-awareness as a leader.','n/a','','',2,NULL,'',0,0,NULL,NULL,0,2,NULL,'fab197ca-eaa7-4418-960d-d8e8cf40231a','2020-05-11 01:26:12','fab197ca-eaa7-4418-960d-d8e8cf40231a','2021-06-04 19:07:15','fab197ca-eaa7-4418-960d-d8e8cf40231a',2,'10 mins or less',NULL),(203,'Forbes Article: 40 Questions to Ask a Mentor','https://www.forbes.com/sites/jomiller/2018/03/25/40-questions-to-ask-a-mentor/#10f73b99261b','Read this short article for questions to ask your mentor to keep the conversation going.  This article also speaks to self-awareness and skill development, so you may want to return to it at Steps 5 and 7.','','','',2,NULL,'',0,0,NULL,NULL,0,1,NULL,'fab197ca-eaa7-4418-960d-d8e8cf40231a','2020-05-11 01:26:12','fab197ca-eaa7-4418-960d-d8e8cf40231a','2021-06-04 19:07:18','fab197ca-eaa7-4418-960d-d8e8cf40231a',2,'1 hr or less',NULL),(204,'How to Avoid Unconscious Bias in Leadership from Mind Resources Institute','https://www.mindresourcesinstitute.com/avoid-unconscious-bias-leadership/','Short article introducing tips for leaders.','','',NULL,2,NULL,'',0,0,NULL,NULL,0,0,NULL,'fab197ca-eaa7-4418-960d-d8e8cf40231a','2020-05-11 01:26:12','fab197ca-eaa7-4418-960d-d8e8cf40231a','2020-05-11 01:26:12','fab197ca-eaa7-4418-960d-d8e8cf40231a',2,'10 mins or less',NULL),(205,'Howard Ross on Unconscious Bias','https://www.youtube.com/watch?time_continue=3&v=g5Go-4Q1RCs&feature=emb_logo','Learn how unconscious bias affects our decision making and what impact that has in your world as a leader','','','',2,NULL,'',0,0,NULL,NULL,0,0,NULL,'fab197ca-eaa7-4418-960d-d8e8cf40231a','2020-05-11 01:26:12','fab197ca-eaa7-4418-960d-d8e8cf40231a','2020-07-06 05:24:52','fab197ca-eaa7-4418-960d-d8e8cf40231a',1,'10 mins or less',NULL),(206,'Harvard Implicit Assumptions Test','https://www.glaxdiversitycouncil.com/resources/harvard-implicit-association-test-iat/','Here is a tool that allows each of us to discover hidden cognitive biases.  Most people are aware of their own overt biases, but it is very difficult for us to become aware of our covert biases.  This is a test that can be taken by each individual for their own benefit. <p> Please note by completing the assessment you are consenting to your personal information being stored in the US. (User test results are anonymized and added to data sets to contribute to on-going research.)','','',NULL,2,NULL,'',0,0,NULL,NULL,0,0,NULL,'fab197ca-eaa7-4418-960d-d8e8cf40231a','2020-05-11 01:26:12','fab197ca-eaa7-4418-960d-d8e8cf40231a','2021-08-12 17:23:46','fab197ca-eaa7-4418-960d-d8e8cf40231a',4,'10 mins or less',NULL),(207,'The nature of Bias','https://www.td.org/insights/the-nature-of-bias','This article provides a simple explanation of biases, in a non-threatening/nonjudgemental manner.','','',NULL,2,NULL,'',0,0,NULL,NULL,0,0,NULL,'fab197ca-eaa7-4418-960d-d8e8cf40231a','2020-05-11 01:26:12','fab197ca-eaa7-4418-960d-d8e8cf40231a','2021-06-04 19:07:39','fab197ca-eaa7-4418-960d-d8e8cf40231a',2,'10 mins or less',NULL),(208,'Combat Unconscious Bias With Curiosity and Empathy','https://www.td.org/insights/combat-unconscious-bias-with-curiosity-and-empathy','This article about ridding unconscious bias with curiosity and empathy is a quick read, with helpful examples and tips.','','',NULL,2,NULL,'',0,0,NULL,NULL,0,1,NULL,'fab197ca-eaa7-4418-960d-d8e8cf40231a','2020-05-11 01:26:12','fab197ca-eaa7-4418-960d-d8e8cf40231a','2020-07-06 23:44:45','fab197ca-eaa7-4418-960d-d8e8cf40231a',2,'10 mins or less',NULL),(209,'Whats your Leadership Identity? by Still Point Leadership','https://stillpointleadership.com/leadership-identity/','Clear and articulate article about exploring your own leadership identity.','','','',2,NULL,'',0,0,NULL,NULL,0,0,NULL,'fab197ca-eaa7-4418-960d-d8e8cf40231a','2020-05-11 01:26:12','fab197ca-eaa7-4418-960d-d8e8cf40231a','2021-06-04 19:07:38','fab197ca-eaa7-4418-960d-d8e8cf40231a',2,'10 mins or less',NULL),(210,'LEAD Route Cards from Leadership Exploration and Development FLNRORD ','https://gww.nrs.gov.bc.ca/csnr/strategic-hr/lead-route-cards',' LEAD Route Cards leverage the legacy work of the People Development Framework (PDF), launched in 2013. The Route Cards lead learners down a self-guided development path in various areas of focus. Using the <a href=\"https://www.ccl.org/articles/leading-effectively-articles/70-20-10-rule/\" target=\"_blank\">70-20-10 learning model</a>, learners at all levels in the organization can explore new ways of approaching development and set a course for themselves to achieve their goals.','','','',2,NULL,'',0,0,NULL,NULL,0,1,NULL,'fab197ca-eaa7-4418-960d-d8e8cf40231a','2020-05-11 01:26:12','fab197ca-eaa7-4418-960d-d8e8cf40231a','2020-07-06 23:29:21','fab197ca-eaa7-4418-960d-d8e8cf40231a',4,'>1 day',NULL),(211,'To Feed forward or Feedback? by Metasysteme Coaching','https://www.metasysteme-coaching.eu/english/to-feed-back-or-to-feed-forward/','Article about feed forward: What is it? How do I do it? \"Rather than providing positive or negative feedback, feed forward consists in providing future-oriented options or solutions.\"','n/a','','',2,NULL,'',0,0,NULL,NULL,0,0,NULL,'fab197ca-eaa7-4418-960d-d8e8cf40231a','2020-05-11 01:26:12','fab197ca-eaa7-4418-960d-d8e8cf40231a','2020-08-27 15:42:17','fab197ca-eaa7-4418-960d-d8e8cf40231a',2,'10 mins or less',NULL),(212,'Leadership Exploration and Development FLNRORD - Effectiveness Assessment','https://gww.nrs.gov.bc.ca/csnr/files/csnr/media/strategic_human_resources/leadership_effectiveness_self_assessment.pdf','This is a two-page self assessment of leadership effectiveness derived from R Anderson and W Adams Master Leadership.','n/a','','',2,NULL,'',0,0,NULL,NULL,0,1,NULL,'fab197ca-eaa7-4418-960d-d8e8cf40231a','2020-05-11 01:26:12','fab197ca-eaa7-4418-960d-d8e8cf40231a','2020-07-11 21:50:25','fab197ca-eaa7-4418-960d-d8e8cf40231a',4,'1 hr or less',NULL),(213,'What the Best Mentors Do','https://hbr.org/2017/02/what-the-best-mentors-do','','','',NULL,2,NULL,'',0,0,NULL,NULL,0,0,NULL,'fab197ca-eaa7-4418-960d-d8e8cf40231a','2020-05-11 01:26:12','fab197ca-eaa7-4418-960d-d8e8cf40231a','2020-05-11 01:26:12','fab197ca-eaa7-4418-960d-d8e8cf40231a',2,'1 hr or less',NULL),(214,'Mentoring 101 Videos on Lifespeak','https://bcpsagency.lifespeak.com/learn?&share=true#/VolumeDetails/mentoring-101/frequently-asked-questions','6 videos - approximately 6:00 minutes each The most admired leaders have a people-centric focus and inspire others to feel like fuller versions of themselves. This article discusses findings from a three-year study on how leaders can better judge and develop their talent in light of a changing and more purpose-driven work environment. <p> <p>To access the LifeSpeak Library videos, click \"group,\" type \"lifespeak\" for the password, and youre in. :)','','','',2,NULL,'',0,0,NULL,NULL,0,0,NULL,'fab197ca-eaa7-4418-960d-d8e8cf40231a','2020-05-11 01:26:12','fab197ca-eaa7-4418-960d-d8e8cf40231a','2020-06-15 21:06:01','fab197ca-eaa7-4418-960d-d8e8cf40231a',1,'1 hr or less',NULL),(215,'Coaching Practices for Managers from the National Managers Community','https://www.managers-gestionnaires.gc.ca/sites/default/files/publication_nmc/coaching_practices_for_managers.pdf','This booklet provides mini-lessons that encourage leaders to reflect on what is going on around you in your daily life, tolearn new coaching language and to expand your observation skills. <p><p> Practical, concise, easy to put into practice coaching suggestions.','','','',2,NULL,'',0,0,NULL,NULL,0,0,NULL,'fab197ca-eaa7-4418-960d-d8e8cf40231a','2020-05-11 01:26:12','fab197ca-eaa7-4418-960d-d8e8cf40231a','2021-08-06 23:09:36','fab197ca-eaa7-4418-960d-d8e8cf40231a',2,'1 hr or less',NULL),(216,'Keeping Your Professional Development Continous on The Guardian','https://www.theguardian.com/careers/careers-blog/keeping-professional-development-continuous','Practical tips for learning continously.','','',NULL,2,NULL,'',0,0,NULL,NULL,0,0,NULL,'fab197ca-eaa7-4418-960d-d8e8cf40231a','2020-05-11 01:26:12','fab197ca-eaa7-4418-960d-d8e8cf40231a','2020-05-11 01:26:12','fab197ca-eaa7-4418-960d-d8e8cf40231a',2,'10 mins or less',NULL),(217,'Top Ranked Leaders Know This Secret: Ask for Feedback','https://www.forbes.com/sites/joefolkman/2015/01/08/top-ranked-leaders-know-this-secret-ask-for-feedback/#20be4d983195','Asking for feedback as leader is not a sign of weakness.  In fact the impact of asking for feedback is not only positive for the leader, but also for those asked to provide feedback.','','','',2,NULL,'',0,0,NULL,NULL,0,0,NULL,'fab197ca-eaa7-4418-960d-d8e8cf40231a','2020-05-11 01:26:12','fab197ca-eaa7-4418-960d-d8e8cf40231a','2020-09-30 19:54:24','fab197ca-eaa7-4418-960d-d8e8cf40231a',2,'10 mins or less',NULL),(218,'Difficult Conversations: How to Discuss What Matters Most','https://www.worldcat.org/title/difficult-conversations-how-to-discuss-what-matters-most/oclc/1039471965','Shift purpose from being right to understanding. And whats wrong with you? into Whats going on for you?','','','ISBN-13 : 978-0143118442',2,NULL,'',0,0,NULL,NULL,0,0,NULL,'fab197ca-eaa7-4418-960d-d8e8cf40231a','2020-05-11 01:26:12','fab197ca-eaa7-4418-960d-d8e8cf40231a','2020-11-16 19:05:03','fab197ca-eaa7-4418-960d-d8e8cf40231a',2,'Variable','difficult_convo'),(219,'How to Ask for Feedback: 16 ways to get the input you need','https://www.rapidstartleadership.com/how-to-ask-for-feedback/','Great tips on how to get constructive feedback from your boss... or anyone.','','',NULL,2,NULL,'',0,0,NULL,NULL,0,0,NULL,'fab197ca-eaa7-4418-960d-d8e8cf40231a','2020-05-11 01:26:12','fab197ca-eaa7-4418-960d-d8e8cf40231a','2020-05-11 01:26:12','fab197ca-eaa7-4418-960d-d8e8cf40231a',2,'10 mins or less',NULL),(220,'Want Feedback?','https://www.bing.com/videos/search?q=leadership+asking+for+feedback&&view=detail&mid=0D161DA3A8492853271C0D161DA3A8492853271C&&FORM=VRDGAR&ru=%2Fvideos%2Fsearch%3Fq%3Dleadership%2Basking%2Bfor%2Bfeedback%26FORM%3DHDRSC3','This is a short video, a leadership nudge, to ask for feedback.','','',NULL,2,NULL,'',0,0,NULL,NULL,0,1,NULL,'fab197ca-eaa7-4418-960d-d8e8cf40231a','2020-05-11 01:26:12','fab197ca-eaa7-4418-960d-d8e8cf40231a','2020-09-01 18:54:22','fab197ca-eaa7-4418-960d-d8e8cf40231a',1,'10 mins or less',NULL),(221,'5 Ways to Build Confidence & Reliability in Leadership.','https://psychcentral.com/blog/5-ways-to-build-confidence-reliability-in-leadership/','Whats great about this article is that I have heard BCPS leaders offer the same advice!','','',NULL,2,NULL,'',0,0,NULL,NULL,0,1,NULL,'fab197ca-eaa7-4418-960d-d8e8cf40231a','2020-05-11 01:26:12','fab197ca-eaa7-4418-960d-d8e8cf40231a','2020-09-01 18:53:56','fab197ca-eaa7-4418-960d-d8e8cf40231a',2,'10 mins or less',NULL),(222,'Five Essential Skills for Leadership - Psychology Today ','https://www.psychologytoday.com/us/blog/the-mindful-self-express/201206/five-essential-skills-leadership-in-the-21st-century','This is a quick read with helpful suggestions about how to demonstrate 5 skills for leadership.','n/a','','',2,NULL,'',0,0,NULL,NULL,0,1,NULL,'fab197ca-eaa7-4418-960d-d8e8cf40231a','2020-05-11 01:26:12','fab197ca-eaa7-4418-960d-d8e8cf40231a','2020-07-06 23:26:36','fab197ca-eaa7-4418-960d-d8e8cf40231a',2,'1 hr or less',NULL),(223,'Leadership Exploration and Development FLNRORD - Leadership Effectiveness','https://gww.nrs.gov.bc.ca/csnr/files/csnr/media/strategic_human_resources/leadership_effectiveness_final.pdf','An exploration of what makes an effective leader that offers practical tips for leaders to develop in different areas.','','','',2,NULL,'',0,0,NULL,NULL,0,0,NULL,'fab197ca-eaa7-4418-960d-d8e8cf40231a','2020-05-11 01:26:12','fab197ca-eaa7-4418-960d-d8e8cf40231a','2020-05-11 17:04:41','fab197ca-eaa7-4418-960d-d8e8cf40231a',2,'1/2 day or less',NULL),(224,'Thanks for the Feedback by D. Stone and S. Heen','https://stoneandheen.com/','The bestselling authors of the classic Difficult Conversations teach us how to turn evaluations, advice, criticisms, and coaching into productive listening and learning','','Need to remove from Step 10 (moved to Step 5) but I cant seem to remove the assignment of a step.','ISBN-13 : 978-0143127130',2,NULL,'',0,0,NULL,NULL,0,0,NULL,'fab197ca-eaa7-4418-960d-d8e8cf40231a','2020-05-11 01:26:12','fab197ca-eaa7-4418-960d-d8e8cf40231a','2020-11-16 19:09:26','fab197ca-eaa7-4418-960d-d8e8cf40231a',2,'Variable','thx_feedback'),(225,'The benefits of creating good relationships at work','https://www.resumeok.com/the-benefits-of-creating-good-relationships-at-work/','Lists other benefits in addition to career advancement of having good working relationships.','','',NULL,2,NULL,'',0,0,NULL,NULL,0,4,NULL,'fab197ca-eaa7-4418-960d-d8e8cf40231a','2020-05-11 17:43:26','fab197ca-eaa7-4418-960d-d8e8cf40231a','2021-08-10 02:34:36','fab197ca-eaa7-4418-960d-d8e8cf40231a',2,'1 hr or less',NULL),(226,'Adjusting Your Communication to Match the Relationship','https://www.millennialreboot.com/30-adjusting-communication-match-relationship-deirdre-breakenridge/','Advice on how to build a diverse network of relationships, and tips for adjusting your communication style based on who youre working with. Highlight: \"mini moments that matter\"&#8212 taking on small tasks.','','','',2,NULL,'',0,0,NULL,NULL,0,3,NULL,'fab197ca-eaa7-4418-960d-d8e8cf40231a','2020-05-11 17:43:26','fab197ca-eaa7-4418-960d-d8e8cf40231a','2020-08-26 16:10:08','fab197ca-eaa7-4418-960d-d8e8cf40231a',3,'1 hr or less',NULL),(227,'The Power of Relationship Building - Jose Gutierrez  (TEDx BentleyU)','https://www.youtube.com/watch?v=O5vU8oWNdE0','Does the idea of \"networking\" make you nervous? This Ted Talk&nbsp;encourages&nbsp;a shift in how you frame the experience—instead, looking at connecting with peers on a humanistic level and building relationships with people as a way to better foster a mutually supportive environment. ','','','',2,NULL,'',0,0,NULL,NULL,0,2,NULL,'fab197ca-eaa7-4418-960d-d8e8cf40231a','2020-05-11 17:43:26','fab197ca-eaa7-4418-960d-d8e8cf40231a','2020-09-30 19:55:05','fab197ca-eaa7-4418-960d-d8e8cf40231a',1,'1 hr or less',NULL),(228,'Leadcast Ep. 1 : Kashi Tanaka','https://www.youtube.com/watch?v=d3Y70ONcA5g&feature=emb_title','The Leadcast @Work Podcast hosts Kashi Tanaka, Executive Director of Performance Management and Corporate Priorities Branch, Ministry of Finance answers questions about his start in government, and reflects on his career pathway to his current position. ','','','',2,NULL,'',0,0,NULL,NULL,0,2,NULL,'fab197ca-eaa7-4418-960d-d8e8cf40231a','2020-05-11 17:43:26','fab197ca-eaa7-4418-960d-d8e8cf40231a','2020-08-26 16:11:09','fab197ca-eaa7-4418-960d-d8e8cf40231a',3,'1 hr or less',NULL),(229,'This is Your Career','https://byrslf.co/your-career-is-not-a-path-2a7a02956078?gi=be63b30927b8','It contains all of your experiences, knowledge, and relationships, always available and always influencing the present. Change, progress and opportunity can come from any direction and at any time. Its organic, non-linear, and will never stop expanding. And it looks nothing like a path. <p><p> Your career is a circle. Change, progress and opportunity can come from any direction and at any time. Its organic, non-linear, and will never stop expanding. Theres no backwards, forwards, or wrong way. ','','','',2,NULL,'',0,0,NULL,NULL,0,2,NULL,'fab197ca-eaa7-4418-960d-d8e8cf40231a','2020-05-11 17:43:26','fab197ca-eaa7-4418-960d-d8e8cf40231a','2021-08-10 02:35:22','fab197ca-eaa7-4418-960d-d8e8cf40231a',2,'10 mins or less',NULL),(230,'Is a Lateral Move Your Best Play?','https://www.millennialreboot.com/interview-christina-merriweather/','Millennial Reboot talked to higher ed professional Christina Merriweather about all things lateral and vertical moves, thinking outside the box with professional development, and how to speak with your supervisor about upcoming opportunities.','','','',2,NULL,'',0,0,NULL,NULL,0,2,NULL,'fab197ca-eaa7-4418-960d-d8e8cf40231a','2020-05-11 17:43:27','fab197ca-eaa7-4418-960d-d8e8cf40231a','2021-08-10 02:38:40','fab197ca-eaa7-4418-960d-d8e8cf40231a',3,'1 hr or less',NULL),(231,'Work Environment Survey Resource Guide - Job Suitability series','https://gww.gov.bc.ca/wes/job-suitability','\"Not every career move is up. Sometimes when it comes to career progression, a lateral move can open a door to get you where you want to be.\" This offers ideas for improvement and Top 10 Work Unit tips for role advancement through lateral move opportunities.','<p><br></p>','<br>','',2,NULL,'',0,0,NULL,NULL,0,1,NULL,'fab197ca-eaa7-4418-960d-d8e8cf40231a','2020-05-11 17:43:27','fab197ca-eaa7-4418-960d-d8e8cf40231a','2021-08-10 02:38:15','fab197ca-eaa7-4418-960d-d8e8cf40231a',2,'10 mins or less',NULL),(232,'A MyPerformance Guide to Performance Conversations','https://www2.gov.bc.ca/assets/gov/careers/all-employees/career-development/myperformance/myperformance_conversations.pdf','Read pages 1 to 7. Research shows that trusted feedback between supervisors and employees has a great impact on employee engagement, motivation, and results. <p><p>For both employees and supervisors, this guide provides best practices for having meaningful conversations about performance and development.','','','',2,NULL,'',0,0,NULL,NULL,0,2,NULL,'fab197ca-eaa7-4418-960d-d8e8cf40231a','2020-05-11 17:43:27','fab197ca-eaa7-4418-960d-d8e8cf40231a','2021-06-03 17:34:29','fab197ca-eaa7-4418-960d-d8e8cf40231a',2,'1 hr or less',NULL),(233,'Fierce Conversations','https://learning.gov.bc.ca/psc/CHIPSPLM/EMPLOYEE/ELM/c/NUI_FRAMEWORK.PT_LANDINGPAGE.GBL','This course is restricted to supervisors. If you are not a supervisor, you may want to check out the book, <i>Fierce Conversations.</i> <p><p> To be fierce means to be authentic, present and real in day-to-day conversations. Real can be scary. Yet it is the unreal or missing conversations that are costly in terms of morale, engagement, and performance.<p><p><b><i>Note: Given ongoing concerns regarding COVID-19 and advice/efforts to promote social distancing, the Learning Centre is postponing its face-to-face courses for the foreseeable future.</i></b>','','','',2,NULL,'',0,0,NULL,NULL,0,2,NULL,'fab197ca-eaa7-4418-960d-d8e8cf40231a','2020-05-11 17:43:27','fab197ca-eaa7-4418-960d-d8e8cf40231a','2021-02-04 18:14:57','fab197ca-eaa7-4418-960d-d8e8cf40231a',4,'less than 1 day',NULL),(234,'Leadership Exploration and Development FLNRORD - LEAD Route Card','https://gww.nrs.gov.bc.ca/csnr/files/csnr/media/strategic_human_resources/routecard_conversationguide_0.pdf','LEAD Route Card: Conversation Guide: Advice on having conversations with your supervisor about career development, goal setting etc.','n/a','','',2,NULL,'',0,0,NULL,NULL,0,1,NULL,'fab197ca-eaa7-4418-960d-d8e8cf40231a','2020-05-11 17:43:27','fab197ca-eaa7-4418-960d-d8e8cf40231a','2021-06-03 17:34:31','fab197ca-eaa7-4418-960d-d8e8cf40231a',4,'10 mins or less',NULL),(235,'How To Prepare For A Career Discussion With Your Manager ','https://www.workitdaily.com/discussing-career-goals-with-boss','Questions you should ask yourself to prepare for a career discussion with you manager.','','',NULL,2,NULL,'',0,0,NULL,NULL,0,0,NULL,'fab197ca-eaa7-4418-960d-d8e8cf40231a','2020-05-11 17:43:27','fab197ca-eaa7-4418-960d-d8e8cf40231a','2021-06-03 17:34:34','fab197ca-eaa7-4418-960d-d8e8cf40231a',2,'1 hr or less',NULL),(236,'The 7 Transferable Skills To Help You Change Careers','https://www.forbes.com/sites/nextavenue/2018/02/09/the-7-transferable-skills-to-help-you-change-careers/#5a160aeb4c04','Learn the secret language of keywords and phrases to represent the skills that enable you to do your job well, whatever that job may be.','','',NULL,2,NULL,'',0,0,NULL,NULL,0,0,NULL,'fab197ca-eaa7-4418-960d-d8e8cf40231a','2020-05-11 17:43:27','fab197ca-eaa7-4418-960d-d8e8cf40231a','2021-06-03 17:34:52','fab197ca-eaa7-4418-960d-d8e8cf40231a',2,'10 mins or less',NULL),(237,'How to figure out your transferable skills','https://www.theladders.com/career-advice/how-to-figure-out-your-transferable-skills','Figuring out your transferable skills is key to transition into a new role or a new area of your career. You might not realize there are a lot of skills that are transferable between careers.','','',NULL,2,NULL,'',0,0,NULL,NULL,0,1,NULL,'fab197ca-eaa7-4418-960d-d8e8cf40231a','2020-05-11 17:43:27','fab197ca-eaa7-4418-960d-d8e8cf40231a','2021-06-03 17:34:53','fab197ca-eaa7-4418-960d-d8e8cf40231a',2,'10 mins or less',NULL),(238,'This Simple Formula Makes Highlighting Transferable Skills Easy','https://www.themuse.com/advice/this-simple-formula-makes-highlighting-transferable-skills-easy','An article with a simple formula to figure out if something is a transferable skill worth mentioning in a career conversation.','','','',2,NULL,'',0,0,NULL,NULL,0,0,NULL,'fab197ca-eaa7-4418-960d-d8e8cf40231a','2020-05-11 17:43:27','fab197ca-eaa7-4418-960d-d8e8cf40231a','2020-06-11 22:23:55','fab197ca-eaa7-4418-960d-d8e8cf40231a',2,'10 mins or less',NULL),(239,'5 Ways to Share Your Professional Expertise and 4 Reasons You Should on Forbes','https://www.forbes.com/sites/work-in-progress/2013/07/25/5-ways-to-share-your-professional-expertise-and-4-reasons-you-should/#5942c4191cfa','Easy tips on sharing your knowledge, including becoming a mentor.','','',NULL,2,NULL,'',0,0,NULL,NULL,0,1,NULL,'fab197ca-eaa7-4418-960d-d8e8cf40231a','2020-05-11 17:43:27','fab197ca-eaa7-4418-960d-d8e8cf40231a','2020-08-26 16:12:57','fab197ca-eaa7-4418-960d-d8e8cf40231a',2,'10 mins or less',NULL),(240,'9 Tips for Finding&mdash;and Getting&mdash;the Perfect Mentor','https://www.themuse.com/advice/9-tips-for-findingand-gettingthe-perfect-mentor','These 9 tips are very important for finding and getting the perfect mentor for you. If youre reading this for your Step 6 of Role Advancement, youre strongly encouraged to make sure you read or watch all 9 tips  before completing the Step 6 Worksheet.','','','',2,NULL,'',0,0,NULL,NULL,0,1,NULL,'fab197ca-eaa7-4418-960d-d8e8cf40231a','2020-05-11 17:43:27','fab197ca-eaa7-4418-960d-d8e8cf40231a','2021-06-03 17:35:01','fab197ca-eaa7-4418-960d-d8e8cf40231a',2,'less than 1 day',NULL),(241,'Planning a Mentoring Opportunity','https://gww.bcpublicservice.gov.bc.ca/learning/curator/role-advancement/plan_mentoring_opp-curator-role-advancement-path.pdf','This worksheet is intended to be completed once all the other required learning is finished for Role Advancement, Step 6: Describe the benefits of mentoring, access resources, and identify potential candidates to mentor you.','','One pager needs linking!','',2,NULL,'',0,0,NULL,NULL,0,0,NULL,'fab197ca-eaa7-4418-960d-d8e8cf40231a','2020-05-11 17:43:27','fab197ca-eaa7-4418-960d-d8e8cf40231a','2021-06-03 17:35:02','fab197ca-eaa7-4418-960d-d8e8cf40231a',4,'1/2 day or less',NULL),(242,'Building Positive Relationships at Work','https://garfinkleexecutivecoaching.com/articles/build-positive-work-relationships/building-positive-relationships-at-work','Short, concise article with Ten Tips for Building Relationships','','','',2,NULL,'',0,0,NULL,NULL,0,0,NULL,'fab197ca-eaa7-4418-960d-d8e8cf40231a','2020-05-11 17:43:27','fab197ca-eaa7-4418-960d-d8e8cf40231a','2021-06-03 17:35:05','fab197ca-eaa7-4418-960d-d8e8cf40231a',2,'10 mins or less',NULL),(243,'9 Habits of People Who Build Extraordinary Relationships','https://www.inc.com/jeff-haden/9-habits-of-people-who-build-extraordinary-relationships.html','Real success, the kind that exists on multiple levels, is impossible without building great relationships. Real success is impossible unless you treat other people with kindness, regard, and respect. 9 behaviours to put to use.','','',NULL,2,NULL,'',0,0,NULL,NULL,0,1,NULL,'fab197ca-eaa7-4418-960d-d8e8cf40231a','2020-05-11 17:43:27','fab197ca-eaa7-4418-960d-d8e8cf40231a','2021-06-03 17:35:06','fab197ca-eaa7-4418-960d-d8e8cf40231a',2,'10 mins or less',NULL),(244,'Building Positive Relationships at Work','https://garfinkleexecutivecoaching.com/articles/build-positive-work-relationships/building-positive-relationships-at-work','Short concise article with Ten Tips for Building Relationships','','',NULL,2,NULL,'',0,0,NULL,NULL,0,0,NULL,'fab197ca-eaa7-4418-960d-d8e8cf40231a','2020-05-11 17:43:27','fab197ca-eaa7-4418-960d-d8e8cf40231a','2020-05-11 17:43:27','fab197ca-eaa7-4418-960d-d8e8cf40231a',2,'10 mins or less',NULL),(246,'EdX Course: Rise to Leadership: Become a CEO','https://www.edx.org/course/rise-to-leadership-become-a-ceo','Do you have what it takes to be a CEO? This course explores the key competencies that make the best CEOs effective leaders. <p></p><p> Information about this course indicates it can be for those wanting to rise to the top and for aspiring leaders to learn what competencies need to be developed to becom a CEO.</p>','','','',2,NULL,'',0,0,NULL,NULL,0,1,NULL,'fab197ca-eaa7-4418-960d-d8e8cf40231a','2020-05-11 17:43:27','fab197ca-eaa7-4418-960d-d8e8cf40231a','2020-09-30 19:55:35','fab197ca-eaa7-4418-960d-d8e8cf40231a',4,'> 1 day',NULL),(247,'EdX Course: Leading the Organization','https://www.edx.org/course/leading-the-organization','This course is intended for professionals and managers seeking new leadership responsibilities, those transitioning between leadership roles or organizations, as well as current leaders of organizations.','','',NULL,2,NULL,'',0,0,NULL,NULL,0,0,NULL,'fab197ca-eaa7-4418-960d-d8e8cf40231a','2020-05-11 17:43:27','fab197ca-eaa7-4418-960d-d8e8cf40231a','2020-05-11 17:43:27','fab197ca-eaa7-4418-960d-d8e8cf40231a',4,'> 1 day',NULL),(248,'LifeSpeak Library: A Brand Called You','https://bcpsagency.lifespeak.com/learn?&share=true#/VolumeDetails/a-brand-called-you/what-is-a-personal-brand-and-why-bother','A video series that delves into the concept of a personal \"brand,\" how to develop one, and how this relates to a personal career vision.To access the LifeSpeak Library videos, click \"group,\" type \"lifespeak\" for the password, and youre in. :)','','','',2,NULL,'',0,0,NULL,NULL,0,0,NULL,'fab197ca-eaa7-4418-960d-d8e8cf40231a','2020-05-11 17:43:27','fab197ca-eaa7-4418-960d-d8e8cf40231a','2020-06-15 21:04:52','fab197ca-eaa7-4418-960d-d8e8cf40231a',1,'1 hr or less',NULL),(249,'LifeSpeak Library: Promotion to a Leadership Position','https://bcpsagency.lifespeak.com/learn?&share=true#/VolumeDetails/promotion-to-a-leadership-position/leave-well','A series of 8 short videos on how to transition to a leadership position, including how to prepare for and execute in your new position. (Time is approximate for whole suite.)<p> <p>To access the LifeSpeak Library videos, click \"group,\" type \"lifespeak\" for the password, and youre in. :)','n/a','','',2,NULL,'',0,0,NULL,NULL,0,1,NULL,'fab197ca-eaa7-4418-960d-d8e8cf40231a','2020-05-11 17:43:27','fab197ca-eaa7-4418-960d-d8e8cf40231a','2021-06-03 17:35:21','fab197ca-eaa7-4418-960d-d8e8cf40231a',1,'1 hr or less',NULL),(250,'Trailblazing My Career','https://www.for.gov.bc.ca/ftp/HEX/gov_internal/!publish/NR%20Learning%20Series/TrailblazingCareers_livemeeting.wmv','Tracey Houser, a BC public servant, presents&nbsp;on discovering your career possibilities, leveraging your strengths and values, career analysis and how to take action.','','','',2,NULL,'',0,0,NULL,NULL,0,1,NULL,'fab197ca-eaa7-4418-960d-d8e8cf40231a','2020-05-11 17:43:27','fab197ca-eaa7-4418-960d-d8e8cf40231a','2020-09-30 19:56:02','fab197ca-eaa7-4418-960d-d8e8cf40231a',1,'1 hr or less',NULL),(251,'Career Services','https://www2.gov.bc.ca/gov/content/careers-myhr/all-employees/safety-health-well-being/health/efas/career-services','Career Support Services offer confidential professional advice to help you with career-related planning and decision-making, effective coping skills, and managing career transitions, including retirement.','','',NULL,2,NULL,'',0,0,NULL,NULL,0,0,NULL,'fab197ca-eaa7-4418-960d-d8e8cf40231a','2020-05-11 17:43:27','fab197ca-eaa7-4418-960d-d8e8cf40231a','2020-05-11 17:43:27','fab197ca-eaa7-4418-960d-d8e8cf40231a',4,'1/2 day or less',NULL),(252,'Ministry Intranets','https://gww.gov.bc.ca/tools/intranets','A Ministry intranet is the key to each employee getting to know their Ministry org chart - divisions, branches etc. Every Ministry intranet has this information on it, so you can learn about other ministries here. <p><p>Note: Your ministry may not have a posted org chart. Ask around to see if you can access one on your orgs LAN.','n/a','','',2,NULL,'',0,0,NULL,NULL,0,0,NULL,'fab197ca-eaa7-4418-960d-d8e8cf40231a','2020-05-11 18:42:46','fab197ca-eaa7-4418-960d-d8e8cf40231a','2021-05-29 20:40:57','fab197ca-eaa7-4418-960d-d8e8cf40231a',2,'1 hr or less',NULL),(253,'BC Government Organizational Structure ','https://www2.gov.bc.ca/gov/content/governments/organizational-structure','This is part of the government information on www.gov.bc.ca. It outlines the organizational structure of the BC government. <p><p>Through different links, you will learn about: Lieutenant Governor, Office of the Premier, Cabinet, Legislative Assembly, Ministries and Orgs, Public Service and Financial Disclosure. There are many links for future exploration and shows where useful info such as the parliamentary calendar can be found. <p><p>This is a great place to start building your foundation in the structure of the provincial government. The amount of time you spend will range considerably based on how many links you pursue.<p><p>This is an excellent reference to keep for future use.','n/a','','',2,NULL,'',0,0,NULL,NULL,0,0,NULL,'fab197ca-eaa7-4418-960d-d8e8cf40231a','2020-05-11 18:42:46','fab197ca-eaa7-4418-960d-d8e8cf40231a','2021-06-03 17:26:45','fab197ca-eaa7-4418-960d-d8e8cf40231a',2,'1 hr or less',NULL),(254,'Gov 101 on @Work','https://gww.gov.bc.ca/reference/gov101','Gov 101 is an evolving resource on @work that outlines government processes and how they affect the work of the public service. They include: Budget Day, Elections, Estimates, The Financial Cycle, The Legislative Assembly of BC, Making Laws, The Oath of Employment, The Speech from the Throne, Lieutenant Governor.<p><p>This is an excellent reference to keep for future use.','n/a','','',2,NULL,'',0,0,NULL,NULL,0,1,NULL,'fab197ca-eaa7-4418-960d-d8e8cf40231a','2020-05-11 18:42:46','fab197ca-eaa7-4418-960d-d8e8cf40231a','2021-06-03 17:29:27','fab197ca-eaa7-4418-960d-d8e8cf40231a',2,'1 hour or less',NULL),(255,'Understanding Your Ministry','https://gww.bcpublicservice.gov.bc.ca/learning/curator/forms/Foundations_of_Government.pdf','1-page assignment guiding you to identify your ministrys structure, and your organization within it.','n/a','Here is an example of an activity that requires a downloadable original from the Learning Centre. These items need to live somewhere so they may be linked from item records.','',2,NULL,'',0,0,NULL,NULL,0,2,NULL,'fab197ca-eaa7-4418-960d-d8e8cf40231a','2020-05-11 18:42:46','fab197ca-eaa7-4418-960d-d8e8cf40231a','2021-06-03 17:29:32','fab197ca-eaa7-4418-960d-d8e8cf40231a',4,'1 hour or less',NULL),(256,'Gov 101: Government Essentials ','https://learning.gov.bc.ca/psc/CHIPSPLM/EMPLOYEE/ELM/c/LM_OD_EMPLOYEE_FL.LM_CRS_DTL_FL.GBL?Page=LM_CRS_DTL_FL&Action=U&ForceSearch=Y&LM_CI_ID=17891&TargetFrameName=None','Gov 101: Government Essentials is an online, on demand course offered by the Learning Centre. It is your introduction to the role of government and how it has evolved, what governance and financial governance are, government participants and your role as a public servant. <p><p>In this course, you will work through the following sections: 1) The role and structure of government 2) Laws and legislation  3) Governance and the public servant role , and 4) Financial governance.  This course has interactive elements to it such as quizzes.','n/a','','',2,NULL,'',0,0,NULL,NULL,0,0,NULL,'fab197ca-eaa7-4418-960d-d8e8cf40231a','2020-05-11 18:42:46','fab197ca-eaa7-4418-960d-d8e8cf40231a','2021-06-14 23:12:38','fab197ca-eaa7-4418-960d-d8e8cf40231a',4,'1 hour or less',NULL),(257,'Policy Approaches Playbook','https://www2.gov.bc.ca/assets/gov/government/about-the-bc-government/regulatory-reform/pdfs/policy_approaches_playbook.pdf','The playbook was originally designed for new policy analysts to understand the most common policy approaches and a helpful summary for experienced policy professionals. <p><p> The playbook provides a framework to assist policy teams in selecting the most appropriate approach to their particular circumstances. It is an excellent resource for understanding the role of policy in the public service. ','','','',2,NULL,'',0,0,NULL,NULL,0,0,NULL,'fab197ca-eaa7-4418-960d-d8e8cf40231a','2020-05-11 18:42:46','fab197ca-eaa7-4418-960d-d8e8cf40231a','2021-06-14 23:12:43','fab197ca-eaa7-4418-960d-d8e8cf40231a',2,'1/2 day or less',NULL),(258,'Parliamentary Tour','https://www.leg.bc.ca/Pages/BCLASS-Legacy.aspx#https%3a//www2.leg.bc.ca/peo/tours/tourrequestform.aspx','The Parliamentary Tour Program strives to provide an enjoyable and informative experience for all visitors, focusing primarily on the role of the Legislative Assembly and MLAs and the history of both the province of British Columbia and of the Parliament Buildings. Our goal is to foster an understanding of legislative process, an awareness of B.C.s political heritage and an appreciation for the beauty and significance of the Parliament Buildings. The Parliament Buildings are open to visitors and free guided tours are provided throughout the year.','n/a','','',2,NULL,'',0,0,NULL,NULL,0,0,NULL,'fab197ca-eaa7-4418-960d-d8e8cf40231a','2020-05-11 18:42:46','fab197ca-eaa7-4418-960d-d8e8cf40231a','2020-05-13 21:26:51','fab197ca-eaa7-4418-960d-d8e8cf40231a',4,'1/2 day or less',NULL),(259,'CIRMOs video - Information Management in the BC Public Service.','https://gww.gov.bc.ca/news/2020/0211/fear-not-cirmo-here?nl=190220','CIRMOs 4-part series on YouTube on @Work asks for your best practices/tools used on the job. Visit the discussion forum. <p><p>Each video is under 5 minutes.','n/a','','',2,NULL,'',0,0,NULL,NULL,0,0,NULL,'fab197ca-eaa7-4418-960d-d8e8cf40231a','2020-05-11 18:42:47','fab197ca-eaa7-4418-960d-d8e8cf40231a','2021-06-03 17:30:27','fab197ca-eaa7-4418-960d-d8e8cf40231a',1,'10 mins or less',NULL),(260,'Parliamentary Procedure Workshops: For Provincial Public Servants','https://www.leg.bc.ca/learn-about-us/educational-programs-workshops/parliamentary-procedure-workshops','This one-day workshop for provincial public servants, developed and delivered by the Legislative Assembly of British Columbia, is intended to provide for a greater understanding of parliamentary procedure including the legislative and budgetary process in British Columbia and Cabinet and Treasury Board decision-making. <p><p>Note: This is a very high demand course and people request to be on the waitlist; only available in Victoria.','n/a','','',2,NULL,'',0,0,NULL,NULL,0,2,NULL,'fab197ca-eaa7-4418-960d-d8e8cf40231a','2020-05-11 18:42:47','fab197ca-eaa7-4418-960d-d8e8cf40231a','2020-06-07 04:23:34','fab197ca-eaa7-4418-960d-d8e8cf40231a',4,'1 day or less',NULL),(261,'Government Essentials','https://www.youtube.com/watch?v=pxhy4nieoVE&feature=youtu.be','This video outlines the very basics of government structures and functioning.','n/a','','',2,NULL,'',0,0,NULL,NULL,0,0,NULL,'fab197ca-eaa7-4418-960d-d8e8cf40231a','2020-05-11 18:42:47','fab197ca-eaa7-4418-960d-d8e8cf40231a','2021-06-03 17:31:09','fab197ca-eaa7-4418-960d-d8e8cf40231a',1,'1 hr or less',NULL),(262,'Indigenous/Canadian Histories 101','https://gww.bcpublicservice.gov.bc.ca/learning/aborig_relations/indigenous-can-history-101/','This video by Sarah Robinson focuses on Indigenous/Canadian history often not told with focus on legislative impacts, important court cases, and implications for Indigenous and Crown relations in BC today. <p><p>Very engaging and useful information, gives context on history of relationships within Canada and information on Indigenous and Crown relations in BC, important for understanding government initiatives and Indigenous relations.','n/a','','',2,NULL,'',0,0,NULL,NULL,0,1,NULL,'fab197ca-eaa7-4418-960d-d8e8cf40231a','2020-05-11 18:42:47','fab197ca-eaa7-4418-960d-d8e8cf40231a','2021-08-09 20:57:57','fab197ca-eaa7-4418-960d-d8e8cf40231a',1,'1 hr or less',NULL),(263,'Ministry Service Plans','https://www.bcbudget.gov.bc.ca/2020/ministryserviceplans.htm','For this activity, find your ministrys current service plan, and answer the following reflective questions: <p><p>1)  What are your ministrys core functions, defined in your service plan?<p>2) How can developing your own leadership skills where you are now help your ministry fulfill its core functions? Take a moment to consider the connection, and make a note of it. When youre considering the purpose in engaging in leadership development work, come back to your notes and see how awareness of this connection can help focus your efforts. ','','','',2,NULL,NULL,0,0,NULL,NULL,0,1,NULL,'fab197ca-eaa7-4418-960d-d8e8cf40231a','2020-05-28 16:58:52','fab197ca-eaa7-4418-960d-d8e8cf40231a','2021-06-03 17:29:43','fab197ca-eaa7-4418-960d-d8e8cf40231a',4,'Under 1 hour','serviceplans'),(264,'Driving team performance through diversity & inclusion - Capital H Podcast','https://soundcloud.com/deloitteus/driving-team-performance?in=deloitteus/sets/capital-h','Diversity and inclusion (D&I) continues to be a driving force for innovative ideas and team performance in the workplace. Jennifer Chatman, the Paul J. Cortese Distinguished Professor of Management at Berkeley Haas, takes a closer look at D&I and discusses key findings from her research, including the positive effects of collective attitudes in diverse teams, how emphasizing diversity encourages risk-taking and innovation, and how managers can lead their teams to embrace diversity through challenging assumptions in a supportive environment.','','','',2,NULL,NULL,0,0,NULL,NULL,0,1,NULL,'fab197ca-eaa7-4418-960d-d8e8cf40231a','2020-05-28 17:47:33','fab197ca-eaa7-4418-960d-d8e8cf40231a','2021-06-03 17:31:26','fab197ca-eaa7-4418-960d-d8e8cf40231a',3,'1 hr or less',NULL),(265,'Innovate on Demand - Individual Innovation','https://www.csps-efpc.gc.ca/podcasts/innovate3-eng.aspx','In this Canada School of Public Service podcast, Dana Landry, Senior Policy Analyst in the Strategic Policy Directorate at Indigenous and Northern Affairs Canada, discusses what an individual within a government organization can do to support change and innovation. She also dives into ways in which individuals can boost their productivity by building awareness into their daily activities and within their environment as a whole.','','','',2,NULL,NULL,0,0,NULL,NULL,0,1,NULL,'fab197ca-eaa7-4418-960d-d8e8cf40231a','2020-05-28 17:51:48','fab197ca-eaa7-4418-960d-d8e8cf40231a','2020-06-07 21:05:14','fab197ca-eaa7-4418-960d-d8e8cf40231a',3,'1 hr or less',NULL),(266,'Conference Board of Canada Leadership Perspectives Podcast – Ep. 3','https://www.buzzsprout.com/1051783/3742850-ep-03-indigenous-communities-responses-to-covid-19-stefan-fournier','Indigenous Communities should not be expected to do more with less. As leaders, you can get acquainted with the challenges facing Indigenous communities every day, how Canada must help, and what needs to change. In this podcast, learn about how Indigenous Communities are navigating COVID-19.','','','',1,NULL,NULL,0,0,NULL,NULL,0,0,NULL,'fab197ca-eaa7-4418-960d-d8e8cf40231a','2020-06-09 18:11:54','fab197ca-eaa7-4418-960d-d8e8cf40231a','2020-06-09 18:12:03','fab197ca-eaa7-4418-960d-d8e8cf40231a',3,'',NULL),(267,'Plan Your Informal and Formal Opportunities','https://gww.bcpublicservice.gov.bc.ca/learning/curator/role-advancement/plan_formal_informal_opp-curator-role-advancement.pdf','What courses, workshops, or webinars do you need to take to step you closer to your career ambitions? These are your formal learning goals.  <p><p> Have you heard about any books, podcasts, videos or channels that you could use that will support your career goals? These can be listed as your informal learning. Use the downloadable template to keep track of your learning goals.','','Needs to link up to file from Curators>General','',2,NULL,NULL,0,0,NULL,NULL,0,0,NULL,'fab197ca-eaa7-4418-960d-d8e8cf40231a','2020-06-11 20:56:00','fab197ca-eaa7-4418-960d-d8e8cf40231a','2021-06-03 17:35:16','fab197ca-eaa7-4418-960d-d8e8cf40231a',4,'1 hr or less',NULL),(268,'The future of leadership in the public sector: whats wanting to emerge','https://gww.gov.bc.ca/groups/leadership-community-practice/blogs/2020/0610/future-leadership-public-sector-whats-wanting','Written for <i>Apolitical</i>, this article is written by Abe Greenspoon, Organisational Health Lead at Statistics Canada and Jennifer MacLeod, Owner and Executive Coach at Jennifer MacLeod Consulting.<p><p>Are old values holding you back? This article considers whats needed to shift away from a mindset to control situations and others to one that incorporates human values of empowerment, cooperation, collaboration and trust. This is a helpful read for while youre sorting out your own philosophy of leadership.','','','',2,NULL,NULL,0,0,NULL,NULL,0,1,NULL,'fab197ca-eaa7-4418-960d-d8e8cf40231a','2020-06-11 21:37:13','fab197ca-eaa7-4418-960d-d8e8cf40231a','2020-07-06 23:25:54','fab197ca-eaa7-4418-960d-d8e8cf40231a',2,'10 mins or less',NULL),(269,'Circle of Courage as a Framework for Leadership','https://gww.bcpublicservice.gov.bc.ca/learning/curator/forms/Circle_of_Courage.pdf ','The Circle of Courage model of development was first described by by Larry Brendtro, Martin Brokenleg, and Steve Van Bockern in their book <i>Reclaiming Youth at Risk</i>. The model is grounded in Indigenous philosophies of child rearing and contemporary resilience research, and describes how to create an environment in which we can grow and flourish. While the model began with youth, its a powerful framework to support how we think about developing ourselves and others as leaders.<p> <p> This activity asks you to read about the framework and consider how four specific aspects can serve your growth as a leader.','','Needs to have the one-pager linked. Look in Teams - General>Files >one-pager folder. Thanks!','',2,NULL,NULL,0,0,NULL,NULL,0,0,NULL,'fab197ca-eaa7-4418-960d-d8e8cf40231a','2020-06-11 23:14:44','fab197ca-eaa7-4418-960d-d8e8cf40231a','2021-08-06 23:09:41','fab197ca-eaa7-4418-960d-d8e8cf40231a',4,'1 hr or less',NULL),(270,'Depression Chart','https://depressionchart.com','Chart depression test results over time.','F/OSS','Allan is adding this just as a test, but use it if it applies to you.','',1,NULL,NULL,0,0,NULL,NULL,0,0,NULL,'fab197ca-eaa7-4418-960d-d8e8cf40231a','2020-06-15 19:50:00','fab197ca-eaa7-4418-960d-d8e8cf40231a','2020-06-15 19:51:31','fab197ca-eaa7-4418-960d-d8e8cf40231a',4,'',NULL),(271,'Three Levels of Government','https://lop.parl.ca/About/Parliament/Education/OurCountryOurParliament/html_booklet/three-levels-government-e.html#:~:text=In%20each%20of%20the%2010%20provinces%20in%20Canada%2C,are%20given%20to%20them%20by%20the%20federal%20government.','This information is from the Parliament of Canadas website and explains the three levels of government in Canada and their responsibilities. The three levels are federal, provincial and municipal.','','','',2,NULL,NULL,0,0,NULL,NULL,0,0,NULL,'fab197ca-eaa7-4418-960d-d8e8cf40231a','2020-06-26 16:53:38','fab197ca-eaa7-4418-960d-d8e8cf40231a','2021-06-03 17:29:51','fab197ca-eaa7-4418-960d-d8e8cf40231a',2,'15 min',NULL),(272,'Public Sector Management: Roles, Responsibilities & Citizen Accountability','https://www2.gov.bc.ca/gov/content/governments/services-for-government/public-sector-management/pso-government/public-sector-management-roles-responsibilities','Public Sector Management: Roles, Responsibilities & Citizen Accountability explains the role each person or agency has  that support the organization in meeting public interest goals.','','','',2,NULL,NULL,0,0,NULL,NULL,0,0,NULL,'fab197ca-eaa7-4418-960d-d8e8cf40231a','2020-06-26 17:08:47','fab197ca-eaa7-4418-960d-d8e8cf40231a','2021-06-03 17:29:54','fab197ca-eaa7-4418-960d-d8e8cf40231a',2,'',NULL),(273,'Key Functions of Government','','For this activity, reflect on what you have learned in the readings in this step as well as previous steps and answer the following reflective questions: <p><p>1)	What key functions of government are connected to your work?<p>2)	Think about your teams deliverables for the year. How would you explain to each team member how their work connects to key functions of government? <p><p>3) Reflect on the importance of knowing how your work contributes to fulfilling key government functions.','','','',2,NULL,NULL,0,0,NULL,NULL,0,0,NULL,'fab197ca-eaa7-4418-960d-d8e8cf40231a','2020-06-26 21:40:55','fab197ca-eaa7-4418-960d-d8e8cf40231a','2021-06-03 17:29:56','fab197ca-eaa7-4418-960d-d8e8cf40231a',4,'1 hr or less',NULL),(274,'Gender-Based Analysis Plus Online Course','https://cfc-swc.gc.ca/gba-acs/index-en.html','The BC government is committed to ensuring gender equality is reflected in our budgets, policies and programs. To support this important work, the BC Public Service is implementing a policy and budgeting tool: Gender-Based Analysis Plus (GBA+).<p><p> The implementation of GBA+ will allow for a broader assessment of how diverse groups of British Columbians may experience policies, programs and initiatives. This means that we, as public service employees, will be able to provide more comprehensive advice to decision-makers, continue to advance evidence-based policy making, and attain better results for British Columbians by being more responsive to their diverse needs and circumstances. <p><p> The Federal government has an excellent GBA+ course/toolkit online which is linked in this step.','','','',2,NULL,NULL,0,0,NULL,NULL,0,0,NULL,'fab197ca-eaa7-4418-960d-d8e8cf40231a','2020-06-26 21:57:44','fab197ca-eaa7-4418-960d-d8e8cf40231a','2020-06-26 22:04:12','fab197ca-eaa7-4418-960d-d8e8cf40231a',4,'',NULL),(275,'Gender-Based Analysis Plus In Person Course','','This is a two hour course offered by the Learning Centre. This course will provide the information and resources necessary for GBA+ best practices in policy and program development.<p><p> To register for this course go to the Learning Centre and search for Gender-Based Analysis Plus.<p><p><b><i>Note: Given ongoing concerns regarding COVID-19 and advice/efforts to promote social distancing, the Learning Centre is postponing its face-to-face courses for the foreseeable future.</b></i>','','','',2,NULL,NULL,0,0,NULL,NULL,0,0,NULL,'fab197ca-eaa7-4418-960d-d8e8cf40231a','2020-06-26 22:06:15','fab197ca-eaa7-4418-960d-d8e8cf40231a','2020-07-20 20:37:14','fab197ca-eaa7-4418-960d-d8e8cf40231a',4,'2 hours',NULL),(276,'Gender-Based Analysis in the BC Public Service - Introduction','https://gww.gov.bc.ca/news/2019/0924/gender-based-analysis','This is a short video and article that introduces GBA+ and its implementation across the BC Public Service.','','','',2,NULL,NULL,0,0,NULL,NULL,0,0,NULL,'fab197ca-eaa7-4418-960d-d8e8cf40231a','2020-06-26 22:23:32','fab197ca-eaa7-4418-960d-d8e8cf40231a','2021-06-03 17:31:29','fab197ca-eaa7-4418-960d-d8e8cf40231a',1,'5 min',NULL),(277,'New Relationship with Indigenous People','https://www2.gov.bc.ca/gov/content/governments/indigenous-people/new-relationship','As part of its work to create true and lasting reconciliation with Indigenous peoples, the government of British Columbia is committed to adopting and implementing the United Nations Declaration on the Rights of Indigenous Peoples (UN declaration), and the Truth and Reconciliation Commission of Canadas Calls to Action (calls to action).<p><p> This website provides important information and links to additional information regarding building relationships with Indigenous people.','','','',2,NULL,NULL,0,0,NULL,NULL,0,0,NULL,'fab197ca-eaa7-4418-960d-d8e8cf40231a','2020-06-26 22:29:07','fab197ca-eaa7-4418-960d-d8e8cf40231a','2020-06-26 22:29:07','fab197ca-eaa7-4418-960d-d8e8cf40231a',2,'1 hour or more',NULL),(278,'BC Government Initiatives, Plans & Strategies','https://www2.gov.bc.ca/gov/content/governments/about-the-bc-government','This part of the BC Government website introduces and provides links on initiatives, plans and strategies.','','','',2,NULL,NULL,0,0,NULL,NULL,0,0,NULL,'fab197ca-eaa7-4418-960d-d8e8cf40231a','2020-06-26 22:34:40','fab197ca-eaa7-4418-960d-d8e8cf40231a','2020-06-26 22:34:40','fab197ca-eaa7-4418-960d-d8e8cf40231a',2,'1 hour ',NULL),(279,'Reflection on Corporate Priorities','','After exploring and learning about corporate priorities choose three to reflect on and answer the questions below. <p><p> 1) Think about how you would explain these corporate priorities to someone who didnt know about them. 2) Why are these three corporate priorities important? <p><p> 3) How do these corporate priorities connect to your work? <p><p> 4) Do you need to learn more about these corporate priorities to effectively do your work? How will you do this?','','','',2,NULL,NULL,0,0,NULL,NULL,0,0,NULL,'fab197ca-eaa7-4418-960d-d8e8cf40231a','2020-06-26 22:38:01','fab197ca-eaa7-4418-960d-d8e8cf40231a','2021-06-03 17:31:32','fab197ca-eaa7-4418-960d-d8e8cf40231a',4,'',NULL),(281,'Reflection - Minister Responsibilities','http://www.bclaws.ca/civix/content/amr/amr/2064853661/807031918/?xsl=/templates/browse.xsl','Find out which acts your Minister is responsible for and as a result your Ministry. <p><p>Reflect on which of these acts impact your work and how.','','','',2,'','',0,0,'','',0,0,NULL,'fab197ca-eaa7-4418-960d-d8e8cf40231a','2020-06-26 23:43:25','fab197ca-eaa7-4418-960d-d8e8cf40231a','2021-06-14 23:04:40','fab197ca-eaa7-4418-960d-d8e8cf40231a',4,'1 hour or less',''),(282,'Evaluate Your Leadership Presence','','Look for opportunities when you have a chance to practice your leadership presence, and have time to reflect after. When you are ready to do so, make contact with someone who will be part of the event (say, a presentation to an executive group, or facilitating a community of practice event). Tell them that youd like them to act as a friendly observer of your presence, and that youd like their feedback after the event. <p><p>After, have a conversation with your friendly observer. What did they notice? Are your efforts succeeding? What do you want to change? What aspect of your presence do you need to focus on next? Make note, and track your progress in whatever way makes sense to you. Some people might record their reflections on video or voice, some might keep a notebook--do what works for you, but be sure to come back to your reflections to plan for your next opportunity to practice. ','','','',2,NULL,NULL,0,0,NULL,NULL,0,0,NULL,'fab197ca-eaa7-4418-960d-d8e8cf40231a','2020-06-29 23:07:25','fab197ca-eaa7-4418-960d-d8e8cf40231a','2020-06-29 23:08:33','fab197ca-eaa7-4418-960d-d8e8cf40231a',4,'1 hr or less',NULL),(283,'Truth and Reconciliation Commission (TRC) Calls to Action','http://trc.ca/assets/pdf/Calls_to_Action_English2.pdf','In June 2015, the Truth and Reconciliation Commission (TRC) released 10 principles of reconciliation and 94 calls to action that lead to a path of reconciliation. In December 2015, Prime Minister Trudeau accepted all 94 calls and committed that the federal government would, in partnership with Indigenous communities, the provinces, territories, and other vital partners, fully implement the TRC Calls to Action, starting with the implementation of the United Nations Declaration on the Rights of Indigenous Peoples (UNDRIP). The first principle of reconciliation confirms that UNDRIP is the framework for reconciliation for all sectors of Canadian society.<p><p> <b>Call to action #57: Professional Development and Training for Public Servants</b><p><p>\"We call upon federal, provincial, territorial, and municipal governments to provide education to public servants on the history of Aboriginal peoples, including the history and legacy of residential schools, the United Nations Declaration on the Rights of Indigenous Peoples, Treaties and Aboriginal rights, Indigenous law, and Aboriginal-Crown relations. This will require skills-based training in intercultural competency, conflict resolution, human rights, and anti-racism.\" <p><p>The link provided is for the full text of the Calls to Action.','','','',2,NULL,NULL,0,0,NULL,NULL,0,15,NULL,'fab197ca-eaa7-4418-960d-d8e8cf40231a','2020-06-30 23:11:07','fab197ca-eaa7-4418-960d-d8e8cf40231a','2021-02-11 17:03:18','fab197ca-eaa7-4418-960d-d8e8cf40231a',2,'Under 10 mins','TRCC2A'),(284,'United Nations Declaration on the Rights of Indigenous Peoples (UNDRIP)','http://www.un.org/esa/socdev/unpfii/documents/DRIPS_en.pdf','One function of government is to uphold the rights described in the UNDRIP. This document that describes both individual and collective rights of Indigenous peoples around the world. It offers guidance on cooperative relationships with Indigenous peoples to states, the United Nations, and other international organizations based on the principles of equality, partnership, good faith and mutual respect. It addresses the rights of Indigenous peoples on issues such as:<ol><li>culture</li><li>identity</li><li>religion</li><li>language</li><li>health</li><li>education</li> <li>community</li></ol>The declaration was adopted by resolution of the United Nations General Assembly on September 13, 2007. The 10 principles of UNDRIP serve as guides to assist in repairing the damaged relationship between the Indigenous and non-Indigenous peoples of Canada. <p><p> Link provided is for the full document.','','','',2,NULL,NULL,0,0,NULL,NULL,0,35,NULL,'fab197ca-eaa7-4418-960d-d8e8cf40231a','2020-06-30 23:21:45','fab197ca-eaa7-4418-960d-d8e8cf40231a','2021-06-10 22:23:48','fab197ca-eaa7-4418-960d-d8e8cf40231a',2,'',NULL),(285,'Strategic Leadership Competencies','https://www2.gov.bc.ca/gov/content/careers-myhr/job-seekers/about-competencies/strategic-leaders','Become familiar with the competencies for strategic leadership in the BC Public Service.','','','',2,NULL,NULL,0,0,NULL,NULL,0,0,NULL,'fab197ca-eaa7-4418-960d-d8e8cf40231a','2020-07-03 16:08:35','fab197ca-eaa7-4418-960d-d8e8cf40231a','2020-07-03 16:08:35','fab197ca-eaa7-4418-960d-d8e8cf40231a',2,'10 mins or less',NULL),(286,'Eight Dimensions of Health and Well-being','https://gww.bcpublicservice.gov.bc.ca/learning/latww/latww2019/resource/index.html','Learn about the Eight Dimensions of Health and Well-being introduced during Learn @ Work Week 2019.  You can read about each dimension, learn some tips, reflect on key questions and access relevant resources to enhance your health and well-being in each dimension.','','','',2,NULL,NULL,0,0,NULL,NULL,0,3,NULL,'fab197ca-eaa7-4418-960d-d8e8cf40231a','2020-07-03 20:04:39','fab197ca-eaa7-4418-960d-d8e8cf40231a','2021-08-12 19:38:33','fab197ca-eaa7-4418-960d-d8e8cf40231a',2,'2 hours',NULL),(287,'Analyze Your Strengths and Supports','https://gww.bcpublicservice.gov.bc.ca/learning/curator/forms/PD2 - Strength_Support.pdf','In this activity, you will identify the strengths and supports that promote your resiliency and ability to navigate challenge and adversity, and identify and articulate the supports you still need to be fully resilient.<p><p>Consider asking a colleague or friend to help you with this activity.  They may be able to help you identify your strengths and supports.','','','',2,NULL,NULL,0,0,NULL,NULL,0,0,NULL,'fab197ca-eaa7-4418-960d-d8e8cf40231a','2020-07-03 20:20:39','fab197ca-eaa7-4418-960d-d8e8cf40231a','2021-08-11 02:46:32','fab197ca-eaa7-4418-960d-d8e8cf40231a',4,'Under 10 mins','slugsrcool'),(288,'Five Minute Supervisor Episode 2: Effective Feedback','https://gww.gov.bc.ca/groups/learning-bc-public-service/blogs/2020/0519/5-minute-supervisor-episode-2-effective-feedback','Listen to ADM Laure Nash talk about \"Speaking truth to Power\" - What does it mean? Why is it impactful? How can it help you in your career path? Why should you seek it out and hope that you receive honest feedback from those around you? Why should you seek feedback even if it may be difficult to give or to hear?','','','',2,NULL,NULL,0,0,NULL,NULL,0,1,NULL,'fab197ca-eaa7-4418-960d-d8e8cf40231a','2020-07-03 20:29:05','fab197ca-eaa7-4418-960d-d8e8cf40231a','2020-07-06 23:39:56','fab197ca-eaa7-4418-960d-d8e8cf40231a',3,'5 mins',NULL),(289,'Thanks for the Feedback: The Science and Art of Receiving Feedback Well','https://www.youtube.com/watch?v=SggjK0Gm3I4','The authors of the classic bestseller Difficult Conversations return with Thanks for the Feedback, the first book to assert that receiving feedback well is a skill that can be taught and refined. With humour and clarity, Thanks for the Feedback takes an honest look at why feedback can feel so hard to hear, and gives readers the framework and tools needed to metabolize challenging information and use it to fuel real change.','','','',2,NULL,NULL,0,0,NULL,NULL,0,0,NULL,'fab197ca-eaa7-4418-960d-d8e8cf40231a','2020-07-03 20:38:31','fab197ca-eaa7-4418-960d-d8e8cf40231a','2020-09-30 19:52:36','fab197ca-eaa7-4418-960d-d8e8cf40231a',1,'1 hour',NULL),(290,'Thanks for the Feedback','https://thepowermoves.com/thanks-for-the-feedback/','Thanks for the Feedback zooms in on the art and science of feedback: how you can give it, how you can take it and how you can make the most of it.','','','',2,NULL,NULL,0,0,NULL,NULL,0,0,NULL,'fab197ca-eaa7-4418-960d-d8e8cf40231a','2020-07-03 20:42:58','fab197ca-eaa7-4418-960d-d8e8cf40231a','2020-07-03 20:42:58','fab197ca-eaa7-4418-960d-d8e8cf40231a',2,'1 hour',NULL),(291,'My Plan to Build a Mentoring Relationship','https://gww.bcpublicservice.gov.bc.ca/learning/curator/forms/PD7 - Find_Mentor.pdf','You can use this form to document and plan how you are going to get your mentorship relationship in place.','','','',2,NULL,NULL,0,0,NULL,NULL,0,0,NULL,'fab197ca-eaa7-4418-960d-d8e8cf40231a','2020-07-03 21:15:38','fab197ca-eaa7-4418-960d-d8e8cf40231a','2020-07-23 21:18:14','fab197ca-eaa7-4418-960d-d8e8cf40231a',4,'',NULL),(292,'How to Find (and Keep) a Mentor in 10 Not-So-Easy Steps','https://goinswriter.com/find-mentor/','Finding a mentor can be confusing, challenging, time consuming...  Jeff Goins breaks down the process into 10 not-so-easy steps to find the right mentor for you.','','','',2,NULL,NULL,0,0,NULL,NULL,0,2,NULL,'fab197ca-eaa7-4418-960d-d8e8cf40231a','2020-07-03 21:22:30','fab197ca-eaa7-4418-960d-d8e8cf40231a','2020-07-11 19:43:11','fab197ca-eaa7-4418-960d-d8e8cf40231a',2,'',NULL),(293,'Hoopla!','https://www.gvpl.ca/virtual-branch/hoopla/','Instantly borrow digital movies, music, audiobooks and TV shows on your computer, tablet, phone or Internet-enabled TV. With no wait lists, you can create an account and stream titles immediately, or download them to enjoy offline later.NEW: Comics and graphic novels are now available in Hoopla for a trial period. Check one out today.','','','',1,NULL,NULL,0,0,NULL,NULL,0,0,NULL,'fab197ca-eaa7-4418-960d-d8e8cf40231a','2020-07-11 22:08:40','fab197ca-eaa7-4418-960d-d8e8cf40231a','2020-07-11 22:09:56','fab197ca-eaa7-4418-960d-d8e8cf40231a',1,'1 hour',NULL),(294,'GVPL','https://gvpl.ca','Library is cool','','','',1,NULL,NULL,0,0,NULL,NULL,0,0,NULL,'fab197ca-eaa7-4418-960d-d8e8cf40231a','2020-07-11 22:11:28','fab197ca-eaa7-4418-960d-d8e8cf40231a','2020-07-11 22:15:28','fab197ca-eaa7-4418-960d-d8e8cf40231a',1,'',NULL),(295,'Quirks & Quarks','https://www.cbc.ca/radio/quirks','Quirks & Quarks is the award-winning radio science program of the Canadian Broadcasting Corporation. The program is heard by a national audience in Canada of nearly 800,000 people, and by thousands more around the world on our weekly podcast.For the past 40 years, Quirks & Quarks has brought its listeners to the cutting edge of scientific inquiry. Every week, the program presents the people behind the latest discoveries in the physical and natural sciences, from the smallest sub-atomic particle to the largest objects in the sky and everything in between. The program also examines the political, social, environmental and ethical implications of new developments in science and technology. Quirks & Quarks is a program for people fascinated by the world above, below and around them. And you dont need a PhD to enjoy it.Join host Bob McDonald each week to find out the latest in science, technology, medicine and the environment. We cover every aspect of science, from the quirks of the expanding universe to the quarks within a single atom ... and everything in between.','','','',1,NULL,NULL,0,0,NULL,NULL,0,1,NULL,'fab197ca-eaa7-4418-960d-d8e8cf40231a','2020-07-12 23:41:56','fab197ca-eaa7-4418-960d-d8e8cf40231a','2020-07-13 02:06:32','fab197ca-eaa7-4418-960d-d8e8cf40231a',3,'Unlimited',NULL),(296,'Khan Academy','https://www.khanacademy.org/','','','','',5,NULL,NULL,0,0,NULL,NULL,0,0,NULL,'fab197ca-eaa7-4418-960d-d8e8cf40231a','2020-07-12 23:45:07','fab197ca-eaa7-4418-960d-d8e8cf40231a','2020-07-13 22:45:16','fab197ca-eaa7-4418-960d-d8e8cf40231a',1,'Unlimited',NULL),(297,'Parks and Recreation','https://www.youtube.com/watch?v=um_HYaya5ls','Is really funny.','','','',5,NULL,NULL,0,0,NULL,NULL,0,0,NULL,'fab197ca-eaa7-4418-960d-d8e8cf40231a','2020-07-13 01:57:04','fab197ca-eaa7-4418-960d-d8e8cf40231a','2020-07-13 21:31:32','fab197ca-eaa7-4418-960d-d8e8cf40231a',1,'1 hour',NULL),(298,'Yet another thing','https://depressionchart.com','Testing 123','','',NULL,5,NULL,NULL,0,0,NULL,NULL,0,0,NULL,'fab197ca-eaa7-4418-960d-d8e8cf40231a','2020-07-13 20:16:55','fab197ca-eaa7-4418-960d-d8e8cf40231a','2020-07-13 20:16:55','fab197ca-eaa7-4418-960d-d8e8cf40231a',4,'5 minutes',NULL),(299,'Open Source Software and Open Standards in the Government of Canada','https://open.canada.ca/en/blog/open-source-software-and-open-standards-government-canada','There are no target browsers or target technologies. Progressive Enhancement. Graceful degragdation. Accessbility. Evergreen browsers. THERE IS NO FOLD responsive, mobile-first.','','','',2,NULL,NULL,0,0,NULL,NULL,0,0,NULL,'fab197ca-eaa7-4418-960d-d8e8cf40231a','2020-07-14 17:13:45','fab197ca-eaa7-4418-960d-d8e8cf40231a','2020-07-14 17:25:20','fab197ca-eaa7-4418-960d-d8e8cf40231a',2,'1 hour',NULL),(300,'Inkscape','https://inkscape.org/','Free, open-source vector editor; alternative to Adobe Illustrator','','','',2,NULL,NULL,0,0,NULL,NULL,0,0,NULL,'fab197ca-eaa7-4418-960d-d8e8cf40231a','2020-07-14 17:20:36','fab197ca-eaa7-4418-960d-d8e8cf40231a','2020-07-14 17:21:03','fab197ca-eaa7-4418-960d-d8e8cf40231a',2,'Unlimited',NULL),(301,'Analyze Your Strengths and Supports','','Please delete','','Please delete','',3,NULL,NULL,0,0,NULL,NULL,0,0,NULL,'fab197ca-eaa7-4418-960d-d8e8cf40231a','2020-07-15 22:14:42','fab197ca-eaa7-4418-960d-d8e8cf40231a','2020-07-15 22:16:28','fab197ca-eaa7-4418-960d-d8e8cf40231a',4,'',NULL),(302,'Plan Your Stretch Learning','https://gww.bcpublicservice.gov.bc.ca/learning/curator/role-advancement/plan_stretch_learning-curator-role-advancement.pdf','Download this activity to help you go through the steps to identify and plan a stretch assignment that will get you closer to your career goals.','','','',2,NULL,NULL,0,0,NULL,NULL,0,1,NULL,'fab197ca-eaa7-4418-960d-d8e8cf40231a','2020-07-16 16:14:54','fab197ca-eaa7-4418-960d-d8e8cf40231a','2021-06-03 17:35:12','fab197ca-eaa7-4418-960d-d8e8cf40231a',4,'1 hr or less',NULL),(303,'How Much Do You Know About Government?','https://youtu.be/2hdR4R_xN6A','This video introduces key functions of government as it describes the structure of our provincial government.','','','',2,NULL,NULL,0,0,NULL,NULL,0,0,NULL,'fab197ca-eaa7-4418-960d-d8e8cf40231a','2020-07-16 16:25:35','fab197ca-eaa7-4418-960d-d8e8cf40231a','2020-07-16 16:25:35','fab197ca-eaa7-4418-960d-d8e8cf40231a',1,'',NULL),(304,'Knowledge Transfer in the BCPS','https://www2.qa.gov.bc.ca/gov/content/careers-myhr/managers-supervisors/knowledge-transfer','A MyHR site with knowledge transfer guides and resources for managers and supervisors.','','','',2,NULL,NULL,0,0,NULL,NULL,0,0,NULL,'fab197ca-eaa7-4418-960d-d8e8cf40231a','2020-07-16 17:29:20','fab197ca-eaa7-4418-960d-d8e8cf40231a','2020-07-16 17:29:20','fab197ca-eaa7-4418-960d-d8e8cf40231a',2,'',NULL),(305,'Accessible Government Toolkit','https://www2.gov.bc.ca/gov/content/home/accessible-government','Were committed to providing accessible information and services for all British Columbians. This means working toward meeting the World Wide Web Consortium (W3C) Web Content Accessibility Guidelines (WCAG) 2.0 and 2.1 (AA). ','','',NULL,2,NULL,NULL,0,0,NULL,NULL,0,1,NULL,'fab197ca-eaa7-4418-960d-d8e8cf40231a','2020-07-19 23:42:08','fab197ca-eaa7-4418-960d-d8e8cf40231a','2020-07-20 15:23:24','fab197ca-eaa7-4418-960d-d8e8cf40231a',2,'',NULL),(306,'Supervisor Series: Empowerment','https://www.youtube.com/watch?v=JF1oysaZHDM&feature=youtu.be','Originally created for the @Work intranet for BC Public Service employees, this video hears from one ADM about the importance of hearing ideas from employees--getting the culture in place to let people know its okay to share their ideas and get what theyre thinking out there - and answers the question \"What can leaders do to empower employees?\"<p><p>Transcript available. ','','Would like to link the transcript for this video in the description.','',2,NULL,NULL,0,0,NULL,NULL,0,0,NULL,'fab197ca-eaa7-4418-960d-d8e8cf40231a','2020-07-20 17:41:09','fab197ca-eaa7-4418-960d-d8e8cf40231a','2020-07-20 17:41:09','fab197ca-eaa7-4418-960d-d8e8cf40231a',1,'',NULL),(307,'Helping your Team to Practice their Leadership Skills ','https://gww.bcpublicservice.gov.bc.ca/learning/curator/forms/Step7 - Leading_others.pdf','This activity provides a list of tips to share with your staff to help them practice their own leadership skills in development. Select one or more of these tips and meet with your staff to talk about how to find or create their own opportunities to apply what theyre learning.','','Item needs to be formatted as pdf and linked.','',2,NULL,NULL,0,0,NULL,NULL,0,1,NULL,'fab197ca-eaa7-4418-960d-d8e8cf40231a','2020-07-20 18:43:59','fab197ca-eaa7-4418-960d-d8e8cf40231a','2020-08-28 03:04:55','fab197ca-eaa7-4418-960d-d8e8cf40231a',4,'1 hr or less',NULL),(308,'Career Development Tools on SDPR Intranet','https://intranet.gov.bc.ca/theloop/staff-workplace/learning-development/career-development','This page has resources to help you achieve your career goals - organized into tools that will help you look at where youve been, where you are now, and where youre headed. Prior to a career conversation with your supervisor, have a look at these tools--theyll step you through some of the thinking you need to do before you talk about your next steps, including a Career Development Action Planner!','','','',2,NULL,NULL,0,0,NULL,NULL,0,0,NULL,'fab197ca-eaa7-4418-960d-d8e8cf40231a','2020-07-20 21:05:59','fab197ca-eaa7-4418-960d-d8e8cf40231a','2020-07-20 21:05:59','fab197ca-eaa7-4418-960d-d8e8cf40231a',2,'',NULL),(309,'Health and Wellbeing Workshops ','https://www2.gov.bc.ca/gov/content/careers-myhr/all-employees/safety-health-well-being/health/health-well-being-workshops','Health & Well-Being workshops offer information on a variety of healthy living-focused topics such as: mental health, mindful communication and listening, resilience and stress management, retirement and more. These workshops are currently offered via Skype.','','','',2,NULL,NULL,0,0,NULL,NULL,0,1,NULL,'fab197ca-eaa7-4418-960d-d8e8cf40231a','2020-07-20 21:20:36','fab197ca-eaa7-4418-960d-d8e8cf40231a','2020-08-26 21:38:55','fab197ca-eaa7-4418-960d-d8e8cf40231a',4,'',NULL),(310,'Mental Health and Well-being: Caring for Self, Caring for Others','https://www.youtube.com/watch?v=hCPvj3UjRi0&feature=youtu.be','This presentation for all BC Public Service employees will provide you with:<ol><li>Ideas for self-care and keeping your \"battery\" charged</li><li>Tips when caring for others, and having supportive conversations</li><li>Suggested resources and sources of support to care for your mental health and well-being</li></ol>','','','',1,NULL,NULL,0,0,NULL,NULL,0,0,NULL,'fab197ca-eaa7-4418-960d-d8e8cf40231a','2020-07-20 21:25:13','fab197ca-eaa7-4418-960d-d8e8cf40231a','2020-07-20 21:25:13','fab197ca-eaa7-4418-960d-d8e8cf40231a',1,'1 hr or less',NULL),(311,'Personal Plan for Well-being','https://gww.gov.bc.ca/sites/default/files/personal_plan_for_wellbeing.pdf','A tool to help you make commitments to practice self-care&#8212from the Mental Health and Well-being Resource Hub.','','','',2,NULL,NULL,0,0,NULL,NULL,0,2,NULL,'fab197ca-eaa7-4418-960d-d8e8cf40231a','2020-07-20 21:45:02','fab197ca-eaa7-4418-960d-d8e8cf40231a','2020-09-11 19:01:44','fab197ca-eaa7-4418-960d-d8e8cf40231a',4,'',NULL),(312,'Podcast : Wellbeing, leadership and authenticity','https://www.snap-leadership.com/blog-snap-leadership/2020/2/23/qwxe64gaypgwnwun5saot1fom1pz4i','From a blog \"about the world of leadership, learning, development, coaching, and life at work.\" podcast episode: \"Wellbeing, leadership and authenticity.\"Quote: \"… in a leadership role is in some way, youre expected to be well. Just naturally. You should be a shining example of being well in an organization. And the simple fact is: youre not always going to be in that place. Youre only human.\"','','','',2,NULL,NULL,0,0,NULL,NULL,0,0,NULL,'fab197ca-eaa7-4418-960d-d8e8cf40231a','2020-07-20 21:47:06','fab197ca-eaa7-4418-960d-d8e8cf40231a','2020-10-19 16:29:07','fab197ca-eaa7-4418-960d-d8e8cf40231a',3,'Under 1 hour','podcast-wellbeing-leadership-and-authenticity'),(313,'Whos who in the zoo?','https://gww.bcpublicservice.gov.bc.ca/learning/curator/forms/Foundations_of_Government.pdf','1-page assignment guiding you to identify your ministrys structure, and your organization within it.','','',NULL,2,NULL,NULL,0,0,NULL,NULL,0,0,NULL,'fab197ca-eaa7-4418-960d-d8e8cf40231a','2020-07-23 20:51:54','fab197ca-eaa7-4418-960d-d8e8cf40231a','2020-07-23 20:51:54','fab197ca-eaa7-4418-960d-d8e8cf40231a',4,'1 hr or less',NULL),(314,'Applying your Leadership Skills-How do you do that?','https://gww.bcpublicservice.gov.bc.ca/learning/curator/forms/PD6%20-%20Leadership_Skills.pdf','Download this form and use it to keep track of the actions you plan to take to create your own applied leadership development experiences.','','',NULL,2,NULL,NULL,0,0,NULL,NULL,0,1,NULL,'fab197ca-eaa7-4418-960d-d8e8cf40231a','2020-07-23 21:11:29','fab197ca-eaa7-4418-960d-d8e8cf40231a','2020-09-01 18:33:11','fab197ca-eaa7-4418-960d-d8e8cf40231a',4,'1 hr or less',NULL),(315,'High 5 Test','http://dev.gww.bcpublicservice.gov.bc.ca/learning-curator/steps/edit/55','This test will reveal what you are \"naturally good at\" or \"your unique strengths profile\".  It can be used individually or for teams.  ','','',NULL,2,NULL,NULL,0,0,NULL,NULL,0,0,NULL,'fab197ca-eaa7-4418-960d-d8e8cf40231a','2020-08-04 18:06:12','fab197ca-eaa7-4418-960d-d8e8cf40231a','2020-08-04 18:06:12','fab197ca-eaa7-4418-960d-d8e8cf40231a',4,'1 hour or less',NULL),(316,'16 Personalities','https://www.16personalities.com/','Aligned with MBTI, this free personality test offers insights into how you tend to function in different areas including at work, and strengths and weaknesses.','','','',2,NULL,NULL,0,0,NULL,NULL,0,0,NULL,'fab197ca-eaa7-4418-960d-d8e8cf40231a','2020-08-04 18:15:43','fab197ca-eaa7-4418-960d-d8e8cf40231a','2020-08-04 18:15:43','fab197ca-eaa7-4418-960d-d8e8cf40231a',4,'1 hour or less',NULL),(317,'Enneagram Personality Test','https://www.truity.com/test/enneagram-personality-test','\"The Enneagram is a system of personality which describes people in terms of 9 types, each with their own motivations, fears, and internal dynamics. \"','','','',2,NULL,NULL,0,0,NULL,NULL,0,0,NULL,'fab197ca-eaa7-4418-960d-d8e8cf40231a','2020-08-04 18:26:28','fab197ca-eaa7-4418-960d-d8e8cf40231a','2020-08-04 18:26:28','fab197ca-eaa7-4418-960d-d8e8cf40231a',4,'1 hour or less',NULL),(318,'Sustained Learning and Development (Indigenous Relations Behavioural Competency)','https://www2.gov.bc.ca/gov/content/careers-myhr/job-seekers/about-competencies/indigenous-relations/sustained-learning-development','<p>Sustained Learning and Development means continuallyincreasing your ability to build and maintain respectful andeffective relationships with Aboriginal people.Review and reflect on how you demonstrate or dont demonstrate this competency.  Consider some of the actions, such as:</p><ul><li>Go to Aboriginal communities and organizations to learn about their culture and business as part of learning and development plan.</li><li>Seek and utilize informal learning situations responsibly.</li><li> Examine your own performance and seek feedback internally and externally to improve performance.</li><li> Integrate feedback into development plans and activities.</li></ul><p>After reflection, develop a plan as to how you can enhance your competence in this area.</p>','','','',2,NULL,NULL,0,0,NULL,NULL,0,0,NULL,'fab197ca-eaa7-4418-960d-d8e8cf40231a','2020-08-04 19:08:28','fab197ca-eaa7-4418-960d-d8e8cf40231a','2020-09-30 19:53:41','fab197ca-eaa7-4418-960d-d8e8cf40231a',2,'2 hours',NULL),(319,'Self Discovery and Awareness (Indigenous Behavioural Relations Competency)','https://www2.gov.bc.ca/gov/content/careers-myhr/job-seekers/about-competencies/indigenous-relations/self-discovery-awareness','Self-discovery and awareness means understanding ones thoughts, feelings, values and background and how they impact the success of the interaction and relationship, or how they may influence ones work.Review and reflect on how you demonstrate or dont demonstrate this competency.  Consider some of the behaviours listed in this resource and assess your own competency. Consider developing a plan to enhance your own self-discovery and self awareness.','','','',2,NULL,NULL,0,0,NULL,NULL,0,0,NULL,'fab197ca-eaa7-4418-960d-d8e8cf40231a','2020-08-04 19:16:36','fab197ca-eaa7-4418-960d-d8e8cf40231a','2021-06-04 19:07:24','fab197ca-eaa7-4418-960d-d8e8cf40231a',2,'2 hours',NULL),(320,'Using the Indigenous Relations Behaviour Competencies','https://www2.gov.bc.ca/gov/content/careers-myhr/job-seekers/about-competencies/indigenous-relations','All employees should consider adding IRBCs to their MyPerformance profile work and development goals. This page gives an overview and links you to an implementation guide, which can help you use the IRBCs as a road map for evaluating your behaviour and making the changes necessary to better serve Indigenous people.','','','',2,NULL,NULL,0,0,NULL,NULL,0,8,NULL,'fab197ca-eaa7-4418-960d-d8e8cf40231a','2020-08-06 17:26:51','fab197ca-eaa7-4418-960d-d8e8cf40231a','2021-08-09 20:58:50','fab197ca-eaa7-4418-960d-d8e8cf40231a',2,'1 hr or less',NULL),(321,'Juan de Fuca Trail','http://bcparks.ca/explore/parkpgs/juan_de_fuca/','Hike in the mud. Breathe the sea air. Sing to warn the bears of your approach. ','','',NULL,5,NULL,NULL,0,0,NULL,NULL,0,0,NULL,'fab197ca-eaa7-4418-960d-d8e8cf40231a','2020-08-07 15:40:57','fab197ca-eaa7-4418-960d-d8e8cf40231a','2020-08-07 15:40:57','fab197ca-eaa7-4418-960d-d8e8cf40231a',4,'>2 days',NULL),(322,'Work-Able Program','https://gww.gov.bc.ca/groups/accessibility-bc-public-service/blogs/2019/0918/workable-year-life','A 12-month, paid BC Public Service work experience program for recent post-secondary graduates with disabilities. Hear from one past participant about this program Maia Biel, patient and client relations officer at the Ministry of Health. ','','','',2,NULL,NULL,0,0,NULL,NULL,0,1,NULL,'fab197ca-eaa7-4418-960d-d8e8cf40231a','2020-08-10 17:01:42','fab197ca-eaa7-4418-960d-d8e8cf40231a','2021-08-09 04:43:28','fab197ca-eaa7-4418-960d-d8e8cf40231a',2,'10 mins or less',NULL),(323,'Reflecting Our Communities: Building a Diverse BC Public Service','https://www2.gov.bc.ca/assets/gov/careers/about-the-bc-public-service/diversity-inclusion-respect/reflecting-our-communities_2014-report.pdf','The 2014 report on the Provinces inclusive approach to hiring, developing, engaging and retaining employees with disabilities addresses the corporate diversity strategy for the BC Public Service, Accessibility 2024, and more. (PDF)','','','',2,NULL,NULL,0,0,NULL,NULL,0,4,NULL,'fab197ca-eaa7-4418-960d-d8e8cf40231a','2020-08-10 17:07:25','fab197ca-eaa7-4418-960d-d8e8cf40231a','2021-08-17 05:39:53','fab197ca-eaa7-4418-960d-d8e8cf40231a',2,'1 hr or less',NULL),(324,'Indigenous Youth Internship Program','https://gww.gov.bc.ca/news/2020/0825/thats-wrap ','Every year, <a href=\"https://www2.gov.bc.ca/gov/content/careers-myhr/job-seekers/internship-co-op-opportunities/iyip?keyword=IYIP\" target=\"_blank\">the IYIP program</a> provides a 12-month, paid internship for up to 25 Indigenous youth residing in British Columbia, ages 19 to 29. ','','','',2,NULL,NULL,0,0,NULL,NULL,0,1,NULL,'fab197ca-eaa7-4418-960d-d8e8cf40231a','2020-08-10 17:10:55','fab197ca-eaa7-4418-960d-d8e8cf40231a','2021-08-05 04:52:32','fab197ca-eaa7-4418-960d-d8e8cf40231a',1,'10 mins or less',NULL),(325,'Nudging for Diversity and Inclusion','https://gww.gov.bc.ca/groups/bc-behavioural-insights-group-big/blogs/2017/1205/nudging-diversity-inclusion','How can behavioural sciences improve diversity and inclusion in the workplace? Read this @Work blog post by Caitlin Forsey for information about bias interrupters, strategies for reducing the influence of stereotypes in hiring decisions.','','','',2,NULL,NULL,0,0,NULL,NULL,0,1,NULL,'fab197ca-eaa7-4418-960d-d8e8cf40231a','2020-08-10 17:31:59','fab197ca-eaa7-4418-960d-d8e8cf40231a','2021-08-05 04:51:57','fab197ca-eaa7-4418-960d-d8e8cf40231a',2,'10 mins or less',NULL),(326,'Accessibility Blog Posts on @Work','https://gww.gov.bc.ca/groups/accessibility-bc-public-service/blogs','Visit @Work for the Full Access Blog series and other blog posts on Accessibility in the BC Public Service.','','','',2,NULL,NULL,0,0,NULL,NULL,0,0,NULL,'fab197ca-eaa7-4418-960d-d8e8cf40231a','2020-08-10 18:00:00','fab197ca-eaa7-4418-960d-d8e8cf40231a','2020-08-10 18:00:00','fab197ca-eaa7-4418-960d-d8e8cf40231a',2,'',NULL),(327,'Diversity and Inclusion Essentials','https://learning.gov.bc.ca/psc/CHIPSPLM/EMPLOYEE/ELM/c/LM_OD_EMPLOYEE_FL.LM_CRS_DTL_FL.GBL?Page=LM_CRS_DTL_FL&Action=U&ForceSearch=Y&LM_CI_ID=18496&TargetFrameName=None','What guides diversity and inclusion in the BC Public Service? This required online resource and quiz is for everyone in the BCPS, and takes approximately 15-25 minutes to complete. Click \"participate\" to register. If you wish to return to the online resource to reference any of the content, visit <a href=\"https://gww.bcpublicservice.gov.bc.ca/learning/diversity/courses/diversity_essentials/index.html\" target=\"_blank\">D&I Essentials</a> at any time.','','','',2,NULL,NULL,0,0,NULL,NULL,0,1,NULL,'fab197ca-eaa7-4418-960d-d8e8cf40231a','2020-08-10 18:18:43','fab197ca-eaa7-4418-960d-d8e8cf40231a','2021-08-17 07:00:43','fab197ca-eaa7-4418-960d-d8e8cf40231a',4,'1 hr or less',NULL),(328,'Unpacking the Invisible Knapsack','https://msw.usc.edu/mswusc-blog/diversity-workshop-guide-to-discussing-identity-power-and-privilege/#unpack','In this activity, you read the article by Peggy McIntosh, complete a reflection checklist, and watch a video about white privilege.','','','',2,NULL,NULL,0,0,NULL,NULL,0,0,NULL,'fab197ca-eaa7-4418-960d-d8e8cf40231a','2020-08-10 18:26:59','fab197ca-eaa7-4418-960d-d8e8cf40231a','2020-08-10 18:28:19','fab197ca-eaa7-4418-960d-d8e8cf40231a',4,'1 hr or less',NULL),(329,'Audience Diversity','https://www2.gov.bc.ca/gov/content/home/accessible-government/toolkit/audience-diversity','From the Accessibility and Inclusion Toolkit on gov.bc.ca. This webpage provides statistics and information about the diversity of disabilities in British Columbia. As well, it provides valuable information on literacy levels. There are hyperlinks to a <a href=\"https://www2.gov.bc.ca/gov/content/governments/services-for-government/policies-procedures/web-content-development-guides/writing-for-the-web/plain-language-guide\" target=\"blank\">plain language guide</a>, <a href\"https://www2.gov.bc.ca/gov/content/home/accessible-government/toolkit/audience-diversity/inclusive-language-and-terms\" target=\"blank\">inclusive language and terms</a>, and additional diversity and cultural statistics.','','','',2,NULL,NULL,0,0,NULL,NULL,0,0,NULL,'fab197ca-eaa7-4418-960d-d8e8cf40231a','2020-08-10 18:37:46','fab197ca-eaa7-4418-960d-d8e8cf40231a','2021-08-17 07:00:30','fab197ca-eaa7-4418-960d-d8e8cf40231a',2,'1 hr or less',NULL),(330,'We Need to Talk About Racism','https://www.universityaffairs.ca/opinion/from-the-admin-chair/we-need-to-talk-about-racism/','Sheila Cote-Meek begins her essay in University Affairs Magazine by describing several day-to-day and work life experiences of racism and microaggression. She continues by outlining the need to acknowledge racism and discuss it openly. She stresses the need to learn about racism and ask questions of new policies and programs. (March 2020)','','','',2,NULL,NULL,0,0,NULL,NULL,0,0,NULL,'fab197ca-eaa7-4418-960d-d8e8cf40231a','2020-08-10 18:42:04','fab197ca-eaa7-4418-960d-d8e8cf40231a','2021-07-15 16:09:11','fab197ca-eaa7-4418-960d-d8e8cf40231a',2,'10 mins or less',NULL),(331,'House of Indigenous Learning at the Learning Centre','https://gww.gov.bc.ca/house-of-indigenous-learning','Visit the House of Indigenous Learning on the @Work site for information about current learning opportunities and events with Indigenous perspectives at the centre, as well as an extensive list of resources, including support for territorial acknowledgements, essential reading, and information on being an ally.','','','',2,NULL,NULL,0,0,NULL,NULL,0,18,NULL,'fab197ca-eaa7-4418-960d-d8e8cf40231a','2020-08-10 18:51:44','fab197ca-eaa7-4418-960d-d8e8cf40231a','2021-02-11 17:03:15','fab197ca-eaa7-4418-960d-d8e8cf40231a',4,'',NULL),(332,'Four Weeks to Awareness Learning Plan','https://www2.gov.bc.ca/assets/gov/careers/for-job-seekers/about-competencies/indigenous-relations-competencies/four_weeks_to_awareness.pdf','Focus your learning with a defined purpose and learning goals for each week, with corresponding prescribed learning tasks. This learning is designed to support your adoption of the Indigenous Relations Behavioural Competencies.','','','',2,NULL,NULL,0,0,NULL,NULL,0,0,NULL,'fab197ca-eaa7-4418-960d-d8e8cf40231a','2020-08-10 18:54:39','fab197ca-eaa7-4418-960d-d8e8cf40231a','2020-08-10 18:54:39','fab197ca-eaa7-4418-960d-d8e8cf40231a',4,'>2 days',NULL),(333,'Building Capacity in Indigenous Relations: We are all Here to Stay','https://learning.gov.bc.ca/psc/CHIPSPLM/EMPLOYEE/ELM/c/LM_OD_EMPLOYEE_FL.LM_CRS_DTL_FL.GBL?Page=LM_CRS_DTL_FL&Action=U&ForceSearch=Y&LM_CI_ID=1006&TargetFrameName=None','This course will help BC Public Servants to strengthen their capacity and ability to move forward on our shared path. The BCIR course is an important first step on the path towards the \"Truth\" in Truth and Reconciliation.','','',NULL,2,NULL,NULL,0,0,NULL,NULL,0,0,NULL,'fab197ca-eaa7-4418-960d-d8e8cf40231a','2020-08-10 18:59:46','fab197ca-eaa7-4418-960d-d8e8cf40231a','2020-08-10 18:59:46','fab197ca-eaa7-4418-960d-d8e8cf40231a',4,'1/2 day or less',NULL),(334,'Continue the fight against racism: Power is sustained interest','https://gww.gov.bc.ca/groups/mbcps-hub/blogs/2020/0617/continue-fight-against-racism-power-sustained-interest','Roland Best posted this powerful blog on the SDPR intranet site and later on @Work.  His words are both powerful, personal and inspiring.  As Roland wrote \"We need EVERONE to get involved and work together in this fight against racism.\"','','','',2,NULL,NULL,0,0,NULL,NULL,0,0,NULL,'fab197ca-eaa7-4418-960d-d8e8cf40231a','2020-08-10 20:44:41','fab197ca-eaa7-4418-960d-d8e8cf40231a','2020-08-10 20:45:01','fab197ca-eaa7-4418-960d-d8e8cf40231a',2,'10 mins or less',NULL),(335,'It Matters, stand with me','https://gww.gov.bc.ca/groups/house-indigenous-learning/blogs/2020/0610/it-matters-stand-me','Mark Johnson of the PSA Learning Centre shares his personal journey and thoughts regarding the Black Lives Matter movement. Mark calls us to acknowledge our privilege and biases, and challenges all of us to speak up when we see discriminatory behaviour.','','','',2,NULL,NULL,0,0,NULL,NULL,0,0,NULL,'fab197ca-eaa7-4418-960d-d8e8cf40231a','2020-08-10 20:57:20','fab197ca-eaa7-4418-960d-d8e8cf40231a','2020-08-10 20:57:20','fab197ca-eaa7-4418-960d-d8e8cf40231a',2,'10 mins or less',NULL),(336,'Policy and Law Catalogue','https://gww.bcpublicservice.gov.bc.ca/learning/diversity/courses/diversity_essentials/index.html#three','This short, web-based catalogue of legislation and policy explains how our corporate values connect to the values of diversity and inclusion. This catalogue summarizes each document in relation to diversity and inclusion, including the Public Service Act, Human Rights Code, Standards of Conduct, the Accountability Framework, and more--and links each to the full item for further reading. <p><p>Weve estimated 10 minutes or less to scan the catalogue summaries, but you could spend more time reading the documents themselves.','','','',2,NULL,NULL,0,0,NULL,NULL,0,1,NULL,'fab197ca-eaa7-4418-960d-d8e8cf40231a','2020-08-11 16:25:16','fab197ca-eaa7-4418-960d-d8e8cf40231a','2021-08-17 05:40:22','fab197ca-eaa7-4418-960d-d8e8cf40231a',2,'10 mins or less',NULL),(337,'Resources on Interrogating Power & Privilege','https://gww.gov.bc.ca/groups/innovation-hub/resource-bank-mewe-elements#ME/WE%20Interrogating%20PP','Check out the Innovation Hubs resources to explore, practice, and expand your ability to support the Framework for Changes element: Interrogating Power &amp; Privilege. Resources include readings, webinars and videos.','','','',2,NULL,NULL,0,0,NULL,NULL,0,1,NULL,'fab197ca-eaa7-4418-960d-d8e8cf40231a','2020-08-11 16:45:08','fab197ca-eaa7-4418-960d-d8e8cf40231a','2021-08-09 20:43:49','fab197ca-eaa7-4418-960d-d8e8cf40231a',4,'1/2 day or less',NULL),(338,'The Danger of a Single Story','https://www.youtube.com/watch?v=D9Ihs241zeg','Novelist Chimamanda Adichie tells the story of how she found her authentic cultural voice--and  warns that if we hear only a single story about another person or country, we risk a critical misunderstanding.','','','',2,NULL,NULL,0,0,NULL,NULL,0,0,NULL,'fab197ca-eaa7-4418-960d-d8e8cf40231a','2020-08-11 16:48:29','fab197ca-eaa7-4418-960d-d8e8cf40231a','2020-08-28 20:58:44','fab197ca-eaa7-4418-960d-d8e8cf40231a',1,'1 hr or less',NULL),(339,'Fostering a Diverse and Inclusive Workspace','https://www.forbes.com/sites/janicegassam/2019/08/25/10-books-to-help-you-foster-a-more-diverse-and-inclusive-workplace/#59a3d56a220c','For this activity, choose one of the recommended titles and read a book on fostering a more diverse and inclusive workspace. Curator Tamara Leonard-Vail recommends the titles on this list from Forbes - ask her about any of them except one still on her To-Be-Read list!<p><p>Remember you can check your local library for books  recommended here on the Learning Curator that you cant find in the Learning Centre Library.','','','',2,NULL,NULL,0,0,NULL,NULL,0,0,NULL,'fab197ca-eaa7-4418-960d-d8e8cf40231a','2020-08-11 16:55:31','fab197ca-eaa7-4418-960d-d8e8cf40231a','2020-08-11 16:57:12','fab197ca-eaa7-4418-960d-d8e8cf40231a',2,'>2 days',NULL),(340,'Immigrant Employment Council of BC Resources','https://iecbc.ca/employer-tools-and-resources/','A searchable warehouse of webinars, tips sheets, toolkits with checklists and referrals to useful websites... The IECBC has compiled these best practices from employers, partners, and key organizations across the country in order to help your organization successfully navigate the employment cycle and create a more inclusive workplace. <p><p>You could quickly scan and find a resource to fill a need or spend more time here.','','','',2,NULL,NULL,0,0,NULL,NULL,0,0,NULL,'fab197ca-eaa7-4418-960d-d8e8cf40231a','2020-08-11 17:04:10','fab197ca-eaa7-4418-960d-d8e8cf40231a','2020-08-11 17:04:10','fab197ca-eaa7-4418-960d-d8e8cf40231a',4,'1/2 day or less',NULL),(341,'Unconscious Bias at Work - Making the Unconscious Conscious','https://www.youtube.com/watch?v=NW5s_-Nl3JE','<p>This short video from Google does a good job of introducing unconscious bias and its effects at work. This background describes the reasons the BC Public Service is focusing on a diversity and inclusion strategy to help us develop the strongest, best public service we can.</p><p>Having biases is natural and automatic, being aware of your bias is a conscious exercise of self-awareness. </p><p>     Watch this video about unconscious bias and try to create a list of some of your biases that usually remain unconscious.<br></p>','','','',2,NULL,NULL,0,0,NULL,NULL,0,5,NULL,'fab197ca-eaa7-4418-960d-d8e8cf40231a','2020-08-11 17:24:45','fab197ca-eaa7-4418-960d-d8e8cf40231a','2021-08-17 05:40:09','fab197ca-eaa7-4418-960d-d8e8cf40231a',1,'Under 10 mins','unconscious-conscious'),(342,'What is Privilege? (The Privilege Walk)','https://www.youtube.com/watch?v=hD5f8GuNuGQ','This short video from Buzzfeed introduces the Privilege walk, an activity that gets to the heart of what privilege is. ','','','',2,NULL,NULL,0,0,NULL,NULL,0,0,NULL,'fab197ca-eaa7-4418-960d-d8e8cf40231a','2020-08-11 21:11:12','fab197ca-eaa7-4418-960d-d8e8cf40231a','2021-07-17 01:56:43','fab197ca-eaa7-4418-960d-d8e8cf40231a',1,'10 mins or less',NULL),(343,'Developing Others','https://gww.gov.bc.ca/sites/default/files/competencies/LeadingPeople_DevelopingOthers.pdf','Our development resource guide defines what it means to develop others, and contains activities to help you develop your competency in this area. ','','','',2,NULL,NULL,0,0,NULL,NULL,0,0,NULL,'fab197ca-eaa7-4418-960d-d8e8cf40231a','2020-08-11 23:23:23','fab197ca-eaa7-4418-960d-d8e8cf40231a','2020-08-11 23:24:05','fab197ca-eaa7-4418-960d-d8e8cf40231a',4,'1/2 day or less',NULL),(344,'Diversity and Indigenous Peoples in Canada','https://gww.gov.bc.ca/groups/house-indigenous-learning/blogs/2020/0811/diversity-and-indigenous-peoples-canada','There is not one \"Indigenous Culture and People.\" An important part of becoming more competent when it comes to Indigenous relations is taking the time to learn the true history of this province and country, and learn more about who the Indigenous peoples are, who you serve, who you work with, and whose territory you live on. This blog post by Toila McIntyre and Michelle Washington invites you to access the multiple resources available to you to learn about the many distinct Indigenous cultures in our province.','','','',2,NULL,NULL,0,0,NULL,NULL,0,0,NULL,'fab197ca-eaa7-4418-960d-d8e8cf40231a','2020-08-13 17:20:08','fab197ca-eaa7-4418-960d-d8e8cf40231a','2021-07-17 01:56:47','fab197ca-eaa7-4418-960d-d8e8cf40231a',2,'10 mins or less',NULL),(345,'Managing Diversity and Inclusion: An International Perspective','https://books.google.ca/books/about/Managing_Diversity_and_Inclusion.html?id=9gISCAAAQBAJ&printsec=frontcover&source=kp_read_button&redir_esc=y#v=onepage&q&f=false','This book offers an-depth and contextual account of enduring, contemporary and cutting edge theories and approaches to diversity and inclusion management.<p></p><p>With workforce demographics changing rapidly, high-profile cases of discrimination in the news and new legislation coming into force, it is more crucial than ever that organizations understand and effectively manage workplace diversity – not only to increase business outcomes, but to create an inclusive workplace in a socially responsible manner.</p><p></p><p>The second edition includes an engaging new chapter on social class and diversity, as well as a range of new mini case studies on contemporary issues and themes such as intersectionality and autism employment.</p><p></p><p>Note that the Learning Centre Library holds two copies of the 2015 edition.</p>','','','ISBN-10: 1446294641 ISBN-13: 978-1446294642',2,NULL,NULL,0,0,NULL,NULL,0,0,NULL,'fab197ca-eaa7-4418-960d-d8e8cf40231a','2020-08-13 17:37:14','fab197ca-eaa7-4418-960d-d8e8cf40231a','2020-09-30 16:47:17','fab197ca-eaa7-4418-960d-d8e8cf40231a',2,'1 day or less',NULL),(346,'Pride at Work Canada','https://prideatwork.ca/articles/','This organization supports private, public and nonprofit employers to create safer, more inclusive workplaces that recognize the skills of LGBTQ2+ people. Pride at Work Canada holds learning, networking and community events across the country, advising, celebrating and connecting the most inclusive Canadian employers. <p><p>Visit the site for articles and the Queering the Future of Work presentation recording. ','','','',2,NULL,NULL,0,0,NULL,NULL,0,1,NULL,'fab197ca-eaa7-4418-960d-d8e8cf40231a','2020-08-13 18:21:50','fab197ca-eaa7-4418-960d-d8e8cf40231a','2020-10-13 20:29:59','fab197ca-eaa7-4418-960d-d8e8cf40231a',2,'1 hr or less',NULL),(347,'Policy Essentials in the BC Public Service','https://learning.gov.bc.ca/psc/CHIPSPLM/EMPLOYEE/GBCLMPRD/c/LM_OD_EMPLOYEE_FL.LM_ACT_DTLS_FL.GBL?Page=LM_ACT_DTLS_FL&Action=U&ForceSearch=Y&LM_ACT_ID=9507&LM_CI_ID=17946&LM_ENRLMT_ID=1478832&TargetFrameName=None','This short course provides BC public servants with an introduction to the topic of public policy. <p></p><p>The course will provide you with a basic understanding of public policy, the phases of policy development, and the attributes and skills to be successful in a policy role. By the end of this course, you can expect to be able to: - define public policy. - recognize factors that influence the public policy environment. - recognize what policy analysis is and the role of policy analysts. - identify phases of the policy development cycle. - recognize the skills and attributes to be an effective policy analyst. </p><p></p><p>You can register for this course in the Learning system.</p>','','','',2,NULL,NULL,0,0,NULL,NULL,0,0,NULL,'fab197ca-eaa7-4418-960d-d8e8cf40231a','2020-08-13 19:08:27','fab197ca-eaa7-4418-960d-d8e8cf40231a','2021-06-14 23:12:52','fab197ca-eaa7-4418-960d-d8e8cf40231a',4,'1 hour ',NULL),(348,'Legislation In Action','https://www.bclaws.ca/','The BC Laws website includes provincial statutes and regulations. It is the unofficial, online version of current consolidations. <p><p> Look at the frequently viewed legislation section on the right side of the page. This includes legislation such as the Employment Standards Act, the Child, Family and Community Service Act, Motor Vehicle Act, the Residential Tenancy Act and others. <p><p> Choose a piece of legislation. Which Minister is responsible for it? (Hint: You can find out here https://www.leg.bc.ca/parliamentary-business/bills-and-legislation under Acts/Minister Responsibilities) <p><p>Go to the Ministry website and see how work being done in the Ministry relates to the legislation.  ','','','',2,NULL,NULL,0,0,NULL,NULL,0,0,NULL,'fab197ca-eaa7-4418-960d-d8e8cf40231a','2020-08-13 19:28:37','fab197ca-eaa7-4418-960d-d8e8cf40231a','2021-06-03 17:30:30','fab197ca-eaa7-4418-960d-d8e8cf40231a',4,'1 hour or more',NULL),(349,'COVID 19 and Legislation','https://www2.gov.bc.ca/gov/content/safety/emergency-preparedness-response-recovery/covid-19-provincial-support?bcgovtm=20200506_GCPE_AM_COVID_11_NOTIFICATION_BCGOVNEWS_BCGOV_EN_BC__NOTIFICATION','On March 17, 2020 the government declared a provincial state of emergency to support the provincewide response to the novel coronavirus (COVID-19) pandemic.<p><p>B.C.s Response to COVID-19 outlines the information, actions and support available to British Columbians. Look at the information through the lens of legislation. Connect a piece of the B.C. response to COVID-19 to legislation. For example, how has the Employment Standards Act been impacted by COVID-19?','','','',2,NULL,NULL,0,0,NULL,NULL,0,0,NULL,'fab197ca-eaa7-4418-960d-d8e8cf40231a','2020-08-13 19:44:26','fab197ca-eaa7-4418-960d-d8e8cf40231a','2020-08-13 21:22:38','fab197ca-eaa7-4418-960d-d8e8cf40231a',4,'1 hour or less',NULL),(350,'Rethinking the Language: Diversity, Inclusion, Equity, and Accommodation (LifeSpeak video series)','https://bcpsagency.lifespeak.com/learn?&share=true#/VolumeDetails/a-practical-guide-to-business-and-inclusion-in-the-workplace/rethinking-the-language--diversity--inclusion--equity--and-accomodation','\"Its critically important that we all have an understanding of the language that we use around diversity and inclusion so we can work together towards a common solution.\"<p></p><p>(Time is approximate for whole suite.)</p><p> </p><p>To access the LifeSpeak Library videos, click \"group,\" type \"lifespeak\" for the password, and youre in. :)</p>','','','',2,NULL,NULL,0,0,NULL,NULL,0,0,NULL,'fab197ca-eaa7-4418-960d-d8e8cf40231a','2020-08-13 21:40:12','fab197ca-eaa7-4418-960d-d8e8cf40231a','2020-12-15 23:54:32','fab197ca-eaa7-4418-960d-d8e8cf40231a',1,'Under 10 mins','slugsrcool'),(351,'Remote Working: Setting Yourself and Your Teams Up for Success','https://www.linkedin.com/learning/paths/remote-working-setting-yourself-and-your-teams-up-for-success','This LinkedIn Learning suite of videos covers many different aspects of remote work--from managing remote teams to leading virtual meetings to managing your time as a remote worker. <p><p>NOTE: some videos, such as Collaboration Tools, offer good advice but may recommend specific software products that are not available for our use in the BC public service. Before using any new software to support your mobile work, please ensure the product is approved for use through the OCIO. * If the videos appear as a black box, please try with Google Chrome. <p><p>Time estimate is for one course video, but you can spend less or more time on this site.','','',NULL,2,NULL,NULL,0,0,NULL,NULL,0,1,NULL,'fab197ca-eaa7-4418-960d-d8e8cf40231a','2020-08-13 23:14:46','fab197ca-eaa7-4418-960d-d8e8cf40231a','2020-09-03 20:26:01','fab197ca-eaa7-4418-960d-d8e8cf40231a',1,'1 hr or less',NULL),(352,'The Secret Life of Canada ','https://www.cbc.ca/radio/podcasts/documentaries/the-secret-life-of-canada/','This CBC Podcast is a history podcast about the country you know and the stories you dont--hosted by Falen Johnson, Leah-Simone Bowen. Captivating episodes that will help build your awareness of issues in the past and the present consequences for Canada.','','','',2,NULL,NULL,0,0,NULL,NULL,0,0,NULL,'fab197ca-eaa7-4418-960d-d8e8cf40231a','2020-08-14 16:41:02','fab197ca-eaa7-4418-960d-d8e8cf40231a','2020-08-14 16:41:02','fab197ca-eaa7-4418-960d-d8e8cf40231a',3,'',NULL),(353,'Indigenous Canada - Course from the University of Alberta','https://www.ualberta.ca/admissions-programs/online-courses/indigenous-canada/index.html','Indigenous Canada is a Massive Open Online Course (MOOC) that explores Indigenous histories and contemporary issues in Canada.  <p><p>From an Indigenous perspective, this course explores key issues facing Indigenous peoples today from a historical and critical perspective highlighting national and local Indigenous-settler relations.  <p><p>Indigenous Canada is for students from faculties outside the Faculty of Native Studies with an interest in acquiring a basic familiarity with Aboriginal/non-Aboriginal relationships.This course is available for free by choosing the audit option on Coursera.','','','',2,NULL,NULL,0,0,NULL,NULL,0,1,NULL,'fab197ca-eaa7-4418-960d-d8e8cf40231a','2020-08-14 17:51:35','fab197ca-eaa7-4418-960d-d8e8cf40231a','2020-08-17 00:17:19','fab197ca-eaa7-4418-960d-d8e8cf40231a',4,'40 - 60 hours',NULL),(354,'Diversity and Inclusion Definitions','https://gww.bcpublicservice.gov.bc.ca/learning/diversity/courses/diversity_essentials/index.html#two','In BC, we work with the following definitions: <p></p><p><b>Diversity</b>: The variability of people and ideas within an organization.</p><p><b>Inclusion</b>: Creating work environments in which employees feel and are involved, respected, valued, and connected.</p><p></p><p>From the BCPS D&amp;I Essentials resource. </p>','','','',2,NULL,NULL,0,0,NULL,NULL,0,1,NULL,'fab197ca-eaa7-4418-960d-d8e8cf40231a','2020-08-14 18:11:39','fab197ca-eaa7-4418-960d-d8e8cf40231a','2021-02-02 17:40:05','fab197ca-eaa7-4418-960d-d8e8cf40231a',2,'',NULL),(355,'Words matter: Guidelines on using inclusive language in the workplace.','https://www2.gov.bc.ca/assets/gov/careers/all-employees/working-with-others/words-matter.pdf','Inclusive language is language that is free from words, phrases or tones that reflect prejudiced, stereotyped or discriminatory views of particular people or groups. It is also language that does not deliberately or inadvertently exclude people from feeling accepted.<p><p>From the BC Public Service Agency. Read this guide to become familiar with the key  guiding principles and suggestions to support using inclusivelanguage.','','','',2,NULL,NULL,0,0,NULL,NULL,0,0,NULL,'fab197ca-eaa7-4418-960d-d8e8cf40231a','2020-08-14 18:40:39','fab197ca-eaa7-4418-960d-d8e8cf40231a','2021-08-09 21:02:41','fab197ca-eaa7-4418-960d-d8e8cf40231a',2,'1 hr or less',NULL),(356,'Guide to planning inclusive meetings: Knowing your participants','https://www.canada.ca/en/employment-social-development/programs/disability/arc/inclusive-meetings.html','This helpful guide includes event planning advice such as selecting a venue, budgeting, evacuation procedures and obtaining accompanying material in alternative formats. Appendices include checklists, a sample registration form and a glossary.','','Human Resources and Skills Development Canada. (2015). ','',2,NULL,NULL,0,0,NULL,NULL,0,0,NULL,'fab197ca-eaa7-4418-960d-d8e8cf40231a','2020-08-14 18:56:10','fab197ca-eaa7-4418-960d-d8e8cf40231a','2020-08-14 18:56:10','fab197ca-eaa7-4418-960d-d8e8cf40231a',2,'1 hr or less',NULL),(357,'Accessibility & Inclusion Toolkit','https://www2.gov.bc.ca/gov/content/home/accessible-government/toolkit','Guides on this site will support you with step-by-step instructions on how to do your work in a more inclusive way—whether youre working on content creation, user interface (UI) development, face to face meetings, assistive technology, and more.','','','',2,NULL,NULL,0,0,NULL,NULL,0,0,NULL,'fab197ca-eaa7-4418-960d-d8e8cf40231a','2020-08-14 18:59:35','fab197ca-eaa7-4418-960d-d8e8cf40231a','2020-09-30 16:53:56','fab197ca-eaa7-4418-960d-d8e8cf40231a',2,'1 hr or less',NULL),(358,'BC Campus Inclusive Design Webinar Series','https://bccampus.ca/2019/03/12/inclusive-design-webinar-series/','Its important to follow accessibility guidelines for web resources so learners with disabilities have equal access. But accessibility guidelines alone wont ensure universal access. All learners—disabled or not—can face barriers depending on their context. And that is where inclusive design comes in. Watch these recorded webinars for an introduction to the concept, and how-tos.','','','',2,NULL,NULL,0,0,NULL,NULL,0,0,NULL,'fab197ca-eaa7-4418-960d-d8e8cf40231a','2020-08-18 22:22:32','fab197ca-eaa7-4418-960d-d8e8cf40231a','2020-08-18 22:22:32','fab197ca-eaa7-4418-960d-d8e8cf40231a',1,'',NULL),(359,'\"5 Things We Learned About Creating a Successful Workplace Diversity Program\" - Harvard Business Review','https://hbr.org/2018/03/5-things-we-learned-about-creating-a-successful-workplace-diversity-program','<p>Note: the Harvard Business Review offers two articles for free each month for guest users. If you register your email with the site, it will offer 4 free articles per month. If you have already reached your maximum of free articles this month, you can bookmark this resource to come back to later when your free articles renew next month!</p><p>\"Research has found that most workplace diversity programs fail to produce meaningful diversity and inclusion, and some have actually increased bias among individual employees.\" So what to do? One large, federally funded institute reviews what they learned in creating a successful workplace diversity program. <p></p><p>Their five key practices for how to implement a successful workplace diversity program can inform our BCPS D&amp;I strategy as well: <br></p><ol><li>Focus on intervention, not just bias reduction;</li><li>Invite non-managers to foster communication across the organization; </li><li>Keep the focus on workplace issues, not personal ones; </li><li>Keep the conversation going to stay accountable; and </li><li>Be flexible, in both content and delivery.</li></ol></p>','','','',2,NULL,NULL,0,0,NULL,NULL,0,2,NULL,'fab197ca-eaa7-4418-960d-d8e8cf40231a','2020-08-19 16:41:34','fab197ca-eaa7-4418-960d-d8e8cf40231a','2020-10-01 17:16:34','fab197ca-eaa7-4418-960d-d8e8cf40231a',2,'10 mins or less',NULL),(360,'\"Diversity and inclusion: 8 best practices for changing your culture.\"','https://www.cio.com/article/3262704/diversity-and-inclusion-8-best-practices-for-changing-your-culture.amp.html','While this article is about how to launch a D&I initiative that works, we can adopt each of these recommendations as individuals working towards a diverse and inclusive culture. <p><p>From IDG Communications.','','','',2,NULL,NULL,0,0,NULL,NULL,0,0,NULL,'fab197ca-eaa7-4418-960d-d8e8cf40231a','2020-08-19 16:58:55','fab197ca-eaa7-4418-960d-d8e8cf40231a','2021-08-09 21:03:42','fab197ca-eaa7-4418-960d-d8e8cf40231a',2,'10 mins or less',NULL),(361,'Navigating Race in Canadian Workplaces','https://ccdi.ca/media/1849/20180731-toolkit-navigating-race-in-canadian-workplaces.pdf','Read through this toolkit from the Canadian Centre for Diversity and Inclusion for Canada-focused background, ideas on race-focused initiatives, and how to tackle accusations of \"reverse racism\" when taking steps to even out theplaying field for those who are other than straight, white, and able-bodied. ','','','',2,NULL,NULL,0,0,NULL,NULL,0,0,NULL,'fab197ca-eaa7-4418-960d-d8e8cf40231a','2020-08-19 17:40:09','fab197ca-eaa7-4418-960d-d8e8cf40231a','2021-08-09 20:43:59','fab197ca-eaa7-4418-960d-d8e8cf40231a',2,'1 hr or less',NULL),(362,'A Managers Guide to Reasonable Accommodation','https://www2.gov.bc.ca/gov/content/careers-myhr/managers-supervisors/employee-labour-relations/managing-accommodation/managers-guide-reasonable-accommodation','All managers and supervisors in the BCPS need to be familiar with this guide, key to being an inclusive employer. Refer to this guide to respond effectively to individual accommodation needs, fulfill responsibilities and meet Corporate Plan goals. If youre not a manager or supervisor, you may still wish to review the guides overview to find out how your employer is ensuring equitable access to employment opportunities and fair treatment in the workplace through reasonable accommodation.','','','',2,NULL,NULL,0,0,NULL,NULL,0,4,NULL,'fab197ca-eaa7-4418-960d-d8e8cf40231a','2020-08-19 17:44:55','fab197ca-eaa7-4418-960d-d8e8cf40231a','2020-09-09 20:10:57','fab197ca-eaa7-4418-960d-d8e8cf40231a',2,'1 hr or less',NULL),(363,'Supporting Transgender and Gender Diverse Employees in the Workplace','https://www2.gov.bc.ca/assets/gov/careers/all-employees/working-with-others/gender-diverse-workplace.pdf','This resource, customized for the BC Public Service, was developed to support employees and managers enhance their knowledge regarding support for transgender and gender diverse people in the workplace. ','','','',2,NULL,NULL,0,0,NULL,NULL,0,0,NULL,'fab197ca-eaa7-4418-960d-d8e8cf40231a','2020-08-19 17:49:42','fab197ca-eaa7-4418-960d-d8e8cf40231a','2021-08-09 20:41:36','fab197ca-eaa7-4418-960d-d8e8cf40231a',2,'1 hr or less',NULL),(364,'Guide to Being a Trans Ally','https://pflag.org/sites/default/files/2020TransAllyguide.pdf','This guide is part of PFLAG Nationals (US) Straight for Equality program. It is easy to read, informative and entertaining. Guide to being a trans ally covers:<p><ul><li>Definitions<li>Transitioning<li>Allyship and the ally spectrum<li>Barrriers<li>Pronouns<li>Five positive ways to be a trans ally (see p. 45)<li>A glossary of terms.</ul><p><p>By J. Navetta (2020).','','','',2,NULL,NULL,0,0,NULL,NULL,0,0,NULL,'fab197ca-eaa7-4418-960d-d8e8cf40231a','2020-08-19 18:04:46','fab197ca-eaa7-4418-960d-d8e8cf40231a','2020-08-19 18:04:56','fab197ca-eaa7-4418-960d-d8e8cf40231a',2,'1 hr or less',NULL),(365,' Building a Better BC for People with Disabilities: Making BC a truly inclusive province by 2024','https://www2.gov.bc.ca/gov/content/governments/about-the-bc-government/accessibility','The Province is committed to building a better BC for people with disabilities. This page describes the initiative for being a truly inclusive BC, and includes a video, \"What does being truly inclusive mean?\"','','','',2,NULL,NULL,0,0,NULL,NULL,0,0,NULL,'fab197ca-eaa7-4418-960d-d8e8cf40231a','2020-08-19 18:09:19','fab197ca-eaa7-4418-960d-d8e8cf40231a','2021-08-09 20:43:24','fab197ca-eaa7-4418-960d-d8e8cf40231a',1,'10 mins or less',NULL),(366,'Three Myths about Allyship – and what Research Says Instead. ','https://neuroleadership.com/your-brain-at-work/myths-about-allyship/','As the interest in allyship swells, so does the risk for misinterpretation. This article dispels the following myths:<br><ul><li>Myth 1: Awareness is Enough<br> <i>Reality: Awareness must be coupled with action.</i> </li><li>Myth 2: Allyship is Friendship<br> <i>Reality: Friendship is about creating connection. Allyship is about elevating equality.</i> </li><li>Myth 3: Once an Ally, Always an Ally<br> <i>Reality: Allyship is built, not attained.</i></li></ul>','','','',2,NULL,NULL,0,0,NULL,NULL,0,0,NULL,'fab197ca-eaa7-4418-960d-d8e8cf40231a','2020-08-19 18:15:35','fab197ca-eaa7-4418-960d-d8e8cf40231a','2020-08-19 19:46:24','fab197ca-eaa7-4418-960d-d8e8cf40231a',2,'10 mins or less',NULL),(367,'Comedian Aamer Rahman on Reverse Racism','https://www.youtube.com/watch?v=dw_mRaIHb-M','Brief and humorous clip on the concept of reverse racism.','','','',2,NULL,NULL,0,0,NULL,NULL,0,10,NULL,'fab197ca-eaa7-4418-960d-d8e8cf40231a','2020-08-19 18:28:28','fab197ca-eaa7-4418-960d-d8e8cf40231a','2021-08-09 20:44:03','fab197ca-eaa7-4418-960d-d8e8cf40231a',1,'Under 10 mins',NULL),(368,'Designated Groups','https://diversity.hrtechgroup.com/designated-groups','From the Diversity and Inclusion Resource Hub, a reference on creating equal opportunities for the attraction, recruitment, advancement, and retention of all groups, while improving overall representation. <p><p>The page links you to many other resources including guidelines, reports, videos, tips sheets and articles. You could spend more than the estimated time here if you take a deeper dive.The HR Tech Groups Diversity & Inclusion HUB is the Canadian tech industrys #1 destination for best-in-class D&I resources and tools – when you have time, explore the rest of this site as well if you are interested in D&I in the tech sector.','','','',2,NULL,NULL,0,0,NULL,NULL,0,0,NULL,'fab197ca-eaa7-4418-960d-d8e8cf40231a','2020-08-19 20:20:36','fab197ca-eaa7-4418-960d-d8e8cf40231a','2020-10-20 15:49:44','fab197ca-eaa7-4418-960d-d8e8cf40231a',2,'Under 1 hour',NULL),(369,'What is GBA+?','','Do you think GBA+ is just about womens issues? Maybe its crossed your mind that men and women are already equal in Canada, so GBA+ isnt needed, or that it only applies to the social sectors. <p></p><p> This Government of Canada page defines GBA+ as the analytical process used to assess how diverse groups of women, men and non-binary people may experience policies, programs and initiatives, and busts these myths.</p>','','','',2,NULL,NULL,0,0,NULL,NULL,0,1,NULL,'fab197ca-eaa7-4418-960d-d8e8cf40231a','2020-08-19 20:35:27','fab197ca-eaa7-4418-960d-d8e8cf40231a','2021-07-17 01:56:55','fab197ca-eaa7-4418-960d-d8e8cf40231a',2,'10 mins or less',NULL),(370,'The Skin Were In on CBC TV','https://www.cbc.ca/firsthand/episodes/the-skin-were-in','The Skin Were In is a wake-up call to complacent Canadians.  This documentary from acclaimed director Charles Officer pulls back the curtain on racism in Canada as it follows Desmond Coles journey from journalist to activist. <p></p><p>Cole asserts that anti-black racism is so all-encompassing in Canada that black people and their allies, far from congratulating themselves that they do not live in America, should be following the American example and dismantling the structures that continue to hold them back.</p><p></p><p>Note Desmond Coles <a href=\"https://www.penguinrandomhouse.ca/books/536075/the-skin-were-in-by-desmond-cole/9780385686341\" target=\"_blank\">bestselling book by the same title</a> chronicles one year in the struggle against racism in our country.</p>','','','',2,NULL,NULL,0,0,NULL,NULL,0,0,NULL,'fab197ca-eaa7-4418-960d-d8e8cf40231a','2020-08-19 21:06:34','fab197ca-eaa7-4418-960d-d8e8cf40231a','2020-10-19 18:35:51','fab197ca-eaa7-4418-960d-d8e8cf40231a',1,'Under 1 hour',NULL),(371,'TEDX talk: Decolonization is for everyone ','https://www.youtube.com/watch?v=QP9x1NnCWNY&feature=youtu.be&fbclid=IwAR2UoF0_UHxR5rEQa-IY1WTZQxAawUTe2y5thQ2VTJyjmCTCohsZuA3L4BI ','\"This history is not your fault, but it is absolutely your responsibility.\" A history of colonization exists and persists all around us. Nikki discusses what colonization looks like and how it can be addressed through decolonization.','','','',2,NULL,NULL,0,0,NULL,NULL,0,0,NULL,'fab197ca-eaa7-4418-960d-d8e8cf40231a','2020-08-19 21:41:15','fab197ca-eaa7-4418-960d-d8e8cf40231a','2020-10-19 18:12:56','fab197ca-eaa7-4418-960d-d8e8cf40231a',1,'Under 30 mins',NULL),(372,'Cultural Self-Assessment Tool','https://gww.bcpublicservice.gov.bc.ca/learning/latww/latww2018/Cultural-Assessment-Tool-pr5b.pdf','<p>This resource was created for MCFD Supervisors and teams, but the three self-assessment questionnaires are valuable for all of us to evaluate our own cultural sensitivity, agility, and awareness, and how we can support cultural safety.</p><p>The Individual Self-Assessment Questionnaire provides you with an invitation to explore your own strengths and opportunities with respect to cultural safety. You can do the self assessment on your own, with a team, or as an organization. </p><p>For supervisors, this is a resource that you can keep with you and that can help you grow in your supervisory practice. </p>','','','',2,NULL,NULL,0,0,NULL,NULL,0,8,NULL,'fab197ca-eaa7-4418-960d-d8e8cf40231a','2020-08-19 21:47:45','fab197ca-eaa7-4418-960d-d8e8cf40231a','2021-02-07 03:04:11','fab197ca-eaa7-4418-960d-d8e8cf40231a',4,'Variable','culturalSA_Tool'),(373,'Code Switch','https://www.npr.org/sections/codeswitch/2013/04/07/176352338/faq','<p>Intersectionality refers to the complex ways that class, race, gender, ethnicity, and other aspects of identity overlap and affect people as individuals, and its becoming increasingly focused on in workplaces. NPRs Code Switch is hosted by a team of journalists of underrepresented races and ethnicities who cover the topics of race, ethnicity, and culture. It is a poignant, fresh look at how these aspects of our identity play into our daily lives, in big ways and small.</p><p><u>Episode Highlights</u>: Two of their most popular episodes are \"Can We Talk About Whiteness?\" and \"The Code Switch Guide to Handling Casual Racism.\" Both episodes feature thoughtful discussions of race, racism, unconscious prejudice, and innate privilege.<br></p>','','','',2,NULL,NULL,0,0,NULL,NULL,0,1,NULL,'fab197ca-eaa7-4418-960d-d8e8cf40231a','2020-08-19 21:52:14','fab197ca-eaa7-4418-960d-d8e8cf40231a','2020-10-19 18:06:44','fab197ca-eaa7-4418-960d-d8e8cf40231a',3,'Variable',NULL),(375,'The Will to Change: Uncovering True Stories of Diversity & Inclusion','https://jenniferbrownspeaks.com/podcast/','Hear from leading CEOs, bestseller authors and entrepreneurs as D&amp;I expert and host Jennifer Brown uncovers true stories of diversity &amp; inclusion.One of Jennifers most popular episodes is \"<a href=\"https://jenniferbrownspeaks.com/2017/07/21/engaging-men-as-allies-for-gender-equality-ray-arata/\" target=\"_blank\">Engaging Men as Allies for Gender Equality With Ray Arata</a>.\" In this particular episode, she focuses on engaging men as champions and allies for gender inclusion efforts in the workplace.','','','',2,NULL,NULL,0,0,NULL,NULL,0,0,NULL,'fab197ca-eaa7-4418-960d-d8e8cf40231a','2020-08-19 22:04:55','fab197ca-eaa7-4418-960d-d8e8cf40231a','2020-10-19 18:00:25','fab197ca-eaa7-4418-960d-d8e8cf40231a',3,'Variable',NULL),(376,'Crescendo Chats: Scaling Diversity & Inclusion','https://crescendowork.com/podcasts','<p>This podcast features HR and diversity &amp; inclusion practitioners sharing their experiences and insights to help you scale your Diversity &amp; Inclusion program. It is hosted by Stefan Kollenberg, Co-Founder &amp; CMO of Crescendo, a diversity education platform that fosters belonging and builds stronger teams in the workplace. </p><p>Lots of great interviews--while youre here on the Curators D&amp;I Pathway, you may want to start with the episode on the <a href=\"https://crescendowork.com/podcasts\" target=\"_blank\">Process of D&amp;I Self-Education</a>.  \"You start with you not knowing what you dont know. Then you know what you dont know. Then you actually start over again. In D&amp;I there will always be things you dont know. \"</p>','','','',2,NULL,NULL,0,0,NULL,NULL,0,1,NULL,'fab197ca-eaa7-4418-960d-d8e8cf40231a','2020-08-19 22:24:00','fab197ca-eaa7-4418-960d-d8e8cf40231a','2020-10-19 17:59:59','fab197ca-eaa7-4418-960d-d8e8cf40231a',3,'Variable',NULL),(377,'Indigenous Perspectives: Stories from Indigenous Public Servants','https://www.canada.ca/en/employment-social-development/campaigns/indigenous-perspectives-stories.html','<p>The Employment and Social Development Canada Indigenous Perspectives podcasts explore being Indigenous in the Public Service, what reconciliation is for individuals, and what it can be for Canada. In their own words, public servants give voice to diverse experiences - and struggles - around what it means to be Indigenous.</p><p>Prioritize <a href=\"https://www.canada.ca/en/employment-social-development/campaigns/indigenous-perspectives-stories/episode-001.html\" target=\"_blank\">Episode 1 -&nbsp;What is Reconciliation?</a> Listen to this episode to claim this required resource. Come back to the other episodes as time and interest direct you.</p><p style=\"margin-left: 25px;\">\"Its kind of mind-boggling that a country that I cherish so much as a Canadian, I feel like were such a good country. And you know I struggle with that now, I struggle with my Canadianness, and what that really means to me now.\"    In this episode, public servants share their thoughts and feelings on what reconciliation means to them.</p>','','','',2,NULL,NULL,0,0,NULL,NULL,0,0,NULL,'fab197ca-eaa7-4418-960d-d8e8cf40231a','2020-08-19 22:38:21','fab197ca-eaa7-4418-960d-d8e8cf40231a','2021-08-08 22:10:53','fab197ca-eaa7-4418-960d-d8e8cf40231a',3,'Under 1 hour',NULL),(378,'MBCPS Executive Panel Excerpt ','https://youtu.be/ljl0aSJXLWU','Panelists talk about how to encourage staff to take opportunities, and the importance of not holding your employees back from the development they need.','','','',2,NULL,NULL,0,0,NULL,NULL,0,0,NULL,'fab197ca-eaa7-4418-960d-d8e8cf40231a','2020-08-19 22:53:02','fab197ca-eaa7-4418-960d-d8e8cf40231a','2020-10-19 17:35:52','fab197ca-eaa7-4418-960d-d8e8cf40231a',1,'Under 10 mins',NULL),(379,'The Science of Well Being Course','https://www.coursera.org/learn/the-science-of-well-being','<p>The Science of Well Being is a course from Yale available free from Coursera. Participants will engage in a series of challenges designed to increase their own happiness and build more productive habits. As preparation for these tasks, Professor Laurie Santos reveals misconceptions about happiness, annoying features of the mind that lead us to think the way we do, and the research that can help us change. Participants will ultimately be prepared to successfully incorporate a specific wellness activity into their life.<br></p>','','','',2,NULL,NULL,0,0,NULL,NULL,0,3,NULL,'fab197ca-eaa7-4418-960d-d8e8cf40231a','2020-08-21 21:39:24','fab197ca-eaa7-4418-960d-d8e8cf40231a','2020-10-19 17:35:19','fab197ca-eaa7-4418-960d-d8e8cf40231a',4,'Variable',NULL),(380,'Face-to-Face with Racism - The Exchange Podcast','https://bcdevexchange.libsyn.com/face-to-face-with-racism-a-conversation-with-stephanie-and-dea','<p><br><img src=\"https://gww.bcpublicservice.gov.bc.ca/learning/curator/diversity-inclusion/step-02/eventbrite_racism.jpg\" alt=\"Eventbrite racism webinar poster\" style=\"width: 50%;\" class=\"\"><span style=\"font-size: 1rem;\"><br>Part of building a foundational understanding of diversity and inclusion is hearing the lived experience of those you work with. In this podcast, youll hear Stephanie Peter, Indigenous Initiatives Lead and Dea De Jarisco, Digital Talent Lead connect as they talk about the July 2020 Face-to-Face with Racism webinar, and share stories from the aftermath.<br></span></p><p><img src=\"https://gww.bcpublicservice.gov.bc.ca/learning/curator/diversity-inclusion/step-02/dea.jpeg\" alt=\"Artist sketch of Dea De Jarisco\" style=\"font-size: 1rem; width: 25%;\"><img src=\"https://gww.bcpublicservice.gov.bc.ca/learning/curator/diversity-inclusion/step-02/stephanie.jpeg\" alt=\"Artist sketch of Stephanie\" style=\"font-size: 1rem; width: 25%;\"></p>','','','',2,NULL,NULL,0,0,NULL,NULL,0,2,NULL,'fab197ca-eaa7-4418-960d-d8e8cf40231a','2020-08-24 20:23:33','fab197ca-eaa7-4418-960d-d8e8cf40231a','2021-08-06 03:46:22','fab197ca-eaa7-4418-960d-d8e8cf40231a',3,'Under 1 hour',NULL),(381,'Face-to-Face with Racism - Dev Exchange webinar','https://www.youtube.com/watch?v=KEY8yApsEjg','Part of building a foundational understanding of diversity and inclusion is hearing the lived experience of those you work with.  In the recording of this July 2020 webinar, youll hear personal stories from Stephanie Peter, Tolu Aniemena-Osazuwa, Dea De Jarisco, and Roland Best about being public servants and their experiences with racism.','','','',2,NULL,NULL,0,0,NULL,NULL,0,1,NULL,'fab197ca-eaa7-4418-960d-d8e8cf40231a','2020-08-24 20:31:11','fab197ca-eaa7-4418-960d-d8e8cf40231a','2020-10-19 17:21:30','fab197ca-eaa7-4418-960d-d8e8cf40231a',1,'Under 1 hour','face-to-face-with-racism-dev-exchange-webinar'),(384,'Meeting Online Virtual Engagement Tips for Success','','<p>Explore practical strategies and tools for hosting effective and engaging online meetings. Use a planning guide to choose interaction techniques and engage participants. Practice, and then return for Part 2: a collaborative discussion on learnings.<br><br>For Skype Meetings</p><p>For MS Teams Meetings</p>','','',NULL,2,NULL,NULL,0,0,NULL,NULL,0,0,NULL,'fab197ca-eaa7-4418-960d-d8e8cf40231a','2020-12-15 23:40:57','fab197ca-eaa7-4418-960d-d8e8cf40231a','2020-12-15 23:40:57','fab197ca-eaa7-4418-960d-d8e8cf40231a',4,'A couple of hours','meeting-online-virtual-engagement-tips-for-success'),(385,'Conflict Management Office','https://www2.gov.bc.ca/gov/content/careers-myhr/all-employees/working-with-others/cmo','<p>As a supervisor, you have a resource available to you in the BC Public Service to help manage conflict. Familarize yourself with the Conflict Management Office, which has identified a full spectrum of conflict management approaches:&nbsp; </p><ul><li>prevention of escalation to    </li><li>	informal (interest-based) approach to  </li><li>	formal (rights based) approach   for managing workplace conflict and harassment situations. </li></ul><p><b>     Goal of implementing informal CM processes:</b> </p><p> To prevent unnecessary discrimination, harassment and bullying situations from arising or escalating wherever possible and, if they do arise, to facilitate their resolution early, locally and informally.     Benefits of this approach include: </p><ul><li>improved morale and productivity; </li><li>a reduction in the number of formal complaints;</li><li>a reduction of the time and money spent dealing with these complaints; and</li><li>encourage positive resolutions and support the opportunity for growth, learning and restoration and align with the corporate strategic priority on diversity and inclusion.</li></ul><p>Visit the Conflict Management office on MyHR to see their resources.</p>','','','',2,NULL,NULL,0,0,NULL,NULL,0,0,NULL,'fab197ca-eaa7-4418-960d-d8e8cf40231a','2020-12-16 23:45:14','fab197ca-eaa7-4418-960d-d8e8cf40231a','2020-12-16 23:49:51','fab197ca-eaa7-4418-960d-d8e8cf40231a',2,'Under 30 mins','conflict-management-office'),(386,'Conflict Management Continuum','https://coco-net.org/wp-content/uploads/2019/01/The-Conflict-Management-Continuum-August-2-pages.pdf','The conflict management continuum is a useful tool for organizations to help with decisions on how to respond to and manage conflicts with employees.','','','',2,NULL,NULL,0,0,NULL,NULL,0,0,NULL,'fab197ca-eaa7-4418-960d-d8e8cf40231a','2020-12-16 23:57:02','fab197ca-eaa7-4418-960d-d8e8cf40231a','2020-12-16 23:58:49','fab197ca-eaa7-4418-960d-d8e8cf40231a',2,'Under 10 mins','conflict-management-continuum'),(387,'Why Conflict is Good in the Workplace','https://www.fastcompany.com/90325341/why-conflict-is-good-in-the-workplace','<p>An article from Fast Company that challenges the idea that all conflict should be avoided. </p><p>Have a read through, then ask yourself the following reflection questions: </p><ol><li>What are some signs that conflict is present in the workplace? </li><li>If unresolved, how does conflict impact the workplace? </li></ol><p><b> Be prepared to share your responses during the live session.</b></p>','','','',2,NULL,NULL,0,0,NULL,NULL,0,0,NULL,'fab197ca-eaa7-4418-960d-d8e8cf40231a','2020-12-17 00:02:27','fab197ca-eaa7-4418-960d-d8e8cf40231a','2020-12-17 00:03:21','fab197ca-eaa7-4418-960d-d8e8cf40231a',4,'Under 30 mins','why-conflict-is-good-in-the-workplace'),(388,'Tips for Having Difficult Conversations about Returning to the Office','https://learning.gov.bc.ca/psc/CHIPSPLM/EMPLOYEE/ELM/c/LM_OD_EMPLOYEE_FL.LM_CRS_DTL_FL.GBL?Page=LM_CRS_DTL_FL&Action=U&ForceSearch=Y&LM_CI_ID=18554&TargetFrameName=None','<p>The Conflict Management office is here to share their tips for supervisors having difficult conversations about returning to the office. This informative recorded webinar is for Supervisors and managers who are looking to have constructive and effective conversations with employees about returning to the workplace. Some of us may be unsure about how to approach these delicate conversations with confidence, empathy, and structure in order to effectively communicate what needs to be said.  The Conflict management experts will present some approaches that can be very effective. </p><p>A<span style=\"font-size: 1rem;\">s we approach coming back into the workplace, how we communicate with one another is critical in promoting a sense of security and safety among your teams and organizations. Join the Conflict Management experts, and your fellow Supervisors and Managers, to learn more in depth approaches as we move forward.</span></p>','','','',2,NULL,NULL,0,0,NULL,NULL,0,0,NULL,'fab197ca-eaa7-4418-960d-d8e8cf40231a','2020-12-17 00:07:27','fab197ca-eaa7-4418-960d-d8e8cf40231a','2020-12-17 00:08:33','fab197ca-eaa7-4418-960d-d8e8cf40231a',4,'Under 1 hour','tips-for-having-difficult-conversations-about-returning-to-the-office'),(389,'BC Public Service Competency: Conflict Management ','https://gww.gov.bc.ca/sites/default/files/competencies/InterpersonalRelationships_ConflictManagement.pdf','<p>Did you know that conflict management is a competency in the <a href=\"https://gww.gov.bc.ca/myhr/competencies\" target=\"_blank\">dictionary of competencies</a> for management, supervisors and staff? Supervisors and Managers in the BCPS are required to \"develop working relationships that facilitate the prevention and/or resolution of conflicts within the organization.\" Visit the full description of this competency now to see what being a competent conflict manager means and doesnt mean.&nbsp;</p>','<p><br></p>','','',2,NULL,NULL,0,0,NULL,NULL,0,0,NULL,'fab197ca-eaa7-4418-960d-d8e8cf40231a','2020-12-17 00:11:38','fab197ca-eaa7-4418-960d-d8e8cf40231a','2020-12-17 23:16:19','fab197ca-eaa7-4418-960d-d8e8cf40231a',2,'Under 10 mins','conflict-management-bc-public-service-competency'),(390,'What is TRIZ?','https://www.powtoon.com/s/bpcgFpUmVhc/1/m','<p>TRIZ is the Russian acronym for the \"Theory of Inventive Problem Solving.\" Were introducing you to this approach so you can use it in your group discussions during the upcoming session.</p><p>TRIZ was created by engineer/scientist/writer Genrikh Saulovich Altshuller to address repetitive problems, and repeating patterns that become trends across many lines of business/industry. The process looks for solutions outside the boundary that contains the original problem. How does it do that? Well, you first flip the problem around and look for ways to make it worse! This&nbsp;can help groups build trust by acting together to remove barriers. It helps us speak the unspeakable, daylight the skeletons in the closet.<br></p><p>ULtimately, TRIZ illustrates the power of \"creative destruction\" by creating space for new approaches.</p><p>(And whats the full name in Russian, you ask? Its Teoriya Resheniya Izobretatelskikh Zadach.)</p><p>This video provides instructions for your breakout group. Watch the video, and <b><a href=\"https://gww.bcpublicservice.gov.bc.ca/learning/curator/sbcps/S10_Conflict_Management_Activity.docx\" target=\"_blank\">download this sheet of step-by-step instructions</a></b>.</p>','','','',2,NULL,NULL,0,0,NULL,NULL,0,0,NULL,'fab197ca-eaa7-4418-960d-d8e8cf40231a','2020-12-17 00:15:23','fab197ca-eaa7-4418-960d-d8e8cf40231a','2020-12-18 18:54:44','fab197ca-eaa7-4418-960d-d8e8cf40231a',1,'Under 30 mins','trying-triz'),(391,'Conflict Management Styles ','https://gww.bcpublicservice.gov.bc.ca/learning/curator/SBCPS/Conflict_Management_Styles.pdf','<p>First, read about <a href=\"https://gww.bcpublicservice.gov.bc.ca/learning/respect_wkpl/resources/participant_manuals/rw_participant_manual.pdf\" target=\"_blank\">Conflict Management Styles in the BRW course guide</a> (pages x - x).</p><p>Then click the \"Participate\" button to download the activity sheet, where youll answer reflection questions. <i><b>Be prepared to share your responses during the live session.&nbsp;</b></i></p>','','','',2,NULL,NULL,0,0,NULL,NULL,0,0,NULL,'fab197ca-eaa7-4418-960d-d8e8cf40231a','2020-12-17 23:21:36','fab197ca-eaa7-4418-960d-d8e8cf40231a','2020-12-18 00:14:31','fab197ca-eaa7-4418-960d-d8e8cf40231a',4,'Under 1 hour','conflict-management-styles'),(392,'People Perspective (Conversations)','','<p>When conflict issues present themselves in the workplace our first response is to the \"tip\" of the iceberg …the behaviour or action we immediately respond to shaped by our individual Frame of Reference made up of our beliefs, opinions and values…this can lead to assumptions on our part unless we actively explore the underlying additional factors at play: personalities, emotions, interests/ needs/ desires, self-perceptions/ degree of self-esteem, expectations, and past experiences. If we have built trust-based relationships through ongoing productive conversations with our direct reports and others, then more difficult situations are much easier to address.</p><p><br></p><table class=\"table table-bordered\"><tbody><tr><td><img src=\"https://gww.bcpublicservice.gov.bc.ca/learning/curator/sbcps/iceberg.jpg\" &nbsp;alt=\"Much of communication is below the surface\" style=\"width: 100%;\" class=\"\"><br></td><td><p></p><p> </p><p><b> In preparation for the live session</b>, reflect on what you have already explored in each of the previous SBCPS sessions relating to the behaviours and actions that help build trust-based relationships and productive conversations; skills, approaches, conversation models:</p><ul><li>Collaborative Approach: Seek out multiple perspectives, be inclusive and collaborative in seeking solutions</li><li>Coaching Conversations: Be present, use active listening, explore options </li><li>Descriptive Conversation: Be curious, pro-active, create clarity, be intentional in moving forward with relationship</li><li>Feedback: Stay current with reality, be open to learning</li></ul><br></td></tr></tbody></table><p><b style=\"font-size: 1rem;\"><i>Note, there is no link for this item.</i></b><br></p>','','','',2,NULL,NULL,0,0,NULL,NULL,0,0,NULL,'fab197ca-eaa7-4418-960d-d8e8cf40231a','2020-12-18 00:24:27','fab197ca-eaa7-4418-960d-d8e8cf40231a','2020-12-18 18:53:19','fab197ca-eaa7-4418-960d-d8e8cf40231a',2,'Under 30 mins','people-perspective-conversations'),(393,'Building Respectful Workplaces by Recognizing, Reporting, and Responding to Bullying (Online Learning Module)','https://360.articulate.com/review/content/51d04568-3f05-4d48-89d5-6ab26afb03ef/review','<p>This online module from MCFD focuses on bullying behaviour. It also includes a full list of&nbsp;BC Public Service resources.</p>','','','',2,NULL,NULL,0,0,NULL,NULL,0,0,NULL,'fab197ca-eaa7-4418-960d-d8e8cf40231a','2021-01-19 21:49:03','fab197ca-eaa7-4418-960d-d8e8cf40231a','2021-01-19 21:51:09','fab197ca-eaa7-4418-960d-d8e8cf40231a',4,'Under 30 mins','building-respectful-workplaces-by-recognizing-reporting-and-responding-to-bullying-online-learning-module'),(394,'The Knowledge Bridge - Ep04: Starting the Allyship Journey','https://www.youtube.com/watch?v=zu8wh_m7EnQ','<p>Host Kevin Chin interviews Dr. Andrew Snowball, who works in research, policy, and facilitation in anti-racism. This podcast was created by the People and Workplace Strategies branch (MEEAI) for BC Public Service employees. &lt;p&gt;&lt;p&gt;</p><p>Download a <a href=\"https://gww.bcpublicservice.gov.bc.ca/learning/curator/diversity-inclusion/StartingAllyshipJourney_Shownotes-transcript.pdf\" target=\"_blank\">transcript of the show</a>.</p>','','','',2,NULL,NULL,0,0,NULL,NULL,0,0,NULL,'fab197ca-eaa7-4418-960d-d8e8cf40231a','2021-01-19 22:28:06','fab197ca-eaa7-4418-960d-d8e8cf40231a','2021-01-19 22:34:14','fab197ca-eaa7-4418-960d-d8e8cf40231a',3,'Under 30 mins','the-knowledge-bridge-ep04-starting-the-allyship-journey'),(395,'BC Health Quality Matrix','https://bcpsqc.ca/wp-content/uploads/2017/02/BC-Health-Quality-Matrix-single-page.pdf','BC Patient Safety & Quality Councils tool to assess dimensions of quality in areas of care from different perspectives. This example may inspire your own projects development of a matrix to determine targets for quality. If you were to create your own matrix, what components would you need for your project? ','','','',2,NULL,NULL,0,0,NULL,NULL,0,1,NULL,'fab197ca-eaa7-4418-960d-d8e8cf40231a','2021-01-22 19:15:31','fab197ca-eaa7-4418-960d-d8e8cf40231a','2021-01-22 19:16:23','fab197ca-eaa7-4418-960d-d8e8cf40231a',4,'Under 30 mins','bc-health-quality-matrix'),(396,'Risk Management Guide','https://www2.gov.bc.ca/assets/gov/education/post-secondary-education/institution-resources-administration/capital-planning/risk_management_guide.pdf','The purpose of this document is to provide a stand alone risk management framework for the developmentof post-secondary capital infrastructure projects in British Columbia--but there are lessons that other large infrastructure projects can learn from. The framework described is suitable for projects that range in size from under $5 million to over $50 million.','','','',2,NULL,NULL,0,0,NULL,NULL,0,0,NULL,'fab197ca-eaa7-4418-960d-d8e8cf40231a','2021-01-22 19:21:32','fab197ca-eaa7-4418-960d-d8e8cf40231a','2021-01-22 19:21:32','fab197ca-eaa7-4418-960d-d8e8cf40231a',2,'About an hour','risk-management-guide'),(397,'How to Use Zoom - Getting Started - For Participants','https://youtu.be/3E3R9D20Yn4','<p>Video orientation to using Zoom offered by the Learning Centre. Please watch in advance of our February 4th LIVE session.</p><p><b>Collection Notice</b>: Any personal information shared during this Zoom session is collected by the BC Public Service Agency as per s. 26(c) of the Freedom of Information and Protection of Privacy Act and will be used for the purposes of your participation in the Supervising in the BC Public Service program courses. While no recordings will be saved to the Zoom storage cloud, Zoom conducts data and logs usage analytics including personal information such as IP address which may be shared with third parties and stored outside of Canada. By participating in this session you are consenting to the collection of your personal information by Zoom and its third-parties. Should you have any questions regarding the collection of this personal information please contact Linda Bottomley, The Learning Centre, BCPSA (778-698-4493, <a href=\"mailto: Linda.Bottomley@gov.bc.ca\" target=\"_blank\">Linda.Bottomley@gov.bc.ca</a>, 716 Courtney St, Victoria, BC).<br></p>','','','',2,NULL,NULL,0,0,NULL,NULL,0,29,NULL,'fab197ca-eaa7-4418-960d-d8e8cf40231a','2021-01-26 23:44:11','fab197ca-eaa7-4418-960d-d8e8cf40231a','2021-05-29 23:02:35','fab197ca-eaa7-4418-960d-d8e8cf40231a',1,'Under 10 mins','how-to-use-zoom-how-to-host-attend-a-meeting-for-beginners'),(398,'SBCPS Program Learning Objectives ','https://gww.bcpublicservice.gov.bc.ca/learning/curator/sbcps/Welcome/SBCPSProgramObjectives.pdf','<p>SBCPS learning objectives for the program as a whole. </p><p>The purpose of SBCPS is to provide foundational learning so that you are equipped with an understanding of your role and responsibilities as a supervisor in the BC Public Service. SBCPS is anchored in the HR Accountabilities and responsibilities of the supervisor: integrating the HR Accountabilities into the mindfulness and actions of supervisors and understanding what it means to lead from a place of building respectful and inclusive workplaces, healthy and safe workplaces, workplaces that understand the collective agreements and the productive conversations that are called for in the complex role as supervisors.</p><p>The SBCPS learning objectives support that purpose as do the programs goals of Building Trust-Based Relationships and Having Productive Conversations. </p>','','','',2,NULL,NULL,0,0,NULL,NULL,0,24,NULL,'fab197ca-eaa7-4418-960d-d8e8cf40231a','2021-01-26 23:47:18','fab197ca-eaa7-4418-960d-d8e8cf40231a','2021-02-11 17:03:40','fab197ca-eaa7-4418-960d-d8e8cf40231a',2,'Under 10 mins','sbcps-program-learning-objectives'),(399,'SBCPS Self-Assessment','https://gww.bcpublicservice.gov.bc.ca/learning/curator/sbcps/Welcome/SBCPS-self-assessment.docx','Your continuous learning and development in the role of supervisor begins with getting to know YOU. The SBCPS Self-Assessment is a tool that will help you identify your strengths and areas for development and will assist you to reflect on your behaviours and role as a supervisor. Together with your learning over the next 10 weeks, it will help you determine where you should focus your learning moving forward. Complete the Learner self-assessment based on the supervisor competencies identified for SBCPS before your first session.','','','',2,NULL,NULL,0,0,NULL,NULL,0,22,NULL,'fab197ca-eaa7-4418-960d-d8e8cf40231a','2021-01-27 00:03:04','fab197ca-eaa7-4418-960d-d8e8cf40231a','2021-02-11 17:03:38','fab197ca-eaa7-4418-960d-d8e8cf40231a',4,'Under 10 mins','sbcps-self-assessment'),(400,'IRBC Competencies for all BCPS Employees - SBCPS','https://gww.bcpublicservice.gov.bc.ca/learning/curator/sbcps/Welcome/IRBCFourcompetenciesforallBCPSemployees.docx','<p> This document highlights 4 of the Indigenous Relations Behavioural Competencies integrated throughout the SBCPS program. </p><p> Supervisors are representatives of the BC Public Service. It is important to understand our commitments to a new Government of BC relationship with Indigenous peoples and appreciate what that means in our everyday work as supervisors. </p><p>  To support your continuous learning, please visit the Cultural Self-Awareness Tool available under Further Resources at the end of this page. The Individual Self-Assessment Questionnaire provides you with an invitation to explore your own strengths and opportunities with respect to cultural safety. You can do the self assessment, the team, or the organization learning. This is a resource that you can keep with you and that can grow with you in your supervisory practice.  </p>','','','',2,NULL,NULL,0,0,NULL,NULL,0,21,NULL,'fab197ca-eaa7-4418-960d-d8e8cf40231a','2021-01-27 17:41:46','fab197ca-eaa7-4418-960d-d8e8cf40231a','2021-07-19 19:04:52','fab197ca-eaa7-4418-960d-d8e8cf40231a',2,'Under 10 mins','irbc-competencies-for-all-bcps-employees-sbcps'),(401,'Map Your Learning fillable journal','https://gww.bcpublicservice.gov.bc.ca/learning/curator/sbcps/Welcome/SBCPSLearningJournalJan272021FINAL.docx','<p>The Map Your Learning journal accompanies your weekly SBCPS learning. It has three components to complete for each weekly module: </p><ol><li>Pre-work highlights, </li><li>post-Live- session reflection questions, and </li><li>identifying 1 learning action.</li></ol><p>The journal is intended for you to create focus and energy associated with a SBCPS learning goal for your ten weeks of learning and to articulate the learning actions that will help you achieve this goal. You are encouraged to share your journal during your ongoing My Performance conversations with your supervisor/ manager. </p><p>Expect to take the following time with your journal:</p><ul><li> 5 minutes pre-Live-session; </li><li>5 minutes at the end of the Live session; and,</li><li>5 minutes post-session.</li></ul>','','','',2,NULL,NULL,0,0,NULL,NULL,0,21,NULL,'fab197ca-eaa7-4418-960d-d8e8cf40231a','2021-01-27 17:53:47','fab197ca-eaa7-4418-960d-d8e8cf40231a','2021-06-10 22:20:05','fab197ca-eaa7-4418-960d-d8e8cf40231a',4,'Under 10 mins','map-your-learning-fillable-journal'),(403,'Supervisor Mandates','https://gww.bcpublicservice.gov.bc.ca/learning/curator/sbcps/Welcome/SBCPSSupervisorFunctionsJan28.docx','<p>This document outlines the supervisors functions.</p><p>Understanding the role of the supervisor, and the accountabilities and responsibilities that come with the role, is critical to ensuring your success. The basic role and responsibilities of a supervisor are the same all across the public service. Supervisors are accountable for carrying out many human resource management functions. This document is a summary of the mandates associated with supervising in the BCPS, and contains links to other helpful resources. </p>','','','',2,NULL,NULL,0,0,NULL,NULL,0,18,NULL,'fab197ca-eaa7-4418-960d-d8e8cf40231a','2021-01-27 18:28:40','fab197ca-eaa7-4418-960d-d8e8cf40231a','2021-02-11 17:03:34','fab197ca-eaa7-4418-960d-d8e8cf40231a',2,'Under 10 mins','supervisor-mandates'),(404,'The Draft 10 Principles','https://www2.gov.bc.ca/gov/content/governments/indigenous-people/new-relationship/about-the-ten-principles','<p>The Draft Principles that Guide the Province of British Columbias Relationship with Indigenous Peoples (principles) are modeled on principles introduced by the federal government in 2017. The Provinces principles provide high-level guidance on how provincial representatives engage with Indigenous peoples.</p><p>They address areas such as:</p><ul><li>The right of Indigenous peoples to self-determination and self-government, and the responsibility of government to change operating practices and processes to recognize these rights.</li><li>The standard of conduct that government employees must demonstrate in all dealings with Indigenous peoples.</li><li>The need for treaties, agreements and other constructive arrangements, to be based on recognition of inherent rights and respect.</li></ul>','','','',2,NULL,NULL,0,0,NULL,NULL,0,12,NULL,'fab197ca-eaa7-4418-960d-d8e8cf40231a','2021-01-27 18:38:01','fab197ca-eaa7-4418-960d-d8e8cf40231a','2021-02-11 17:03:17','fab197ca-eaa7-4418-960d-d8e8cf40231a',2,'Under 10 mins','the-draft-10-principles'),(405,'Doctrine of Discovery','https://www.anglican.ca/primate/tfc/drj/doctrineofdiscovery/ ','<p><i>Doctrine of Discovery: Stolen lands, Strong Hearts</i> is a film about the racist foundations of many of our property and other laws still in existence to this day.</p><p>Canadas Truth and Reconciliation Commission released 94 Calls to Action in 2015, with many of them referring to the Doctrine of Discovery and calling for its repudiation. This film is an excellent background to the Doctrine and what it will take to undo its damage.</p>','','','',2,NULL,NULL,0,0,NULL,NULL,0,10,NULL,'fab197ca-eaa7-4418-960d-d8e8cf40231a','2021-01-27 18:44:45','fab197ca-eaa7-4418-960d-d8e8cf40231a','2021-02-11 17:03:14','fab197ca-eaa7-4418-960d-d8e8cf40231a',1,'Under 10 mins','doctrine-of-discovery'),(408,'The First Nations Health Authority Policy Statement on Cultural Safety and Humility ','https://www.fnha.ca/Documents/FNHA-Policy-Statement-Cultural-Safety-and-Humility.pdf','To provide culturally \"safe\" care, or care where those we serve feel safeand respected, we need to be humble enough to admit that we dontknow everything about everyones life experiences, culture and feelings,and that health care providers dont know it all.','','','',2,NULL,NULL,0,0,NULL,NULL,0,6,NULL,'fab197ca-eaa7-4418-960d-d8e8cf40231a','2021-01-27 18:51:30','fab197ca-eaa7-4418-960d-d8e8cf40231a','2021-02-11 17:03:12','fab197ca-eaa7-4418-960d-d8e8cf40231a',2,'Under 30 mins','the-first-nations-health-authority-policy-statement-on-cultural-safety-and-humility'),(409,'First Contact','https://www.aptn.ca/firstcontact/','<p>Canadians opinions about the Indigenous people of this country are formed without any knowledge of the cultures true history or firsthand experience of the present-day communities. This may explain the prevalence of racist, unsympathetic and generally prejudicial attitudes that are often directed towards Indigenous peoples.</p><p>In this show, First Contact takes six Canadians on a 28- day journey intended to challenge these attitudes and shed a light on the true Indigenous experience.</p><p>&lt;b&gt;Note&lt;/b&gt;: You can sign up for a free trial to view an episode on APTNs streaming service, but will be charged after the trial period. </p>','','','',2,NULL,NULL,0,0,NULL,NULL,0,7,NULL,'fab197ca-eaa7-4418-960d-d8e8cf40231a','2021-01-27 18:59:13','fab197ca-eaa7-4418-960d-d8e8cf40231a','2021-02-11 17:03:10','fab197ca-eaa7-4418-960d-d8e8cf40231a',1,'Under 1 hour','first-contact'),(410,'A New Path Forward','https://declaration.gov.bc.ca/','This site provides information about BCs new legislation that will see B.C. laws brought in line with the UN Declaration on the Rights of Indigenous Peoples.','','','',2,NULL,NULL,0,0,NULL,NULL,0,3,NULL,'fab197ca-eaa7-4418-960d-d8e8cf40231a','2021-01-27 19:03:52','fab197ca-eaa7-4418-960d-d8e8cf40231a','2021-02-11 17:03:08','fab197ca-eaa7-4418-960d-d8e8cf40231a',2,'Under 30 mins','a-new-path-forward'),(411,'150 Acts of Reconciliation for Canadas 150','http://activehistory.ca/wp-content/uploads/2017/08/150acts.pdf','Originally presented in 2017 during Canadas 150th anniversary, this is a list of small, everyday acts that average Canadians can undertake, and actions that are more provocative that encourage people to think about Indigenous-settler relationships innew ways. ','','','',2,NULL,NULL,0,0,NULL,NULL,0,7,NULL,'fab197ca-eaa7-4418-960d-d8e8cf40231a','2021-01-27 19:15:49','fab197ca-eaa7-4418-960d-d8e8cf40231a','2021-06-01 20:23:43','fab197ca-eaa7-4418-960d-d8e8cf40231a',4,'Under 1 hour','150-acts-of-reconciliation-for-canada-s-150'),(412,'Assessing & Addressing Conflicts of Interest: Guidelines for Managers, Ethics Advisors and Deputy Minister','https://www2.gov.bc.ca/assets/gov/careers/about-the-bc-public-service/ethics/conflict_interest_guidelines_managers_ea_dm.pdf ','<p> Employees in the BC Public Service are required under the Public Service Oath Regulation and Standards of Conduct to avoid conflicts of interest. Employees must arrange their private affairs in a manner that will prevent real, perceived or potential conflicts of interest from arising. </p><p> Once an employee becomes aware of a possible conflict of interest, they should disclose this within 30 days to their supervisor, manager or ethics advisor. That person decides if a possible conflict of interest issue exists and if the conflict must be resolved or mitigated. </p><p> Familiarize yourself with an important document that offers guidance on reaching a decision on conflict of interest. </p><p>This short  review is to raise awareness and to support your supervisor role; and, like all public servants, to support your intolerance of conflicts of interest so you have confidence in the policies and procedures followed by this organization to address conflicts that do arise. Scan the major headings to become aware &amp; familiar with your supervisor role in the conflict of interest disclosure process</p>','','','',2,NULL,NULL,0,0,NULL,NULL,0,13,NULL,'fab197ca-eaa7-4418-960d-d8e8cf40231a','2021-02-02 23:27:34','fab197ca-eaa7-4418-960d-d8e8cf40231a','2021-02-11 20:14:33','fab197ca-eaa7-4418-960d-d8e8cf40231a',2,'Under 10 mins','assessing-addressing-conflicts-of-interest-guidelines-for-managers-ethics-advisors-and-deputy-minister'),(413,'Making Public Interest Disclosure ','https://www2.gov.bc.ca/gov/content?id=92B74294E4C84231B212F8F0B40765BC ','<p>Public Interest Disclosure Act (PIDA) is B.C. legislation that provides a framework for employees to report specific kinds of serious wrongdoing with legislated protection from reprisal.</p><p>Public interest disclosures must be about a matter of public interest and serious wrongdoing in or relating to a ministry, office or government body. </p><p>     Supervisors have a role. As a supervisor, you play an important part in creating a culture that supports employees in speaking up about wrongdoing. </p><p>     If employees report wrongdoing to you or ask for advice about reporting wrongdoing, it is important to take steps to protect them against reprisal. </p><p>     Scan down the page \"Making a Public Interest Disclosure\" in order to focus on the \"If you are a Supervisor\" section.       <b>As a supervisor you should be familiar with the link about \"Protecting Employees Against Reprisals\" to understand the steps to take</b>.  </p>','','','',2,NULL,NULL,0,0,NULL,NULL,0,12,NULL,'fab197ca-eaa7-4418-960d-d8e8cf40231a','2021-02-02 23:51:51','fab197ca-eaa7-4418-960d-d8e8cf40231a','2021-08-06 04:40:33','fab197ca-eaa7-4418-960d-d8e8cf40231a',2,'Under 10 mins','making-public-interest-disclosure'),(414,'Gov 101 (Government Essentials) - SBCPS','https://learning.gov.bc.ca/psc/CHIPSPLM/EMPLOYEE/ELM/c/LM_OD_EMPLOYEE_FL.LM_CRS_DTL_FL.GBL?Page=LM_CRS_DTL_FL&Action=U&ForceSearch=Y&LM_CI_ID=17891&TargetFrameName=None','<p>GOV101 Government Essentials (GOV 101) eLearning course is your introduction to the role of government and how it has evolved, what governance and financial governance are, government participants and your role as a public servant. In this course, you will work through the following sections:</p><ul><li><span style=\"font-size: 1rem;\">The role and structure of government</span></li><li><span style=\"font-size: 1rem;\">&nbsp;</span><span style=\"font-size: 1rem;\">Laws and legislation</span></li><li><span style=\"font-size: 1rem;\">Governance and the public servant role</span></li><li><span style=\"font-size: 1rem;\">Financial governance</span></li></ul><p>Regardless of how long you have been a public servant, we ask you complete Lessons 1 through 3 of Gov 101.  Many items changed since this course was known as FM 115 BC Government and Governance Fundamentals.</p><p>Keep track of the time.  If you are running out of time do Lesson 1 and 3 (skip 2) and return later to MyLearning to complete the course. </p><p><b>    In the SBCPS Modeling Behavior session, we will discuss supervisor accountability and how modelling behavior can assist us to promote good governance.</b><span style=\"font-size: 1rem;\"><br></span></p>','','','',2,NULL,NULL,0,0,NULL,NULL,0,3,NULL,'fab197ca-eaa7-4418-960d-d8e8cf40231a','2021-02-03 00:08:28','fab197ca-eaa7-4418-960d-d8e8cf40231a','2021-02-11 00:18:58','fab197ca-eaa7-4418-960d-d8e8cf40231a',4,'Under 30 mins','gov-101-government-essentials-sbcps'),(415,'Practical EQ: A Handbook for Developing Your Emotional Intelligence','https://gww.bcpublicservice.gov.bc.ca/learning/curator/sbcps/Modelling/Emotional-Intelligence-Handbook.pdf','<p>Practical EQ is a Handbook for developing your emotional intelligence. Emotional Intelligence (also known as EQ). EQ is a fairly new concept that has received a ton of attention in the last couple of decades. All that attention is certainly for good reason according to researchers who study emotional intelligence.</p><p>Researchers have found that those with high EQ are, on average, seeing greater success in their careers and proving more effective in their roles compared to those who dont demonstrate high emotional intelligence.</p><p><b>Complete the Self-Awareness portion of the workbook sometime between when you have access to the prework and SBCPS Session 2: Modeling Behavior</b>. You should be able to complete up to page 6. <b>Dont leave this too late</b> as some reflection and some time is needed between questions. Be sure to respond to the following questions in the booklet:</p><ul><li>Why do I want to improve my self-awareness?<ul><li>For example. Someone might put, \"To be a better supervisor.\" </li></ul></li><li>    To improve my self-awareness, what steps am I going to take right now? <ul><li>    For Example. \"I will complete working through this booklet by December.\" </li></ul></li><li>    What are some patterns I can see through my journal entries? </li><li>    Is there a particular emotion that I feel more often than others? When and why do I feel it? </li><li>    Are there certain situations or interactions with certain people where I could improve how I respond to my emotions? </li><li>    How would I describe my own self-talk? Harsh, gracious, critical, supportive, cynical, mindful? Is it primarily one view or multiple? </li><li>    What are some things Ive learned about myself by paying more attention to my emotions? </li><li>    How am I going to use these insights?<br></li></ul><p>(Note: The Mood Meter app referenced in the handbook is no longer free access.)</p><p><b>Go to the link supplied and save the pdf file to your desktop.  Use the file during the week return often to read; think, respond where indicated. Be sure to save. </b></p><p><b>     In the SBCPS Modeling Behavior session we will build upon, discuss and start on completing the Self-Management portion. This will assist you in your supervisor role to improve your impact on what happens next through better Self-Management. </b></p><p><b>          Be sure to have the pdf booklet open and ready for use prior to the beginning of  Session 2 Modelling Behavior.</b><br></p>','<p>NOTE: This resource has permission for the Winter/Spring 2021 cohort and will be removed after that period, unless additional permission is pursued and granted.<br></p><p>Licensing: [ From: Krista Brubaker <kbrubaker@bizlibrary.com>  Sent: January 13, 2021 1:33 PM To: Bottomley, Linda PSA:EX <linda.bottomley@gov.bc.ca> Cc: Sean Frey <sfrey@bizlibrary.com> Subject: RE: BizLibrary Emotional Intelligence Handbook resource  Hi Linda,  Thanks for reaching out – yes, you are welcome to share this resource with your cohort. I hope they find it useful for developing EQ!    If youre interested in any other resources on developing EQ, we have a few other articles that Ive linked to below. Our online content library also has plenty of video training on this subject, so feel free to reach out to Sean Frey (CCd) if youd like to talk more about what we have to offer there.   Other articles: Other articles: Get Started with Emotional Intelligence Training in Your Organization EQ at Work series - Developing Employees Self-Awareness Self-Management Skills for Your Employees Amplify Empathy for Higher Social Awareness Relationship Management Fundamentals Thanks!  Krista Brubaker SEO Strategist She/Her M 888.432.3077 </sfrey@bizlibrary.com></linda.bottomley@gov.bc.ca></kbrubaker@bizlibrary.com></p>','<p><b>NOTE: This resource has permission for the Winter/Spring 2021 cohort and will be removed after that period, unless additional permission is pursued and granted.</b><br></p>','',2,NULL,NULL,0,0,NULL,NULL,0,14,NULL,'fab197ca-eaa7-4418-960d-d8e8cf40231a','2021-02-03 00:14:06','fab197ca-eaa7-4418-960d-d8e8cf40231a','2021-02-11 17:35:16','fab197ca-eaa7-4418-960d-d8e8cf40231a',4,'Under 30 mins','practical-eq-a-handbook-for-developing-your-emotional-intelligence'),(416,'Work Unit Work Environment Survey','https://securesurveys.gov.bc.ca/wes/bcps/MyResults/','<p>The Work Environment Survey (WES) measures the health of the work environments within the BC Public Service. The survey gathers information about the work environment, on issues employees identify as important and areas needing improvement with the goal of understanding and improving employee engagement.</p><p>The BC Public Service has been committed to understanding and improving employee engagement for over a decade through the BC Public Service Work Environment Survey (WES) program. A key element of the WES program is the Employee Engagement Model, which was developed by BC Stats using a statistical technique called structural equation modelling (SEM).</p><p><b>In model terms one fact is that Supervisory-Level Management and Executive-Level Management drivers combined explain between 63% and 66% of the differences in Engagement scores.</b></p><p>Final reports are released in stages and each government ministry will have a different mode and schedule for releasing survey results. Once released, results can be viewed through a secure portal.</p><p>The MyWES tool provides access to your personal Work Environment Survey (WES) results.</p><ol><li>Log in with your IDIR and password. </li><li>     Select My House. </li><li>     You have some options next to Results to Display. Toggle the options to provide whatever scope you wish to view. Tabular view allows you to see your own survey results next to your branch or division or ministry results.</li></ol><p>Show all questions provides even more detail.</p><p><b>Have your MyWES page open, minimized, and available for use in Session 2 Modelling Behavior. Or, have your 2020 WES Survey pdf handy</b>.</p><p><b>**If the MyWES link is not working, ensure youre using a modern browser (the best compatible with MyWES are Google Chrome and Firefox). If all else fails,&nbsp;please seek a pdf copy of your work unit WES results by asking your supervisor.**</b></p><p><b>  </b></p>','','','',2,NULL,NULL,0,0,NULL,NULL,0,5,NULL,'fab197ca-eaa7-4418-960d-d8e8cf40231a','2021-02-03 01:15:20','fab197ca-eaa7-4418-960d-d8e8cf40231a','2021-02-11 06:44:14','fab197ca-eaa7-4418-960d-d8e8cf40231a',4,'Under 10 mins','work-unit-work-environment-survey'),(417,'SBCPS - Coaching - Introduction','','<p>This is the third of 4 conversation practice sessions.  Sessions are on average 2 hours in length and include a subject matter expert interview and discussion, small group practice, a debrief session and self-reflection time.</p><p>An important aspect of your role as supervisors is that of organizing, directing, and managing staff performance, while providing regular on-going feedback and supporting employees career paths. </p><p>In this webinar we will explore an approach to conversations that will enhance employee engagement and improve performance. You will be drawing from the knowledge and skills gained in your prerequisite work, including the GROW model and coaching skills. </p><p> Conversations using the coaching approach can leverage the belief in potential and possibility, to achieve unexpected results.  Learning how to have more meaningful interactions one conversation at a time is a key aspect of successful performance engagement. </p><p><b> Note: There is no link for this item.</b></p>','','','',2,NULL,NULL,0,0,NULL,NULL,0,0,NULL,'fab197ca-eaa7-4418-960d-d8e8cf40231a','2021-02-10 21:49:23','fab197ca-eaa7-4418-960d-d8e8cf40231a','2021-02-10 22:45:20','fab197ca-eaa7-4418-960d-d8e8cf40231a',2,'Under 10 mins','introduction'),(418,'SBCPS - Coaching - Welcome Video','https://gww.bcpublicservice.gov.bc.ca/learning/curator/sbcps/Coaching/Welcome-to-Coaching.mp4','This brief video welcomes you to your Coaching Approaches session.','','','',2,NULL,NULL,0,0,NULL,NULL,0,0,NULL,'fab197ca-eaa7-4418-960d-d8e8cf40231a','2021-02-10 22:11:41','fab197ca-eaa7-4418-960d-d8e8cf40231a','2021-02-10 22:12:00','fab197ca-eaa7-4418-960d-d8e8cf40231a',1,'Under 10 mins','welcome-video'),(419,'Coaching Conversations Video Activity','https://gww.bcpublicservice.gov.bc.ca/learning/curator/sbcps/Coaching/coaching-conversations.mp4','<p>In this video youll learn all about a coaching approach to conversations and the coaching like principles, which will serve as the foundation for your practice during our live session.</p><p>1. Watch the video. </p><p> 2. Answer these questions to help solidify your learning:</p><p>Which of the following is not a coaching principle? </p><ol><li>People are naturally creative, resourceful, and whole. </li><li>Its not your problem to solve. Trust that they know whats needed. </li><li>Hold the focus on others taking ownership. </li><li>Its about potential and possibility. </li><li>Be fully present and available to the conversation.<br></li></ol><p>  </p>','','','',2,NULL,NULL,0,0,NULL,NULL,0,0,NULL,'fab197ca-eaa7-4418-960d-d8e8cf40231a','2021-02-10 22:13:28','fab197ca-eaa7-4418-960d-d8e8cf40231a','2021-02-10 22:14:45','fab197ca-eaa7-4418-960d-d8e8cf40231a',4,'Under 10 mins','coaching-conversations-video-activity'),(420,'GROW model and Coaching Skills video','https://gww.bcpublicservice.gov.bc.ca/learning/curator/sbcps/Coaching/Grow-Model.mp4','<p>Watch the video, then fill in the blanks with the correct response:</p><p><br>1.	In the Goal phase we use ______________________ to help the person being coached clarify their goal. </p><p> 2.	In the Reality phase the coach helps the person being coached explore __________________________.</p><p>3.	In the Options phase we use open-ended questions to help the person being coached explore ______________________. </p><p>4.	In the Will phase we help the person being coached explore their next steps with questions like:  ______________________________________________.</p><p>What is the difference between praise and an acknowledgement?</p>','','','',2,NULL,NULL,0,0,NULL,NULL,0,0,NULL,'fab197ca-eaa7-4418-960d-d8e8cf40231a','2021-02-10 22:18:11','fab197ca-eaa7-4418-960d-d8e8cf40231a','2021-02-10 22:41:50','fab197ca-eaa7-4418-960d-d8e8cf40231a',4,'Under 10 mins','grow-model-and-coaching-skills-video'),(421,'SBCPS - Coaching - Demo Video','https://gww.bcpublicservice.gov.bc.ca/learning/curator/sbcps/Coaching/Demo-Coaching.mp4','<p>Watch the Demo video, then answer these questions:</p><p>1.	How did the coach confirm their understanding of the goal for the conversation?</p><p>2.	How did the coach help the person being coached explore the current situation?</p><p>3.	How did the coach help the person being coached explore options?</p><p>4.	How did the coach help the person being coached explore their next steps? </p>','','','',2,NULL,NULL,0,0,NULL,NULL,0,0,NULL,'fab197ca-eaa7-4418-960d-d8e8cf40231a','2021-02-10 22:21:27','fab197ca-eaa7-4418-960d-d8e8cf40231a','2021-02-10 22:46:00','fab197ca-eaa7-4418-960d-d8e8cf40231a',4,'Under 10 mins','sbcps-coaching-demo-video'),(422,'SBCPS - Coaching - Practice Instructions (link to video and downloadable instructions)','https://gww.bcpublicservice.gov.bc.ca/learning/curator/sbcps/Coaching/Practice-Instructions-Coaching-Conversation-Week 3.docx','<p>The live session will give you an opportunity to work with members of your cohort and practice what youve learned about coaching conversations.  This last video will walk you through everything youll need to know about your small group practice.</p><p>1. Click to watch this <b><a href=\"https://gww.bcpublicservice.gov.bc.ca/learning/curator/sbcps/Coaching/Practice-Instructions.mp4\" target=\"_blank\">Small Group Practice Instructions Video</a></b>, then </p><p>2. Download your practice instructions and have them with you during the session.<br></p>','','','',2,NULL,NULL,0,0,NULL,NULL,0,0,NULL,'fab197ca-eaa7-4418-960d-d8e8cf40231a','2021-02-10 22:23:32','fab197ca-eaa7-4418-960d-d8e8cf40231a','2021-02-10 22:43:35','fab197ca-eaa7-4418-960d-d8e8cf40231a',4,'Under 10 mins','practice-instructions-video'),(423,'SBCPS - Coaching - Frequently Asked Questions','','<p>As with all learning tools/ models, use the aspects that work best for you and apply situationally. Below are some F.A.Q.s that address the intention behind the GROW Model. </p><ul><li><b>As the coach, do I have to follow GROW in the order described?</b><br>Not necessarily:   Each of the four steps is broadly a logical route for a coaching conversation to take, to ensure the issue and reality are clearly understood before undertaking the strategy/approach/action. However, in a real-life coaching conversation it is very likely youre going to move forward and backward as needed and may revisit steps multiple times.  For example, exploring the realities or the options of the situation can create new clarity around the goal of the coaching conversation.</li><li><b>Is there a recommended percentage of time to spend on each step?</b><br>No.  Every coaching conversation is different, and some topics and some situations will require spending time in some steps more than others.</li></ul><p><b>Note: There is no link for this item.</b></p>','','','',2,NULL,NULL,0,0,NULL,NULL,0,0,NULL,'fab197ca-eaa7-4418-960d-d8e8cf40231a','2021-02-10 22:26:17','fab197ca-eaa7-4418-960d-d8e8cf40231a','2021-02-10 22:44:59','fab197ca-eaa7-4418-960d-d8e8cf40231a',2,'Under 10 mins','frequently-asked-questions'),(424,'SBCPS - Coaching - Sample Situations','https://gww.bcpublicservice.gov.bc.ca/learning/curator/sbcps/Coaching/sample-situations.docx','Download and have these sample situations to use in your live session.','','','',2,NULL,NULL,0,0,NULL,NULL,0,0,NULL,'fab197ca-eaa7-4418-960d-d8e8cf40231a','2021-02-10 22:33:10','fab197ca-eaa7-4418-960d-d8e8cf40231a','2021-02-10 22:33:10','fab197ca-eaa7-4418-960d-d8e8cf40231a',2,'Under 10 mins','sbcps-coaching-sample-situations'),(425,'Next Steps - SBCPS - Coaching','','<p>Now that youve completed your pre-work, please follow these simple steps to help you join and successfully participate in the live session:</p><ol><li>Make sure you read the email we have sent you for instructions on how to join the live web session.</li><li>Print or make sure you have your <b>practice instructions</b> and your <b>sample situations</b> handy during the session.  It will serve as a helpful resource during your practice.</li></ol><p><b>Note: There is no link for this item.</b></p>','','','',2,NULL,NULL,0,0,NULL,NULL,0,0,NULL,'fab197ca-eaa7-4418-960d-d8e8cf40231a','2021-02-10 22:34:19','fab197ca-eaa7-4418-960d-d8e8cf40231a','2021-02-10 22:44:35','fab197ca-eaa7-4418-960d-d8e8cf40231a',2,'Under 10 mins','next-steps-sbcps-coaching'),(426,'SBCPS - Coaching - Recommended Resources','https://gww.bcpublicservice.gov.bc.ca/learning/curator/sbcps/Coaching/recommended-resources.docx','Download a list of recommended resources for a deeper dive into coaching approaches.','','','',2,NULL,NULL,0,0,NULL,NULL,0,0,NULL,'fab197ca-eaa7-4418-960d-d8e8cf40231a','2021-02-10 22:37:03','fab197ca-eaa7-4418-960d-d8e8cf40231a','2021-02-10 22:37:03','fab197ca-eaa7-4418-960d-d8e8cf40231a',2,'Under 10 mins','sbcps-coaching-recommended-resources'),(427,'Cultural Diversity Awareness Questionnaire','https://edge.sagepub.com/sites/default/files/9.3_cultural_diversity_awareness_questionnaire.pdf','<p>It is important to take time to reflect on your relationship with diversity.  The purpose of this questionnaire is to help you assess areas of strengths and areas that you wish to develop.</p><ol><li>To identify your attitudes and perspectives regarding cultural diversity </li><li>  To help you become aware of and understand your prejudices and biases </li><li>  To help you understand the potential consequences of your approach to diversity in the workplace</li></ol><p><b>Read each statement and circle the number that best describes your belief of behaviour.  Record your score and bring it to the live session.  Scores will only be shared anonymously so please answer as honestly and sincere as possible.</b></p><p><b><i>Please do not connect to the score.  The score is an indicator but not a true measure of your level of awareness.  It is possible to score high, because you are not self-aware just as you could score low because you are extremely aware.</i></b><br></p>','','','',2,NULL,NULL,0,0,NULL,NULL,0,2,NULL,'fab197ca-eaa7-4418-960d-d8e8cf40231a','2021-02-11 16:42:19','fab197ca-eaa7-4418-960d-d8e8cf40231a','2021-02-12 22:51:23','fab197ca-eaa7-4418-960d-d8e8cf40231a',2,'Under 30 mins','cultural-diversity-awareness-questionnaire'),(428,'Disability Quiz','https://gww.bcpublicservice.gov.bc.ca/learning/curator/sbcps/Diversity/disability-quiz.docx','<p>There are many types of disabilities but who decides what is a disability?  Are all disabilities equal?  Place an X next to each statement that you feel represents a disability. </p><p><b>  Please bring your completed quiz to the live session for a small group discussion. </b></p>','','','',2,NULL,NULL,0,0,NULL,NULL,0,1,NULL,'fab197ca-eaa7-4418-960d-d8e8cf40231a','2021-02-11 16:51:49','fab197ca-eaa7-4418-960d-d8e8cf40231a','2021-02-12 01:30:27','fab197ca-eaa7-4418-960d-d8e8cf40231a',2,'Under 10 mins','disability-quiz'),(429,'Unconscious Bias at Work—Making the Unconscious Conscious - 1','https://youtu.be/NW5s_-Nl3JE','This short video from Google does a good job of introducing unconscious bias and its effects at work. This background describes the reasons the BC Public Service is focusing on a diversity and inclusion strategy to help us develop the strongest, best public service we can.','','','',1,NULL,NULL,0,0,NULL,NULL,0,0,NULL,'fab197ca-eaa7-4418-960d-d8e8cf40231a','2021-02-11 16:57:39','fab197ca-eaa7-4418-960d-d8e8cf40231a','2021-02-11 16:57:39','fab197ca-eaa7-4418-960d-d8e8cf40231a',1,'Under 10 mins','unconscious-bias-at-work-making-the-unconscious-conscious-1'),(430,'An Introduction to Unconscious Bias','https://youtu.be/KCgIRGKAbfc','This whiteboard video explains unconscious bias and how to avoid it. ','','','',2,NULL,NULL,0,0,NULL,NULL,0,4,NULL,'fab197ca-eaa7-4418-960d-d8e8cf40231a','2021-02-11 17:10:28','fab197ca-eaa7-4418-960d-d8e8cf40231a','2021-02-12 23:00:39','fab197ca-eaa7-4418-960d-d8e8cf40231a',1,'Under 10 mins','an-introduction-to-unconscious-bias'),(431,'SBCPS - Diversity and Inclusion Essentials','https://gww.bcpublicservice.gov.bc.ca/learning/diversity/courses/diversity_essentials/index.html#two','<p>D&amp;I Essentials includes definitions, a short web-based catalogue of legislation and policy, that explains how our corporate values connect to the values of diversity and inclusion. The resource concludes with a final quiz intended to reinforce your understanding.</p><p>Please review Topics 1 through 3 if you have previously completed this course.  If you have not completed this course, please read topics 1 through 3 and complete the quiz at the end of the page.   </p>','','','',2,NULL,NULL,0,0,NULL,NULL,0,2,NULL,'fab197ca-eaa7-4418-960d-d8e8cf40231a','2021-02-11 17:11:57','fab197ca-eaa7-4418-960d-d8e8cf40231a','2021-02-12 23:18:14','fab197ca-eaa7-4418-960d-d8e8cf40231a',4,'Under 30 mins','sbcps-diversity-and-inclusion-essentials'),(432,'Environmental Diversity Profile','https://gww.bcpublicservice.gov.bc.ca/learning/curator/sbcps/Diversity/Environmental-Diversity-Profile.docx','<p>\"Who are the people in your neighbourhood?\" An environmental diversity profile helps you identify populations that are not in your current environment.</p><p>Complete the profile by placing an \"X\" in the appropriate boxes.  Each line can have as multiple \"X\"s.</p><p><b>Please bring or have access to your profile for a small group discussion at the live session.  </b></p>','','','',1,NULL,NULL,0,0,NULL,NULL,0,0,NULL,'fab197ca-eaa7-4418-960d-d8e8cf40231a','2021-02-11 17:15:32','fab197ca-eaa7-4418-960d-d8e8cf40231a','2021-02-11 17:16:38','fab197ca-eaa7-4418-960d-d8e8cf40231a',4,'Under 10 mins','environmental-diversity-profile'),(433,'Collaborative Approach to Leading Virtual Teams','https://gww.bcpublicservice.gov.bc.ca/learning/curator/sbcps/Collaborative/SBCPS-Collaborative-Approach-Winter-2021-Prework-Video-1.mp4','<p><b>Session 4 Video 1</b></p><p>Pre-work Video #1 introduces the learning objectives for Session 4: Collaborative Approach to Leading Virtual Teams. </p><ul><li>  Explore the benefits of a collaborative approach to leading your next team meeting where everyone invited to the table has a voice in the conversation, builds relationships and works together to reach desirable outcomes.</li><li>Plan for your next team meeting by considering the behaviors and actions you can demonstrate that can create the conditions for collaboration and inclusion within your teams. </li><li> Practice and experience a collaborative team meeting conversation model.</li></ul>','','','',2,NULL,NULL,0,0,NULL,NULL,0,0,NULL,'fab197ca-eaa7-4418-960d-d8e8cf40231a','2021-02-12 23:56:18','fab197ca-eaa7-4418-960d-d8e8cf40231a','2021-02-13 01:03:29','fab197ca-eaa7-4418-960d-d8e8cf40231a',1,'Under 10 mins','collaborative-approach-to-leading-virtual-teams-1'),(434,'Collaborative Approach - What it is…and why it matters…. ','https://gww.bcpublicservice.gov.bc.ca/learning/curator/sbcps/Collaborative/SBCPS-Collaborative-Approach-Winter-2021-Prework-Video-2.mp4','<p><b>Session 4 Video 2</b></p><p>A leader who intentionally takes a collaborative approach, embraces the diversity of their team and the diversity of thought at the table. A key part of developing collaboration skills involves acknowledging that everyones experiences will be different, and all experiences are valid.</p><p>Through a collaborative approach, leaders can create an inclusive environment and realize benefits that energize teams, releases creativity, and cultivates a work culture where employees feel seen, heard and valued for their contributions. </p>','','','',2,NULL,NULL,0,0,NULL,NULL,0,0,NULL,'fab197ca-eaa7-4418-960d-d8e8cf40231a','2021-02-13 00:03:38','fab197ca-eaa7-4418-960d-d8e8cf40231a','2021-06-30 02:11:34','fab197ca-eaa7-4418-960d-d8e8cf40231a',1,'Under 10 mins','collaborative-approach-to-leading-virtual-teams-what-it-is-and-why-it-matters'),(435,'Harvard Business Review article: \"Why Inclusive Leaders are Good for Organizations and How to Become One\"','https://hbr.org/2019/03/why-inclusive-leaders-are-good-for-organizations-and-how-to-become-one','<p>This article helps to set our context for this session.</p><p>Companies increasingly rely on diverse, multidisciplinary teams that combine the collective capabilities of women and men, people of different cultural heritage, and younger and older workers. But simply throwing a mix of people together doesnt guarantee high performance; it requires inclusive leadership — leadership that assures that all team members feel they are treated respectfully and fairly, are valued and sense that they belong, and are confident and inspired. Research involving 3,500 ratings by employees of 450 leaders found that inclusive leaders share six behaviors — and that leaders often overestimate how inclusive they really are. These are the behaviors: visible commitment, humility, awareness of bias, curiosity about others, cultural intelligence, and effective collaboration.</p>','','','',2,NULL,NULL,0,0,NULL,NULL,0,0,NULL,'fab197ca-eaa7-4418-960d-d8e8cf40231a','2021-02-13 00:38:48','fab197ca-eaa7-4418-960d-d8e8cf40231a','2021-02-13 00:55:27','fab197ca-eaa7-4418-960d-d8e8cf40231a',2,'Under 10 mins','harvard-business-review-article-why-inclusive-leaders-are-good-for-organizations-and-how-to-become-one'),(436,'SBCPS Collaborative Approach to Leading Teams Worksheet and Meeting Prep Form','https://gww.bcpublicservice.gov.bc.ca/learning/curator/sbcps/Collaborative/SBCPS-Collaborative-Approach-Worksheet-Winter-2021.docx','This worksheet accompanies the pre-work videos and includes reflection questions to be completed alongside of watching the videos as well as a Meeting Prep Form to be completed before the live session.','','','',2,NULL,NULL,0,0,NULL,NULL,0,0,NULL,'fab197ca-eaa7-4418-960d-d8e8cf40231a','2021-02-13 00:43:32','fab197ca-eaa7-4418-960d-d8e8cf40231a','2021-02-13 01:02:46','fab197ca-eaa7-4418-960d-d8e8cf40231a',4,'Under 30 mins','sbcps-collaborative-approach-to-leading-teams-worksheet-and-meeting-prep-form'),(437,'Collaborative Approach to Leading Virtual Teams: Making Meetings Matter','https://gww.bcpublicservice.gov.bc.ca/learning/curator/sbcps/Collaborative/SBCPS-Collaborative-Approach-Winter-2021-Prework-Video-3.mp4','<p><b>Session 4 Video 3</b></p><p>This segment explores applying collaborative approaches by making some shifts in routine patterns to leading teams that will help to create space for everyone to be included and engaged in solving problems and contributing to best solutions</p>','','','',2,NULL,NULL,0,0,NULL,NULL,0,0,NULL,'fab197ca-eaa7-4418-960d-d8e8cf40231a','2021-02-13 00:47:29','fab197ca-eaa7-4418-960d-d8e8cf40231a','2021-02-13 01:04:16','fab197ca-eaa7-4418-960d-d8e8cf40231a',1,'Under 10 mins','collaborative-approach-to-leading-virtual-teams-making-meetings-matter'),(438,'Collaborative Approach to Leading Virtual Teams: Collaborative Approach Conversation Practice','https://gww.bcpublicservice.gov.bc.ca/learning/curator/sbcps/Collaborative/SBCPS-Collaborative-Approach-Winter-2021-Prework-Video-4.mp4','<p><b>Session 4 Video 4</b></p><p><b><i>This video shares the instructions for the live session breakout group activity and conversation practice approach. * Please have handy during live session.</i></b></p><p>Steps for the collaborative approach meeting: </p><p>Timing (45 min total) </p><p><b>   1. Focus the Group: (10 min) </b></p><p style=\"margin-left: 25px;\">   5 min: Meeting Lead presents issue/ why its important/ relevant background; </p><p style=\"margin-left: 25px;\">   5 min: Group asks clarifying questions about issue and background.</p><p><b>   2. Collaborative Discussion: (25 min) </b></p><p style=\"margin-left: 25px;\">   Each person in turn contributes their perspective in brainstorming a solution.</p><p><b>   3. Summarize: (10 min) </b></p><p style=\"margin-left: 25px;\">   Each person contributes a recommended course of action to solve the issue. </p><p style=\"\">   Meeting Lead ACKNOWLEDGES EVERYONE FOR CONTRIBUTIONS and informs group of next steps to be taken.&nbsp;<span style=\"font-size: 1rem;\">E.g. Will there be another meeting? etc.</span></p><p style=\"\"><b>   Debrief: (10 Minutes)</b><br></p>','','','',2,NULL,NULL,0,0,NULL,NULL,0,0,NULL,'fab197ca-eaa7-4418-960d-d8e8cf40231a','2021-02-13 00:50:42','fab197ca-eaa7-4418-960d-d8e8cf40231a','2021-02-13 01:05:02','fab197ca-eaa7-4418-960d-d8e8cf40231a',1,'Under 10 mins','collaborative-approach-to-leading-virtual-teams-collaborative-approach-conversation-practice'),(444,'Chapter 1 Why Code? Why R?','https://bookdown.org/martin_monkman/DataAnalyticsCodingFundamentals/why-code.html','<p>Data Analytics Coding Fundamentals Chapter 1 Why Code? Why R? <br></p>','','','',2,NULL,NULL,0,0,NULL,NULL,0,0,NULL,'fab197ca-eaa7-4418-960d-d8e8cf40231a','2021-08-11 20:27:25','fab197ca-eaa7-4418-960d-d8e8cf40231a','2021-08-11 20:27:45','fab197ca-eaa7-4418-960d-d8e8cf40231a',4,'Under 5 mins','chapter-1-why-code-why-r');
/*!40000 ALTER TABLE `activities` ENABLE KEYS */;
UNLOCK TABLES;

--
-- Table structure for table `activities_competencies`
--

DROP TABLE IF EXISTS `activities_competencies`;
/*!40101 SET @saved_cs_client     = @@character_set_client */;
/*!40101 SET character_set_client = utf8 */;
CREATE TABLE `activities_competencies` (
  `id` int(11) NOT NULL AUTO_INCREMENT,
  `activity_id` int(11) NOT NULL,
  `competency_id` int(11) NOT NULL,
  PRIMARY KEY (`id`),
  KEY `competencies_activities_ibfk_1` (`activity_id`),
  KEY `competencies_activities_ibfk_2` (`competency_id`),
  CONSTRAINT `competencies_activities_ibfk_1` FOREIGN KEY (`activity_id`) REFERENCES `activities` (`id`),
  CONSTRAINT `competencies_activities_ibfk_2` FOREIGN KEY (`competency_id`) REFERENCES `competencies` (`id`)
) ENGINE=InnoDB DEFAULT CHARSET=latin1;
/*!40101 SET character_set_client = @saved_cs_client */;

--
-- Dumping data for table `activities_competencies`
--

LOCK TABLES `activities_competencies` WRITE;
/*!40000 ALTER TABLE `activities_competencies` DISABLE KEYS */;
/*!40000 ALTER TABLE `activities_competencies` ENABLE KEYS */;
UNLOCK TABLES;

--
-- Table structure for table `activities_steps`
--

DROP TABLE IF EXISTS `activities_steps`;
/*!40101 SET @saved_cs_client     = @@character_set_client */;
/*!40101 SET character_set_client = utf8 */;
CREATE TABLE `activities_steps` (
  `id` int(11) NOT NULL AUTO_INCREMENT,
  `activity_id` int(11) NOT NULL,
  `step_id` int(11) NOT NULL,
  `required` int(11) DEFAULT '0',
  `steporder` int(11) DEFAULT '0',
  `stepcontext` text,
  PRIMARY KEY (`id`),
  KEY `activities_steps_ibfk_1` (`activity_id`),
  KEY `activities_steps_ibfk_2` (`step_id`),
  CONSTRAINT `activities_steps_ibfk_1` FOREIGN KEY (`activity_id`) REFERENCES `activities` (`id`),
  CONSTRAINT `activities_steps_ibfk_2` FOREIGN KEY (`step_id`) REFERENCES `steps` (`id`)
) ENGINE=InnoDB AUTO_INCREMENT=390 DEFAULT CHARSET=latin1;
/*!40101 SET character_set_client = @saved_cs_client */;

--
-- Dumping data for table `activities_steps`
--

LOCK TABLES `activities_steps` WRITE;
/*!40000 ALTER TABLE `activities_steps` DISABLE KEYS */;
INSERT INTO `activities_steps` VALUES (7,136,39,0,2,NULL),(10,137,39,0,2,NULL),(12,138,39,0,0,NULL),(13,139,39,1,2,NULL),(14,140,39,1,0,NULL),(20,142,39,0,0,NULL),(21,143,39,1,0,NULL),(22,144,39,0,0,NULL),(23,145,39,0,0,NULL),(24,146,39,0,0,NULL),(26,147,40,1,2,NULL),(27,149,40,0,2,NULL),(29,150,40,0,0,NULL),(30,151,40,0,0,NULL),(31,152,40,0,0,NULL),(32,153,40,1,0,NULL),(33,154,40,0,0,NULL),(34,155,40,0,0,NULL),(35,157,41,1,0,NULL),(36,158,41,1,0,NULL),(38,160,41,1,0,NULL),(39,159,42,1,0,NULL),(40,160,42,1,0,NULL),(41,161,42,1,0,NULL),(42,162,42,0,0,NULL),(43,163,42,0,0,NULL),(44,164,42,0,0,NULL),(45,165,42,0,0,NULL),(46,166,42,0,0,NULL),(47,167,43,1,0,NULL),(48,168,43,0,0,NULL),(49,169,43,0,0,NULL),(50,170,43,0,0,NULL),(51,171,43,1,0,NULL),(52,172,44,1,0,NULL),(53,173,44,0,0,NULL),(54,174,44,1,0,NULL),(55,175,44,0,0,NULL),(56,176,44,0,0,NULL),(57,177,44,0,0,NULL),(58,178,44,0,0,NULL),(59,179,44,1,0,NULL),(61,181,46,1,0,NULL),(62,182,46,0,0,NULL),(63,183,46,1,0,NULL),(64,184,46,0,0,NULL),(65,185,46,0,0,NULL),(66,186,46,0,0,NULL),(67,187,46,1,0,NULL),(68,188,46,1,0,NULL),(69,189,46,0,0,NULL),(70,190,46,1,0,NULL),(71,191,47,0,0,NULL),(72,192,47,1,0,NULL),(73,193,48,1,0,NULL),(74,194,48,1,4,NULL),(75,195,48,0,0,NULL),(77,196,49,1,0,NULL),(78,197,49,1,0,NULL),(79,198,49,0,0,NULL),(81,200,49,1,0,NULL),(82,201,50,0,0,NULL),(83,202,50,1,0,NULL),(84,203,50,1,0,NULL),(85,204,51,0,0,NULL),(86,205,51,0,0,NULL),(87,206,51,1,0,NULL),(88,207,51,1,0,NULL),(89,208,51,0,0,NULL),(90,209,51,1,0,NULL),(91,210,51,0,0,NULL),(92,211,52,1,0,NULL),(93,212,53,1,0,NULL),(94,158,54,1,2,NULL),(95,149,54,1,0,NULL),(96,215,55,1,0,NULL),(97,216,55,0,0,NULL),(106,225,58,1,0,NULL),(107,226,58,0,0,NULL),(108,227,58,0,0,NULL),(109,228,59,0,0,NULL),(110,229,59,1,0,NULL),(113,230,60,1,0,NULL),(114,231,60,1,0,NULL),(115,232,61,1,0,NULL),(116,233,61,0,0,NULL),(117,234,61,1,0,NULL),(118,235,61,1,0,NULL),(119,236,62,1,0,NULL),(120,237,62,1,0,NULL),(121,238,62,0,0,NULL),(122,239,63,0,0,NULL),(123,240,63,1,0,NULL),(124,241,63,1,0,NULL),(125,242,64,1,0,NULL),(126,243,64,1,0,NULL),(128,149,65,1,0,NULL),(131,246,66,0,0,NULL),(132,247,67,0,0,NULL),(133,248,67,0,0,NULL),(134,249,67,1,0,NULL),(135,250,67,0,0,NULL),(136,251,67,0,0,NULL),(137,252,68,1,0,NULL),(138,253,68,1,0,NULL),(139,254,68,1,0,NULL),(141,256,71,1,0,'As it says this is an essential part of this step. check it out!'),(142,257,71,1,0,NULL),(144,259,73,1,0,NULL),(145,260,74,0,0,NULL),(146,261,74,1,0,NULL),(147,262,75,1,0,NULL),(151,255,68,1,0,NULL),(152,263,69,1,0,NULL),(153,264,75,1,0,NULL),(154,265,53,1,0,NULL),(156,267,66,1,0,NULL),(158,224,52,0,0,NULL),(159,269,55,1,0,NULL),(168,271,70,1,0,NULL),(169,272,70,1,0,NULL),(170,273,70,1,0,NULL),(171,274,71,0,0,NULL),(172,260,72,0,0,NULL),(173,275,71,0,0,NULL),(174,276,71,0,0,NULL),(175,277,75,0,0,NULL),(176,275,75,0,0,NULL),(177,274,75,0,0,NULL),(178,276,75,1,0,NULL),(179,278,75,0,0,NULL),(180,279,75,1,0,NULL),(181,253,74,1,0,NULL),(183,281,72,1,0,NULL),(186,283,70,0,0,NULL),(187,284,70,0,0,NULL),(188,285,69,0,0,NULL),(189,286,48,1,2,NULL),(190,287,49,1,0,NULL),(191,288,52,1,0,NULL),(192,289,52,0,0,NULL),(193,290,52,0,0,NULL),(194,291,54,1,0,NULL),(195,292,54,0,0,NULL),(202,299,80,1,0,NULL),(203,300,80,0,0,NULL),(204,199,49,0,0,NULL),(206,302,65,1,0,NULL),(211,148,39,0,0,NULL),(213,304,44,1,0,NULL),(214,305,81,1,0,NULL),(215,306,41,0,0,NULL),(216,307,45,1,0,NULL),(217,180,45,0,0,NULL),(218,308,61,0,0,NULL),(219,309,48,0,0,NULL),(220,310,48,0,0,NULL),(221,311,48,0,0,NULL),(222,312,48,0,0,NULL),(224,314,53,1,0,NULL),(225,315,55,0,0,NULL),(226,316,55,0,0,NULL),(227,317,50,0,0,NULL),(230,318,53,0,0,NULL),(231,319,50,1,0,NULL),(232,320,85,1,0,NULL),(234,323,82,1,2,NULL),(235,327,83,1,2,NULL),(236,328,83,0,0,NULL),(237,329,83,1,4,NULL),(238,262,85,1,0,NULL),(240,332,85,0,0,NULL),(241,336,82,1,0,NULL),(242,335,90,0,0,NULL),(243,334,90,0,0,NULL),(244,331,85,0,0,NULL),(245,330,90,1,0,NULL),(246,337,90,1,4,NULL),(247,338,83,0,0,NULL),(249,339,86,0,0,NULL),(250,340,84,0,0,NULL),(251,341,82,1,2,NULL),(252,342,83,1,2,NULL),(253,343,45,1,0,NULL),(254,344,83,1,0,NULL),(255,345,46,0,0,NULL),(256,346,87,0,0,NULL),(257,347,71,1,0,NULL),(258,348,73,1,0,NULL),(259,349,73,0,0,NULL),(260,350,86,0,0,NULL),(261,351,47,0,0,NULL),(262,353,85,0,0,NULL),(263,354,82,0,0,NULL),(264,322,84,1,0,NULL),(265,324,84,1,2,NULL),(266,325,84,1,4,NULL),(267,355,86,1,0,NULL),(268,356,86,0,0,NULL),(269,357,86,0,0,NULL),(270,358,86,0,0,NULL),(271,359,82,0,0,NULL),(272,360,86,1,0,NULL),(273,361,90,1,2,NULL),(274,362,82,0,0,NULL),(275,363,87,1,0,NULL),(276,364,87,0,0,NULL),(277,365,87,1,0,NULL),(278,366,87,0,0,NULL),(280,367,90,1,4,NULL),(281,189,86,1,0,NULL),(282,368,84,0,0,NULL),(283,369,83,1,0,NULL),(284,370,90,0,0,NULL),(285,371,85,0,0,NULL),(286,372,85,0,0,NULL),(287,373,90,0,0,NULL),(290,375,86,0,0,NULL),(291,376,87,0,0,NULL),(292,377,85,1,0,NULL),(293,378,45,1,0,NULL),(294,379,48,0,0,NULL),(296,381,83,0,0,NULL),(297,380,83,0,0,NULL),(320,395,100,0,0,NULL),(321,396,99,0,0,NULL),(375,439,107,1,0,'We use Github as our primary interface for development'),(376,439,108,1,0,'Every course needs a repository in the Learning Centre Organization'),(377,441,87,1,2,'We use Wordpress a lot so get to know it!'),(378,441,108,1,0,'We use Wordpress a lot so get to know it!'),(381,148,110,1,0,'Testing'),(383,148,112,1,0,'A great starting point, though it can be difficult to get into a session right away.'),(384,357,112,1,0,'Before you get starting actually making anything, read this.'),(385,188,112,1,2,'Another course you take to familiarize yourself'),(388,444,112,0,0,NULL),(389,215,90,1,0,'Testing 5678');
/*!40000 ALTER TABLE `activities_steps` ENABLE KEYS */;
UNLOCK TABLES;

--
-- Table structure for table `activities_tags`
--

DROP TABLE IF EXISTS `activities_tags`;
/*!40101 SET @saved_cs_client     = @@character_set_client */;
/*!40101 SET character_set_client = utf8 */;
CREATE TABLE `activities_tags` (
  `id` int(11) NOT NULL AUTO_INCREMENT,
  `activity_id` int(11) NOT NULL,
  `tag_id` int(11) NOT NULL,
  PRIMARY KEY (`id`),
  KEY `tags_activities_ibfk_1` (`activity_id`),
  KEY `tags_activities_ibfk_2` (`tag_id`),
  CONSTRAINT `tags_activities_ibfk_1` FOREIGN KEY (`activity_id`) REFERENCES `activities` (`id`),
  CONSTRAINT `tags_activities_ibfk_2` FOREIGN KEY (`tag_id`) REFERENCES `tags` (`id`)
) ENGINE=InnoDB DEFAULT CHARSET=latin1;
/*!40101 SET character_set_client = @saved_cs_client */;

--
-- Dumping data for table `activities_tags`
--

LOCK TABLES `activities_tags` WRITE;
/*!40000 ALTER TABLE `activities_tags` DISABLE KEYS */;
/*!40000 ALTER TABLE `activities_tags` ENABLE KEYS */;
UNLOCK TABLES;

--
-- Table structure for table `activities_users`
--

DROP TABLE IF EXISTS `activities_users`;
/*!40101 SET @saved_cs_client     = @@character_set_client */;
/*!40101 SET character_set_client = utf8 */;
CREATE TABLE `activities_users` (
  `id` int(11) NOT NULL AUTO_INCREMENT,
  `activity_id` int(11) NOT NULL,
  `user_id` char(36) NOT NULL,
  `created` datetime NOT NULL,
  PRIMARY KEY (`id`),
  KEY `users_activities_ibfk_1` (`user_id`),
  KEY `users_activities_ibfk_2` (`activity_id`),
  CONSTRAINT `users_activities_ibfk_1` FOREIGN KEY (`user_id`) REFERENCES `users` (`id`),
  CONSTRAINT `users_activities_ibfk_2` FOREIGN KEY (`activity_id`) REFERENCES `activities` (`id`)
) ENGINE=InnoDB AUTO_INCREMENT=147 DEFAULT CHARSET=latin1;
/*!40101 SET character_set_client = @saved_cs_client */;

--
-- Dumping data for table `activities_users`
--

LOCK TABLES `activities_users` WRITE;
/*!40000 ALTER TABLE `activities_users` DISABLE KEYS */;
INSERT INTO `activities_users` VALUES (7,252,'c730e258-2f0a-494b-a9b1-d42b7817cf13','2021-05-29 20:40:57'),(12,181,'c730e258-2f0a-494b-a9b1-d42b7817cf13','2021-05-31 00:00:06'),(22,253,'c730e258-2f0a-494b-a9b1-d42b7817cf13','2021-06-03 17:26:45'),(23,254,'c730e258-2f0a-494b-a9b1-d42b7817cf13','2021-06-03 17:29:27'),(24,255,'c730e258-2f0a-494b-a9b1-d42b7817cf13','2021-06-03 17:29:32'),(25,263,'c730e258-2f0a-494b-a9b1-d42b7817cf13','2021-06-03 17:29:43'),(26,271,'c730e258-2f0a-494b-a9b1-d42b7817cf13','2021-06-03 17:29:51'),(27,272,'c730e258-2f0a-494b-a9b1-d42b7817cf13','2021-06-03 17:29:54'),(28,273,'c730e258-2f0a-494b-a9b1-d42b7817cf13','2021-06-03 17:29:56'),(32,259,'c730e258-2f0a-494b-a9b1-d42b7817cf13','2021-06-03 17:30:27'),(33,348,'c730e258-2f0a-494b-a9b1-d42b7817cf13','2021-06-03 17:30:30'),(34,261,'c730e258-2f0a-494b-a9b1-d42b7817cf13','2021-06-03 17:31:09'),(36,264,'c730e258-2f0a-494b-a9b1-d42b7817cf13','2021-06-03 17:31:26'),(37,276,'c730e258-2f0a-494b-a9b1-d42b7817cf13','2021-06-03 17:31:29'),(38,279,'c730e258-2f0a-494b-a9b1-d42b7817cf13','2021-06-03 17:31:32'),(43,232,'c730e258-2f0a-494b-a9b1-d42b7817cf13','2021-06-03 17:34:29'),(44,234,'c730e258-2f0a-494b-a9b1-d42b7817cf13','2021-06-03 17:34:31'),(45,235,'c730e258-2f0a-494b-a9b1-d42b7817cf13','2021-06-03 17:34:34'),(46,236,'c730e258-2f0a-494b-a9b1-d42b7817cf13','2021-06-03 17:34:52'),(47,237,'c730e258-2f0a-494b-a9b1-d42b7817cf13','2021-06-03 17:34:53'),(48,240,'c730e258-2f0a-494b-a9b1-d42b7817cf13','2021-06-03 17:35:01'),(49,241,'c730e258-2f0a-494b-a9b1-d42b7817cf13','2021-06-03 17:35:02'),(50,242,'c730e258-2f0a-494b-a9b1-d42b7817cf13','2021-06-03 17:35:05'),(51,243,'c730e258-2f0a-494b-a9b1-d42b7817cf13','2021-06-03 17:35:06'),(52,149,'c730e258-2f0a-494b-a9b1-d42b7817cf13','2021-06-03 17:35:10'),(53,302,'c730e258-2f0a-494b-a9b1-d42b7817cf13','2021-06-03 17:35:12'),(54,267,'c730e258-2f0a-494b-a9b1-d42b7817cf13','2021-06-03 17:35:16'),(55,249,'c730e258-2f0a-494b-a9b1-d42b7817cf13','2021-06-03 17:35:21'),(56,202,'c730e258-2f0a-494b-a9b1-d42b7817cf13','2021-06-04 19:07:15'),(57,203,'c730e258-2f0a-494b-a9b1-d42b7817cf13','2021-06-04 19:07:18'),(58,319,'c730e258-2f0a-494b-a9b1-d42b7817cf13','2021-06-04 19:07:24'),(60,209,'c730e258-2f0a-494b-a9b1-d42b7817cf13','2021-06-04 19:07:38'),(61,207,'c730e258-2f0a-494b-a9b1-d42b7817cf13','2021-06-04 19:07:39'),(62,400,'c730e258-2f0a-494b-a9b1-d42b7817cf13','2021-06-10 22:20:00'),(63,401,'c730e258-2f0a-494b-a9b1-d42b7817cf13','2021-06-10 22:20:05'),(66,256,'fab197ca-eaa7-4418-960d-d8e8cf40231a','2021-06-14 23:12:38'),(67,257,'fab197ca-eaa7-4418-960d-d8e8cf40231a','2021-06-14 23:12:43'),(68,347,'fab197ca-eaa7-4418-960d-d8e8cf40231a','2021-06-14 23:12:52'),(70,434,'fab197ca-eaa7-4418-960d-d8e8cf40231a','2021-06-30 02:11:34'),(98,413,'fab197ca-eaa7-4418-960d-d8e8cf40231a','2021-08-06 04:40:33'),(106,148,'fab197ca-eaa7-4418-960d-d8e8cf40231a','2021-08-09 17:51:19'),(134,286,'fab197ca-eaa7-4418-960d-d8e8cf40231a','2021-08-12 19:38:33'),(135,196,'fab197ca-eaa7-4418-960d-d8e8cf40231a','2021-08-12 19:38:59'),(140,139,'fab197ca-eaa7-4418-960d-d8e8cf40231a','2021-08-16 04:33:01'),(142,323,'c79718c7-2927-4d03-be11-6a7bd7610de4','2021-08-17 05:39:53'),(143,341,'c79718c7-2927-4d03-be11-6a7bd7610de4','2021-08-17 05:40:09'),(144,336,'c79718c7-2927-4d03-be11-6a7bd7610de4','2021-08-17 05:40:18'),(145,329,'c79718c7-2927-4d03-be11-6a7bd7610de4','2021-08-17 07:00:30'),(146,327,'c79718c7-2927-4d03-be11-6a7bd7610de4','2021-08-17 07:00:39');
/*!40000 ALTER TABLE `activities_users` ENABLE KEYS */;
UNLOCK TABLES;

--
-- Table structure for table `activity_types`
--

DROP TABLE IF EXISTS `activity_types`;
/*!40101 SET @saved_cs_client     = @@character_set_client */;
/*!40101 SET character_set_client = utf8 */;
CREATE TABLE `activity_types` (
  `id` int(11) NOT NULL AUTO_INCREMENT,
  `name` varchar(255) NOT NULL,
  `slug` varchar(255) NOT NULL,
  `description` text,
  `color` varchar(255) DEFAULT NULL,
  `delivery_method` varchar(255) DEFAULT NULL,
  `image_path` varchar(255) DEFAULT NULL,
  `featured` int(11) DEFAULT '0',
  `created` datetime NOT NULL,
  `createdby` char(36) NOT NULL,
  `modified` datetime NOT NULL,
  `modifiedby` char(36) NOT NULL,
  PRIMARY KEY (`id`),
  KEY `activity_type_createduser_ibfk_1` (`createdby`),
  KEY `activity_type_modifieduser_ibfk_1` (`modifiedby`),
  CONSTRAINT `activity_type_createduser_ibfk_1` FOREIGN KEY (`createdby`) REFERENCES `users` (`id`),
  CONSTRAINT `activity_type_modifieduser_ibfk_1` FOREIGN KEY (`modifiedby`) REFERENCES `users` (`id`)
) ENGINE=InnoDB AUTO_INCREMENT=5 DEFAULT CHARSET=latin1;
/*!40101 SET character_set_client = @saved_cs_client */;

--
-- Dumping data for table `activity_types`
--

LOCK TABLES `activity_types` WRITE;
/*!40000 ALTER TABLE `activity_types` DISABLE KEYS */;
INSERT INTO `activity_types` VALUES (1,'Watch','watch','Only the best of video content from YouTube, Vimeo, and any other source that helps the learning goal. ','193,129,183','','bi bi-camera-video',0,'2021-03-22 22:48:43','fab197ca-eaa7-4418-960d-d8e8cf40231a','2021-07-19 18:59:31','fab197ca-eaa7-4418-960d-d8e8cf40231a'),(2,'Read','read','From real paper books to study abstracts and blog posts; the classic written word enhancing your learning in many ways.','249,145,80','','bi bi-book',0,'2020-02-02 03:11:03','fab197ca-eaa7-4418-960d-d8e8cf40231a','2021-07-19 18:59:26','fab197ca-eaa7-4418-960d-d8e8cf40231a'),(3,'Listen','listen','There are so many things to listen to from podcasts and audio books to radio shows and even music to help achieve your goals.','244,105,115','','bi bi-headphones',0,'2020-02-02 03:11:24','fab197ca-eaa7-4418-960d-d8e8cf40231a','2021-07-19 18:59:57','fab197ca-eaa7-4418-960d-d8e8cf40231a'),(4,'Participate','participate','Activities that require your interactaction, either in person courses, or via elearning, quizzes, or surveys that provide measurable feedback.','255,218,96','','bi bi-people',0,'2020-02-02 03:11:39','fab197ca-eaa7-4418-960d-d8e8cf40231a','2021-07-19 19:00:20','fab197ca-eaa7-4418-960d-d8e8cf40231a');
/*!40000 ALTER TABLE `activity_types` ENABLE KEYS */;
UNLOCK TABLES;

--
-- Table structure for table `cake_d_c_users_phinxlog`
--

DROP TABLE IF EXISTS `cake_d_c_users_phinxlog`;
/*!40101 SET @saved_cs_client     = @@character_set_client */;
/*!40101 SET character_set_client = utf8 */;
CREATE TABLE `cake_d_c_users_phinxlog` (
  `version` bigint(20) NOT NULL,
  `migration_name` varchar(100) DEFAULT NULL,
  `start_time` timestamp NULL DEFAULT NULL,
  `end_time` timestamp NULL DEFAULT NULL,
  `breakpoint` tinyint(1) NOT NULL DEFAULT '0',
  PRIMARY KEY (`version`)
) ENGINE=InnoDB DEFAULT CHARSET=utf8;
/*!40101 SET character_set_client = @saved_cs_client */;

--
-- Dumping data for table `cake_d_c_users_phinxlog`
--

LOCK TABLES `cake_d_c_users_phinxlog` WRITE;
/*!40000 ALTER TABLE `cake_d_c_users_phinxlog` DISABLE KEYS */;
/*!40000 ALTER TABLE `cake_d_c_users_phinxlog` ENABLE KEYS */;
UNLOCK TABLES;

--
-- Table structure for table `categories`
--

DROP TABLE IF EXISTS `categories`;
/*!40101 SET @saved_cs_client     = @@character_set_client */;
/*!40101 SET character_set_client = utf8 */;
CREATE TABLE `categories` (
  `id` int(11) NOT NULL AUTO_INCREMENT,
  `name` varchar(255) NOT NULL,
  `slug` varchar(255) NOT NULL,
  `description` text,
  `image_path` varchar(255) DEFAULT NULL,
  `color` varchar(255) DEFAULT NULL,
  `featured` varchar(255) DEFAULT NULL,
  `created` datetime NOT NULL,
  `createdby` char(36) NOT NULL,
  PRIMARY KEY (`id`),
  KEY `cat_createduser_ibfk_1` (`createdby`),
  CONSTRAINT `cat_createduser_ibfk_1` FOREIGN KEY (`createdby`) REFERENCES `users` (`id`)
) ENGINE=InnoDB AUTO_INCREMENT=6 DEFAULT CHARSET=latin1;
/*!40101 SET character_set_client = @saved_cs_client */;

--
-- Dumping data for table `categories`
--

LOCK TABLES `categories` WRITE;
/*!40000 ALTER TABLE `categories` DISABLE KEYS */;
INSERT INTO `categories` VALUES (1,'Leadership','leadership','Building your leadership skills is something you can do in whatever role you\'re in now, as well as something you may look towards for future roles. As BCPS leaders, we aim to develop our core leadership competencies, as well as role-specific ones that apply to certain positions. Wherever you are today, you\'ll find useful learning here for developing your leadership skills.','','','','2021-03-30 18:12:02','fab197ca-eaa7-4418-960d-d8e8cf40231a'),(2,'Other Topics','other-topics','Coming Soon: The Learning Curator will be populated with other topics of interest to learners in the BCPS.','','','','2020-05-27 18:28:21','fab197ca-eaa7-4418-960d-d8e8cf40231a'),(3,'Diversity and Inclusion','diversity-inclusion','Every individual needs to know their role in creating a diverse and inclusive workplace in the BC Public Service. Learn the definitions and the value of diversity and inclusion. Deepen your understanding and learn how to be an ally with a little engagement or a deeper dive in the resources within this topic&mdash;it\'s up to you.','','','','2020-05-27 18:34:49','fab197ca-eaa7-4418-960d-d8e8cf40231a');
/*!40000 ALTER TABLE `categories` ENABLE KEYS */;
UNLOCK TABLES;

--
-- Table structure for table `categories_topics`
--

DROP TABLE IF EXISTS `categories_topics`;
/*!40101 SET @saved_cs_client     = @@character_set_client */;
/*!40101 SET character_set_client = utf8 */;
CREATE TABLE `categories_topics` (
  `id` int(11) NOT NULL AUTO_INCREMENT,
  `category_id` int(11) NOT NULL,
  `topic_id` int(11) NOT NULL,
  `sortorder` int(11) DEFAULT '0',
  PRIMARY KEY (`id`),
  KEY `categories_topics_ibfk_1` (`category_id`),
  KEY `categories_topics_ibfk_2` (`topic_id`),
  CONSTRAINT `categories_topics_ibfk_1` FOREIGN KEY (`category_id`) REFERENCES `categories` (`id`),
  CONSTRAINT `categories_topics_ibfk_2` FOREIGN KEY (`topic_id`) REFERENCES `topics` (`id`)
) ENGINE=InnoDB AUTO_INCREMENT=9 DEFAULT CHARSET=latin1;
/*!40101 SET character_set_client = @saved_cs_client */;

--
-- Dumping data for table `categories_topics`
--

LOCK TABLES `categories_topics` WRITE;
/*!40000 ALTER TABLE `categories_topics` DISABLE KEYS */;
INSERT INTO `categories_topics` VALUES (1,1,1,0),(2,3,7,0),(5,2,11,0),(6,2,12,0),(7,5,13,0),(8,2,14,0);
/*!40000 ALTER TABLE `categories_topics` ENABLE KEYS */;
UNLOCK TABLES;

--
-- Table structure for table `competencies`
--

DROP TABLE IF EXISTS `competencies`;
/*!40101 SET @saved_cs_client     = @@character_set_client */;
/*!40101 SET character_set_client = utf8 */;
CREATE TABLE `competencies` (
  `id` int(11) NOT NULL AUTO_INCREMENT,
  `name` varchar(255) NOT NULL,
  `slug` varchar(255) NOT NULL,
  `description` text,
  `image_path` varchar(255) DEFAULT NULL,
  `color` varchar(255) DEFAULT NULL,
  `featured` varchar(255) DEFAULT NULL,
  `created` datetime NOT NULL,
  `createdby` char(36) NOT NULL,
  `modified` datetime NOT NULL,
  `modifiedby` char(36) NOT NULL,
  PRIMARY KEY (`id`),
  KEY `comp_createduser_ibfk_1` (`createdby`),
  KEY `comp_modifieduser_ibfk_1` (`modifiedby`),
  CONSTRAINT `comp_createduser_ibfk_1` FOREIGN KEY (`createdby`) REFERENCES `users` (`id`),
  CONSTRAINT `comp_modifieduser_ibfk_1` FOREIGN KEY (`modifiedby`) REFERENCES `users` (`id`)
) ENGINE=InnoDB DEFAULT CHARSET=latin1;
/*!40101 SET character_set_client = @saved_cs_client */;

--
-- Dumping data for table `competencies`
--

LOCK TABLES `competencies` WRITE;
/*!40000 ALTER TABLE `competencies` DISABLE KEYS */;
/*!40000 ALTER TABLE `competencies` ENABLE KEYS */;
UNLOCK TABLES;

--
-- Table structure for table `competencies_pathways`
--

DROP TABLE IF EXISTS `competencies_pathways`;
/*!40101 SET @saved_cs_client     = @@character_set_client */;
/*!40101 SET character_set_client = utf8 */;
CREATE TABLE `competencies_pathways` (
  `id` int(11) NOT NULL AUTO_INCREMENT,
  `competency_id` int(11) NOT NULL,
  `pathway_id` int(11) NOT NULL,
  PRIMARY KEY (`id`),
  KEY `competencies_pathways_ibfk_1` (`pathway_id`),
  KEY `competencies_pathways_ibfk_2` (`competency_id`),
  CONSTRAINT `competencies_pathways_ibfk_1` FOREIGN KEY (`pathway_id`) REFERENCES `pathways` (`id`),
  CONSTRAINT `competencies_pathways_ibfk_2` FOREIGN KEY (`competency_id`) REFERENCES `competencies` (`id`)
) ENGINE=InnoDB DEFAULT CHARSET=latin1;
/*!40101 SET character_set_client = @saved_cs_client */;

--
-- Dumping data for table `competencies_pathways`
--

LOCK TABLES `competencies_pathways` WRITE;
/*!40000 ALTER TABLE `competencies_pathways` DISABLE KEYS */;
/*!40000 ALTER TABLE `competencies_pathways` ENABLE KEYS */;
UNLOCK TABLES;

--
-- Table structure for table `competencies_users`
--

DROP TABLE IF EXISTS `competencies_users`;
/*!40101 SET @saved_cs_client     = @@character_set_client */;
/*!40101 SET character_set_client = utf8 */;
CREATE TABLE `competencies_users` (
  `id` int(11) NOT NULL AUTO_INCREMENT,
  `competency_id` int(11) NOT NULL,
  `user_id` char(36) NOT NULL,
  `priority` varchar(255) DEFAULT NULL,
  PRIMARY KEY (`id`),
  KEY `competencies_users_ibfk_1` (`user_id`),
  KEY `competencies_users_ibfk_2` (`competency_id`),
  CONSTRAINT `competencies_users_ibfk_1` FOREIGN KEY (`user_id`) REFERENCES `users` (`id`),
  CONSTRAINT `competencies_users_ibfk_2` FOREIGN KEY (`competency_id`) REFERENCES `competencies` (`id`)
) ENGINE=InnoDB DEFAULT CHARSET=latin1;
/*!40101 SET character_set_client = @saved_cs_client */;

--
-- Dumping data for table `competencies_users`
--

LOCK TABLES `competencies_users` WRITE;
/*!40000 ALTER TABLE `competencies_users` DISABLE KEYS */;
/*!40000 ALTER TABLE `competencies_users` ENABLE KEYS */;
UNLOCK TABLES;

--
-- Table structure for table `ministries`
--

DROP TABLE IF EXISTS `ministries`;
/*!40101 SET @saved_cs_client     = @@character_set_client */;
/*!40101 SET character_set_client = utf8 */;
CREATE TABLE `ministries` (
  `id` int(11) NOT NULL AUTO_INCREMENT,
  `name` varchar(255) NOT NULL,
  `slug` varchar(255) NOT NULL,
  `elm_learner_group` varchar(255) NOT NULL,
  `description` text,
  `hyperlink` varchar(255) DEFAULT NULL,
  `image_path` varchar(255) DEFAULT NULL,
  `color` varchar(255) DEFAULT NULL,
  `featured` int(11) DEFAULT '0',
  PRIMARY KEY (`id`)
) ENGINE=InnoDB AUTO_INCREMENT=4 DEFAULT CHARSET=latin1;
/*!40101 SET character_set_client = @saved_cs_client */;

--
-- Dumping data for table `ministries`
--

LOCK TABLES `ministries` WRITE;
/*!40000 ALTER TABLE `ministries` DISABLE KEYS */;
INSERT INTO `ministries` VALUES (1,'BC Public Service','bc-public-service','ALLBCGOV','BCPS','','','',0),(2,'Public Service Agency','psa','BC','','','','',0),(3,'Citizen Services','citz','BCGOV','','','','',0);
/*!40000 ALTER TABLE `ministries` ENABLE KEYS */;
UNLOCK TABLES;

--
-- Table structure for table `pathways`
--

DROP TABLE IF EXISTS `pathways`;
/*!40101 SET @saved_cs_client     = @@character_set_client */;
/*!40101 SET character_set_client = utf8 */;
CREATE TABLE `pathways` (
  `id` int(11) NOT NULL AUTO_INCREMENT,
  `name` varchar(255) NOT NULL,
  `color` varchar(255) DEFAULT NULL,
  `description` text,
  `objective` text,
  `file_path` varchar(255) DEFAULT NULL,
  `image_path` varchar(255) DEFAULT NULL,
  `featured` int(11) DEFAULT '0',
  `topic_id` int(11) DEFAULT NULL,
  `ministry_id` int(11) DEFAULT NULL,
  `created` datetime NOT NULL,
  `createdby` char(36) NOT NULL,
  `modified` datetime NOT NULL,
  `modifiedby` char(36) NOT NULL,
  `status_id` int(100) DEFAULT NULL,
  `slug` varchar(255) DEFAULT NULL,
  `estimated_time` varchar(255) DEFAULT NULL,
  `sortorder` int(11) DEFAULT '0',
  PRIMARY KEY (`id`),
  UNIQUE KEY `name` (`name`),
  KEY `idx_pathways_pathway_topic_ibfk_1` (`topic_id`),
  KEY `idx_pathways_pathway_ministry_ibfk_1` (`ministry_id`),
  KEY `idx_pathways_pathway_createduser_ibfk_1` (`createdby`),
  KEY `idx_pathways_pathway_modifieduser_ibfk_1` (`modifiedby`),
  CONSTRAINT `pathway_createduser_ibfk_1` FOREIGN KEY (`createdby`) REFERENCES `users` (`id`),
  CONSTRAINT `pathway_ministry_ibfk_1` FOREIGN KEY (`ministry_id`) REFERENCES `ministries` (`id`),
  CONSTRAINT `pathway_modifieduser_ibfk_1` FOREIGN KEY (`modifiedby`) REFERENCES `users` (`id`),
  CONSTRAINT `pathway_topic_ibfk_1` FOREIGN KEY (`topic_id`) REFERENCES `topics` (`id`)
) ENGINE=InnoDB AUTO_INCREMENT=25 DEFAULT CHARSET=latin1;
/*!40101 SET character_set_client = @saved_cs_client */;

--
-- Dumping data for table `pathways`
--

LOCK TABLES `pathways` WRITE;
/*!40000 ALTER TABLE `pathways` DISABLE KEYS */;
INSERT INTO `pathways` VALUES (11,'Leading Others: The Basics','','Looking for support with team leader responsibilities? Curious about whats required to be successful in a supervisor or management role? Follow this pathway for support on effectively leading teams of all kinds; managing change, conflict, and risk; building relationships and managing team dynamics; and creating a culture of trust and innovation.','Become effective team leaders through excellent mentoring, managing, developing, communicating, and creating cultures of growth and support.','','',0,1,NULL,'2020-05-09 20:01:15','fab197ca-eaa7-4418-960d-d8e8cf40231a','2021-08-13 23:54:19','fab197ca-eaa7-4418-960d-d8e8cf40231a',2,'leading-others-the-basics','',0),(12,'Personal Development','','Ready to engage in personal development that grows your skills as a leader? Whether your goals are to advance to another position or to lead from where you are, this pathway will take you on a journey to improve your ability to lead from where you are and to reach your potential in the future.','Engage in personal development activities that grow your skills as a leader.','','',1,1,NULL,'2020-05-11 01:12:57','fab197ca-eaa7-4418-960d-d8e8cf40231a','2020-10-20 21:23:22','fab197ca-eaa7-4418-960d-d8e8cf40231a',2,'personal-development','Several Days',0),(13,'Role Advancement','','Start feeling in control of your BC Public Service career path. Whether youre ready to move into a new role now or in a few years, this pathway can help you get clear on your next steps, connect with mentorship you need, and set your own goals.','Identify, recognize and reach out to others to build relationships that will support your growth within your position now and future positions. ','','',1,1,NULL,'2020-05-11 17:20:12','fab197ca-eaa7-4418-960d-d8e8cf40231a','2020-10-20 21:23:32','fab197ca-eaa7-4418-960d-d8e8cf40231a',2,'role-advancement','',0),(14,'Functions of Government','','How can building an understanding of legislation and policy help you to be an effective leader? How can you go beyond Gov 101 to deepen your knowledge of the functions of government and find out how major government initiatives impact your role and those you lead or may lead in the future? Follow this pathway to understand what you need to know now.','Be equipped with foundational knowledge of the functions of government, both with respect to your own role and organization and across government.','','',0,14,1,'2020-05-11 18:02:10','fab197ca-eaa7-4418-960d-d8e8cf40231a','2021-08-17 05:11:25','fab197ca-eaa7-4418-960d-d8e8cf40231a',2,'functions-of-government','',0),(17,'Supporting Diversity and Inclusion in the BCPS','','Whether youre new to the BC Public Service (BCPS) or you have many years of service, its critical to undersatand how we work to uphold the commitment to diversity and inclusion outlined in the BC Public Service Act. Follow this pathway to learn how you can support governments mandate to ensure we are inclusive of immigrants, racialized groups, persons with disabilities, and the LGBTQ2S+ community.','Support the commitments to strengthen diversity and inclusion in the BC Public Service.','','',1,7,NULL,'2020-08-06 17:53:57','fab197ca-eaa7-4418-960d-d8e8cf40231a','2021-08-13 23:55:34','fab197ca-eaa7-4418-960d-d8e8cf40231a',2,'supporting-diversity-and-inclusion-in-the-bcps','',0),(20,'Planning a Project','','The planning stage comes after you have an approved project charter. This pathway contains a wide variety of readings and tools to help you plan strategically for a successful project.','Use these resources to build your skills and help you accomplish the many tasks at the planning stage of your projects.',NULL,NULL,0,11,NULL,'2021-01-22 18:50:09','fab197ca-eaa7-4418-960d-d8e8cf40231a','2021-01-22 18:50:09','fab197ca-eaa7-4418-960d-d8e8cf40231a',1,'planning-project',NULL,0);
/*!40000 ALTER TABLE `pathways` ENABLE KEYS */;
UNLOCK TABLES;

--
-- Table structure for table `pathways_steps`
--

DROP TABLE IF EXISTS `pathways_steps`;
/*!40101 SET @saved_cs_client     = @@character_set_client */;
/*!40101 SET character_set_client = utf8 */;
CREATE TABLE `pathways_steps` (
  `id` int(11) NOT NULL AUTO_INCREMENT,
  `step_id` int(11) NOT NULL,
  `pathway_id` int(11) NOT NULL,
  `sortorder` int(11) DEFAULT '0',
  `date_start` datetime DEFAULT NULL,
  `date_complete` datetime DEFAULT NULL,
  PRIMARY KEY (`id`),
  KEY `pathways_steps_ibfk_1` (`step_id`),
  KEY `pathways_steps_ibfk_2` (`pathway_id`),
  CONSTRAINT `pathways_steps_ibfk_1` FOREIGN KEY (`step_id`) REFERENCES `steps` (`id`),
  CONSTRAINT `pathways_steps_ibfk_2` FOREIGN KEY (`pathway_id`) REFERENCES `pathways` (`id`)
) ENGINE=InnoDB AUTO_INCREMENT=59 DEFAULT CHARSET=latin1;
/*!40101 SET character_set_client = @saved_cs_client */;

--
-- Dumping data for table `pathways_steps`
--

LOCK TABLES `pathways_steps` WRITE;
/*!40000 ALTER TABLE `pathways_steps` DISABLE KEYS */;
INSERT INTO `pathways_steps` VALUES (1,39,11,0,NULL,NULL),(2,40,11,0,NULL,NULL),(3,41,11,0,NULL,NULL),(4,42,11,0,NULL,NULL),(5,43,11,0,NULL,NULL),(6,44,11,0,NULL,NULL),(7,45,11,0,NULL,NULL),(8,46,11,0,NULL,NULL),(9,47,11,0,NULL,NULL),(10,48,12,0,NULL,NULL),(11,49,12,0,NULL,NULL),(12,50,12,0,NULL,NULL),(13,51,12,0,NULL,NULL),(14,52,12,0,NULL,NULL),(15,53,12,0,NULL,NULL),(16,54,12,0,NULL,NULL),(17,55,12,0,NULL,NULL),(20,58,13,0,NULL,NULL),(21,59,13,0,NULL,NULL),(22,60,13,0,NULL,NULL),(23,61,13,0,NULL,NULL),(24,62,13,0,NULL,NULL),(25,63,13,0,NULL,NULL),(26,64,13,0,NULL,NULL),(27,65,13,0,NULL,NULL),(28,66,13,0,NULL,NULL),(29,67,13,0,NULL,NULL),(30,68,14,0,NULL,NULL),(31,69,14,0,NULL,NULL),(32,70,14,0,NULL,NULL),(33,71,14,0,NULL,NULL),(34,72,14,0,NULL,NULL),(35,73,14,0,NULL,NULL),(36,74,14,0,NULL,NULL),(37,75,14,0,NULL,NULL),(38,82,17,0,NULL,NULL),(39,83,17,0,NULL,NULL),(40,84,17,0,NULL,NULL),(41,85,17,0,NULL,NULL),(42,86,17,0,NULL,NULL),(43,87,17,0,NULL,NULL),(44,90,17,0,NULL,NULL),(46,99,20,0,NULL,NULL),(47,100,20,0,NULL,NULL),(48,101,20,0,NULL,NULL),(58,112,23,0,NULL,NULL);
/*!40000 ALTER TABLE `pathways_steps` ENABLE KEYS */;
UNLOCK TABLES;

--
-- Table structure for table `pathways_users`
--

DROP TABLE IF EXISTS `pathways_users`;
/*!40101 SET @saved_cs_client     = @@character_set_client */;
/*!40101 SET character_set_client = utf8 */;
CREATE TABLE `pathways_users` (
  `id` int(11) NOT NULL AUTO_INCREMENT,
  `user_id` char(36) NOT NULL,
  `pathway_id` int(11) NOT NULL,
  `status_id` int(11) DEFAULT '1',
  `date_start` datetime DEFAULT NULL,
  `date_complete` datetime DEFAULT NULL,
  PRIMARY KEY (`id`),
  KEY `pathways_users_ibfk_1` (`user_id`),
  KEY `pathways_users_ibfk_2` (`pathway_id`),
  KEY `pathways_users_ibfk_3` (`status_id`),
  CONSTRAINT `pathways_users_ibfk_1` FOREIGN KEY (`user_id`) REFERENCES `users` (`id`),
  CONSTRAINT `pathways_users_ibfk_2` FOREIGN KEY (`pathway_id`) REFERENCES `pathways` (`id`),
  CONSTRAINT `pathways_users_ibfk_3` FOREIGN KEY (`status_id`) REFERENCES `statuses` (`id`)
) ENGINE=InnoDB AUTO_INCREMENT=40 DEFAULT CHARSET=latin1;
/*!40101 SET character_set_client = @saved_cs_client */;

--
-- Dumping data for table `pathways_users`
--

LOCK TABLES `pathways_users` WRITE;
/*!40000 ALTER TABLE `pathways_users` DISABLE KEYS */;
INSERT INTO `pathways_users` VALUES (3,'c730e258-2f0a-494b-a9b1-d42b7817cf13',12,1,NULL,NULL),(4,'c730e258-2f0a-494b-a9b1-d42b7817cf13',14,1,NULL,NULL),(8,'c730e258-2f0a-494b-a9b1-d42b7817cf13',20,1,NULL,NULL),(9,'c730e258-2f0a-494b-a9b1-d42b7817cf13',13,1,NULL,NULL),(10,'c730e258-2f0a-494b-a9b1-d42b7817cf13',17,1,NULL,NULL),(13,'fab197ca-eaa7-4418-960d-d8e8cf40231a',17,1,NULL,NULL),(38,'c79718c7-2927-4d03-be11-6a7bd7610de4',17,1,NULL,NULL),(39,'c79718c7-2927-4d03-be11-6a7bd7610de4',13,1,NULL,NULL);
/*!40000 ALTER TABLE `pathways_users` ENABLE KEYS */;
UNLOCK TABLES;

--
-- Table structure for table `questions`
--

DROP TABLE IF EXISTS `questions`;
/*!40101 SET @saved_cs_client     = @@character_set_client */;
/*!40101 SET character_set_client = utf8 */;
CREATE TABLE `questions` (
  `id` int(11) NOT NULL AUTO_INCREMENT,
  `title` varchar(255) NOT NULL,
  `slug` varchar(255) DEFAULT NULL,
  `content` text,
  `status_id` int(11) DEFAULT '1',
  `created` datetime NOT NULL,
  `createdby_id` char(36) NOT NULL,
  `modified` datetime NOT NULL,
  `modifiedby_id` char(36) NOT NULL,
  PRIMARY KEY (`id`),
  KEY `questions_ibfk_0` (`status_id`),
  KEY `questionscreateduser_ibfk_1` (`createdby_id`),
  KEY `questionsmodifieduser_ibfk_1` (`modifiedby_id`),
  CONSTRAINT `questions_ibfk_0` FOREIGN KEY (`status_id`) REFERENCES `statuses` (`id`),
  CONSTRAINT `questionscreateduser_ibfk_1` FOREIGN KEY (`createdby_id`) REFERENCES `users` (`id`),
  CONSTRAINT `questionsmodifieduser_ibfk_1` FOREIGN KEY (`modifiedby_id`) REFERENCES `users` (`id`)
) ENGINE=InnoDB AUTO_INCREMENT=5 DEFAULT CHARSET=latin1;
/*!40101 SET character_set_client = @saved_cs_client */;

--
-- Dumping data for table `questions`
--

LOCK TABLES `questions` WRITE;
/*!40000 ALTER TABLE `questions` DISABLE KEYS */;
INSERT INTO `questions` VALUES (1,'What happens when I follow a pathway?','what-happens-when-i-follow-a-pathway','<p>The pathway will show that you are following it, and will appear on your profile page. The rest is up to you--engage as much or as little as you see fit with the resources within each step. </p>',2,'2021-06-30 00:57:55','fab197ca-eaa7-4418-960d-d8e8cf40231a','2021-07-15 14:45:31','fab197ca-eaa7-4418-960d-d8e8cf40231a'),(2,'How do I complete a pathway?','how-do-i-complete-pathway','Once you claim all the required activities in all steps along the pathway, your pathway will be marked complete. ',2,'2021-06-30 01:34:35','fab197ca-eaa7-4418-960d-d8e8cf40231a','2021-06-30 01:34:35','fab197ca-eaa7-4418-960d-d8e8cf40231a'),(3,'What are the four different formats?','what-are-the-four-different-formats','Items are categorized as watch (video), listen (audio recordings, including podcasts), read (readings of all kinds, including online articles and book recommendations), and participate (including face to face and online classes you take with others, or self-reflective activities or action items that require some output from you). Using the tags, you can quickly scan for the type of activity you have the capacity to engage with right now. ',2,'2021-06-30 01:51:29','fab197ca-eaa7-4418-960d-d8e8cf40231a','2021-06-30 01:51:29','fab197ca-eaa7-4418-960d-d8e8cf40231a'),(4,'How do I register for a course in the Learning Curator?','how-do-i-register-for-a-course-in-the-learning-curator','<p>When a course offered by the Learning Centre is linked in a pathway on the Learning Curator, it will take you to the course registration page. Just click “Participate.” When you’ve completed your course, be sure to click “Claim” to show you’re finished and can see the progress on your completion wheel for that pathway. If the pathway recommends a course you’ve already taken, just click “Claim.” </p>',2,'2021-06-30 02:00:41','fab197ca-eaa7-4418-960d-d8e8cf40231a','2021-06-30 02:00:41','fab197ca-eaa7-4418-960d-d8e8cf40231a');
/*!40000 ALTER TABLE `questions` ENABLE KEYS */;
UNLOCK TABLES;

--
-- Table structure for table `reports`
--

DROP TABLE IF EXISTS `reports`;
/*!40101 SET @saved_cs_client     = @@character_set_client */;
/*!40101 SET character_set_client = utf8 */;
CREATE TABLE `reports` (
  `id` int(11) NOT NULL AUTO_INCREMENT,
  `activity_id` int(11) NOT NULL,
  `user_id` char(36) NOT NULL,
  `issue` text,
  `curator_id` char(36) DEFAULT NULL,
  `response` text,
  `created` datetime NOT NULL,
  PRIMARY KEY (`id`),
  KEY `report_ibfk_1` (`curator_id`),
  KEY `report_user_ibfk_1` (`user_id`),
  KEY `report_ibfk_2` (`activity_id`),
  CONSTRAINT `report_ibfk_1` FOREIGN KEY (`curator_id`) REFERENCES `users` (`id`),
  CONSTRAINT `report_ibfk_2` FOREIGN KEY (`activity_id`) REFERENCES `activities` (`id`),
  CONSTRAINT `report_user_ibfk_1` FOREIGN KEY (`user_id`) REFERENCES `users` (`id`)
) ENGINE=InnoDB AUTO_INCREMENT=5 DEFAULT CHARSET=latin1;
/*!40101 SET character_set_client = @saved_cs_client */;

--
-- Dumping data for table `reports`
--

LOCK TABLES `reports` WRITE;
/*!40000 ALTER TABLE `reports` DISABLE KEYS */;
INSERT INTO `reports` VALUES (1,252,'fab197ca-eaa7-4418-960d-d8e8cf40231a','DEAD LINK','fab197ca-eaa7-4418-960d-d8e8cf40231a','It\'s not dead.','2021-08-11 22:30:44');
/*!40000 ALTER TABLE `reports` ENABLE KEYS */;
UNLOCK TABLES;

--
-- Table structure for table `roles`
--

DROP TABLE IF EXISTS `roles`;
/*!40101 SET @saved_cs_client     = @@character_set_client */;
/*!40101 SET character_set_client = utf8 */;
CREATE TABLE `roles` (
  `id` int(11) NOT NULL AUTO_INCREMENT,
  `name` varchar(255) NOT NULL,
  `slug` varchar(255) NOT NULL,
  `description` text,
  `image_path` varchar(255) DEFAULT NULL,
  `color` varchar(255) DEFAULT NULL,
  PRIMARY KEY (`id`)
) ENGINE=InnoDB DEFAULT CHARSET=latin1;
/*!40101 SET character_set_client = @saved_cs_client */;

--
-- Dumping data for table `roles`
--

LOCK TABLES `roles` WRITE;
/*!40000 ALTER TABLE `roles` DISABLE KEYS */;
/*!40000 ALTER TABLE `roles` ENABLE KEYS */;
UNLOCK TABLES;

--
-- Table structure for table `sessions`
--

DROP TABLE IF EXISTS `sessions`;
/*!40101 SET @saved_cs_client     = @@character_set_client */;
/*!40101 SET character_set_client = utf8 */;
CREATE TABLE `sessions` (
  `id` char(40) CHARACTER SET ascii COLLATE ascii_bin NOT NULL,
  `created` datetime DEFAULT CURRENT_TIMESTAMP,
  `modified` datetime DEFAULT CURRENT_TIMESTAMP ON UPDATE CURRENT_TIMESTAMP,
  `data` blob,
  `expires` int(10) unsigned DEFAULT NULL,
  PRIMARY KEY (`id`)
) ENGINE=InnoDB DEFAULT CHARSET=utf8;
/*!40101 SET character_set_client = @saved_cs_client */;

--
-- Dumping data for table `sessions`
--

LOCK TABLES `sessions` WRITE;
/*!40000 ALTER TABLE `sessions` DISABLE KEYS */;
/*!40000 ALTER TABLE `sessions` ENABLE KEYS */;
UNLOCK TABLES;

--
-- Table structure for table `social_accounts`
--

DROP TABLE IF EXISTS `social_accounts`;
/*!40101 SET @saved_cs_client     = @@character_set_client */;
/*!40101 SET character_set_client = utf8 */;
CREATE TABLE `social_accounts` (
  `id` char(36) NOT NULL,
  `user_id` char(36) NOT NULL,
  `provider` varchar(255) NOT NULL,
  `username` varchar(255) DEFAULT NULL,
  `reference` varchar(255) NOT NULL,
  `avatar` varchar(255) DEFAULT NULL,
  `description` text,
  `link` varchar(255) NOT NULL,
  `token` text NOT NULL,
  `token_secret` text,
  `token_expires` datetime DEFAULT NULL,
  `active` tinyint(1) NOT NULL DEFAULT '1',
  `data` text NOT NULL,
  `created` datetime NOT NULL,
  `modified` datetime NOT NULL,
  PRIMARY KEY (`id`),
  KEY `user_id` (`user_id`),
  CONSTRAINT `social_accounts_ibfk_1` FOREIGN KEY (`user_id`) REFERENCES `users` (`id`) ON DELETE CASCADE ON UPDATE CASCADE
) ENGINE=InnoDB DEFAULT CHARSET=latin1;
/*!40101 SET character_set_client = @saved_cs_client */;

--
-- Dumping data for table `social_accounts`
--

LOCK TABLES `social_accounts` WRITE;
/*!40000 ALTER TABLE `social_accounts` DISABLE KEYS */;
INSERT INTO `social_accounts` VALUES ('0662988f-4b53-48f4-abf2-35543f9352bd','2162be7c-2180-4f99-9d1f-2f3fba98b245','azuread',NULL,'Allan.Haggett@gov.bc.ca',NULL,NULL,'#','eyJ0eXAiOiJKV1QiLCJub25jZSI6IlA3QUJQWG1xTkxWLWp5S29uS0RKaXRTbUl1Rm5TaEp0Q0tTZy1UaTVZcGsiLCJhbGciOiJSUzI1NiIsIng1dCI6Im5PbzNaRHJPRFhFSzFqS1doWHNsSFJfS1hFZyIsImtpZCI6Im5PbzNaRHJPRFhFSzFqS1doWHNsSFJfS1hFZyJ9.eyJhdWQiOiIwMDAwMDAwMy0wMDAwLTAwMDAtYzAwMC0wMDAwMDAwMDAwMDAiLCJpc3MiOiJodHRwczovL3N0cy53aW5kb3dzLm5ldC82ZmRiNTIwMC0zZDBkLTRhOGEtYjAzNi1kMzY4NWUzNTlhZGMvIiwiaWF0IjoxNjI5MDg5NjczLCJuYmYiOjE2MjkwODk2NzMsImV4cCI6MTYyOTA5MzU3MywiYWNjdCI6MCwiYWNyIjoiMSIsImFpbyI6IkFVUUF1LzhUQUFBQTEvR1BiZmplTEoyZENDTGhRWU8za2loSXl6RlY3UGpaVTBsaEN2T1E3aklBM2NVSzJqWGl6amEybWJTK3diMmlTdHlpNFFqckd0VkhkT1VOZGp3L1NBPT0iLCJhbXIiOlsicHdkIiwibWZhIl0sImFwcF9kaXNwbGF5bmFtZSI6Ik9DSU8gTGVhcm5pbmctQ3VyYXRvciIsImFwcGlkIjoiNjc5YjllNjUtZTgzMi00ZDVjLWFkNTQtNTQ0NTE3MDExNGQ3IiwiYXBwaWRhY3IiOiIxIiwiZmFtaWx5X25hbWUiOiJIYWdnZXR0IiwiZ2l2ZW5fbmFtZSI6IkFsbGFuIiwiaWR0eXAiOiJ1c2VyIiwiaXBhZGRyIjoiMTA3LjE5MC4yNS4xNjgiLCJuYW1lIjoiSGFnZ2V0dCwgQWxsYW4gUFNBOkVYIiwib2lkIjoiZDNkMTNkNDctNjE0YS00ZmZiLTlmZTEtNzQyZWM3ODdjN2JlIiwib25wcmVtX3NpZCI6IlMtMS01LTIxLTIwMDIwMzQwOTktMTc0MTMwNDAxMS03MDg2OTk1NDUtODc2MzUwIiwicGxhdGYiOiIzIiwicHVpZCI6IjEwMDM3RkZFQUU1RjdERTMiLCJyaCI6IjAuQVRnQUFGTGJidzA5aWtxd050Tm9YaldhM0dXZW0yY3k2RnhOclZSVVJSY0JGTmM0QUNJLiIsInNjcCI6ImVtYWlsIG9wZW5pZCBwcm9maWxlIiwic2lnbmluX3N0YXRlIjpbImttc2kiXSwic3ViIjoiZHZsdzA0OVdwajJwTHRnbWdKa0dtVS0yUXdSUkd3NUZfUHZybDVaSGZCRSIsInRlbmFudF9yZWdpb25fc2NvcGUiOiJOQSIsInRpZCI6IjZmZGI1MjAwLTNkMGQtNGE4YS1iMDM2LWQzNjg1ZTM1OWFkYyIsInVuaXF1ZV9uYW1lIjoiQWxsYW4uSGFnZ2V0dEBnb3YuYmMuY2EiLCJ1cG4iOiJBbGxhbi5IYWdnZXR0QGdvdi5iYy5jYSIsInV0aSI6ImFIZjBnV0pHYTA2a04xLXllOEgyQUEiLCJ2ZXIiOiIxLjAiLCJ3aWRzIjpbImI3OWZiZjRkLTNlZjktNDY4OS04MTQzLTc2YjE5NGU4NTUwOSJdLCJ4bXNfc3QiOnsic3ViIjoiVUszSjgzV2dFUFJGak9WSm1aNmE1Xzd0RmF4R0J1QjloMU14YUxwc3ppayJ9LCJ4bXNfdGNkdCI6MTM5ODI4NzkzNH0.TSjqeLLBiqpz8ASmcejcbkbPRlfYXXPZQdMkxzAaCTMGcrHHmhYsBVg_W1CEbefbI3QJbC8xgxV_f2lWgUyr-lrkYlsbdLDYz-F_PcOFw2sYjaW3RKevi2c7oVBFVCrjVCIk1upXB8oOyUOseX_QRsbxqURC5SsrjUI-zyYb3b4Z-Tdd9Y3A7Udg0TSUnEmQwLiZsMyjYTvJMJz7Xj1zDklexXcG78j7MBQ7SX5nW-b2SVdtXjuTEISSeB5DMNT6k8aRZ2GYQjU5M0ElalGI8OZwZM5xqKuyrYHxGKyTTqShm1pJO7idDBO1Q_akptMKNontZLhFIFZWGaHWK3AjcQ',NULL,'2021-08-16 05:59:32',1,'a:16:{s:5:\"token\";O:42:\"TheNetworg\\OAuth2\\Client\\Token\\AccessToken\":7:{s:10:\"\0*\0idToken\";s:1320:\"eyJ0eXAiOiJKV1QiLCJhbGciOiJSUzI1NiIsImtpZCI6Im5PbzNaRHJPRFhFSzFqS1doWHNsSFJfS1hFZyJ9.eyJhdWQiOiI2NzliOWU2NS1lODMyLTRkNWMtYWQ1NC01NDQ1MTcwMTE0ZDciLCJpc3MiOiJodHRwczovL2xvZ2luLm1pY3Jvc29mdG9ubGluZS5jb20vNmZkYjUyMDAtM2QwZC00YThhLWIwMzYtZDM2ODVlMzU5YWRjL3YyLjAiLCJpYXQiOjE2MjkwODk2NzMsIm5iZiI6MTYyOTA4OTY3MywiZXhwIjoxNjI5MDkzNTczLCJhaW8iOiJBVlFBcS84VEFBQUFFNGQxMFFCSkpieUcxM2VhSUxia1k3dUt0ck5rZzBrM2IvU3JXc0F2bUNGNXhlbDlnN1RIQVE4ODZzdDI0TWRUSkxjZWFYZEduaEF6N25NSUdtNjlEb0w3SmZOOFpzZlFNUU1qL1FXVFhxcz0iLCJlbWFpbCI6IkFsbGFuLkhhZ2dldHRAZ292LmJjLmNhIiwibmFtZSI6IkhhZ2dldHQsIEFsbGFuIFBTQTpFWCIsIm9pZCI6ImQzZDEzZDQ3LTYxNGEtNGZmYi05ZmUxLTc0MmVjNzg3YzdiZSIsInByZWZlcnJlZF91c2VybmFtZSI6IkFsbGFuLkhhZ2dldHRAZ292LmJjLmNhIiwicmgiOiIwLkFUZ0FBRkxiYncwOWlrcXdOdE5vWGpXYTNHV2VtMmN5NkZ4TnJWUlVSUmNCRk5jNEFDSS4iLCJzdWIiOiJVSzNKODNXZ0VQUkZqT1ZKbVo2YTVfN3RGYXhHQnVCOWgxTXhhTHBzemlrIiwidGlkIjoiNmZkYjUyMDAtM2QwZC00YThhLWIwMzYtZDM2ODVlMzU5YWRjIiwidXRpIjoiYUhmMGdXSkdhMDZrTjEteWU4SDJBQSIsInZlciI6IjIuMCJ9.RZ2m7XHiRSfEoKZ7uERdwdjyo1-3x84KsLkb9lX1FIiwTXzy4Wk0nai7dV1wC5c3Ddygez0fYHO0ZXvVGc08KDzh1bX16rwxsOXzSVqa_br_n8wdkDzHH5IIf66zecqAKVF5HTN8AJuaJVcR7cEgW7pPSEbqug7275lei68dKqLvmW2uhu0J75ExCgU01KJGWyeWGSgMpKH6-rAJuM1TkqbJExNyC_mmAZRe_anlegj-bsjbjBzk2d6xLl-187d35twPzT07szc6TwVRO1DahmB1d498jZgqtK4jvsuoPe-lhJFHvtm_BgCJqAT8UfDPwiUk1pcpRjoe3SVUExuUrA\";s:16:\"\0*\0idTokenClaims\";a:15:{s:3:\"aud\";s:36:\"679b9e65-e832-4d5c-ad54-5445170114d7\";s:3:\"iss\";s:75:\"https://login.microsoftonline.com/6fdb5200-3d0d-4a8a-b036-d3685e359adc/v2.0\";s:3:\"iat\";i:1629089673;s:3:\"nbf\";i:1629089673;s:3:\"exp\";i:1629093573;s:3:\"aio\";s:120:\"AVQAq/8TAAAAE4d10QBJJbyG13eaILbkY7uKtrNkg0k3b/SrWsAvmCF5xel9g7THAQ886st24MdTJLceaXdGnhAz7nMIGm69DoL7JfN8ZsfQMQMj/QWTXqs=\";s:5:\"email\";s:23:\"Allan.Haggett@gov.bc.ca\";s:4:\"name\";s:21:\"Haggett, Allan PSA:EX\";s:3:\"oid\";s:36:\"d3d13d47-614a-4ffb-9fe1-742ec787c7be\";s:18:\"preferred_username\";s:23:\"Allan.Haggett@gov.bc.ca\";s:2:\"rh\";s:54:\"0.ATgAAFLbbw09ikqwNtNoXjWa3GWem2cy6FxNrVRURRcBFNc4ACI.\";s:3:\"sub\";s:43:\"UK3J83WgEPRFjOVJmZ6a5_7tFaxGBuB9h1MxaLpszik\";s:3:\"tid\";s:36:\"6fdb5200-3d0d-4a8a-b036-d3685e359adc\";s:3:\"uti\";s:22:\"aHf0gWJGa06kN1-ye8H2AA\";s:3:\"ver\";s:3:\"2.0\";}s:14:\"\0*\0accessToken\";s:2107:\"eyJ0eXAiOiJKV1QiLCJub25jZSI6IlA3QUJQWG1xTkxWLWp5S29uS0RKaXRTbUl1Rm5TaEp0Q0tTZy1UaTVZcGsiLCJhbGciOiJSUzI1NiIsIng1dCI6Im5PbzNaRHJPRFhFSzFqS1doWHNsSFJfS1hFZyIsImtpZCI6Im5PbzNaRHJPRFhFSzFqS1doWHNsSFJfS1hFZyJ9.eyJhdWQiOiIwMDAwMDAwMy0wMDAwLTAwMDAtYzAwMC0wMDAwMDAwMDAwMDAiLCJpc3MiOiJodHRwczovL3N0cy53aW5kb3dzLm5ldC82ZmRiNTIwMC0zZDBkLTRhOGEtYjAzNi1kMzY4NWUzNTlhZGMvIiwiaWF0IjoxNjI5MDg5NjczLCJuYmYiOjE2MjkwODk2NzMsImV4cCI6MTYyOTA5MzU3MywiYWNjdCI6MCwiYWNyIjoiMSIsImFpbyI6IkFVUUF1LzhUQUFBQTEvR1BiZmplTEoyZENDTGhRWU8za2loSXl6RlY3UGpaVTBsaEN2T1E3aklBM2NVSzJqWGl6amEybWJTK3diMmlTdHlpNFFqckd0VkhkT1VOZGp3L1NBPT0iLCJhbXIiOlsicHdkIiwibWZhIl0sImFwcF9kaXNwbGF5bmFtZSI6Ik9DSU8gTGVhcm5pbmctQ3VyYXRvciIsImFwcGlkIjoiNjc5YjllNjUtZTgzMi00ZDVjLWFkNTQtNTQ0NTE3MDExNGQ3IiwiYXBwaWRhY3IiOiIxIiwiZmFtaWx5X25hbWUiOiJIYWdnZXR0IiwiZ2l2ZW5fbmFtZSI6IkFsbGFuIiwiaWR0eXAiOiJ1c2VyIiwiaXBhZGRyIjoiMTA3LjE5MC4yNS4xNjgiLCJuYW1lIjoiSGFnZ2V0dCwgQWxsYW4gUFNBOkVYIiwib2lkIjoiZDNkMTNkNDctNjE0YS00ZmZiLTlmZTEtNzQyZWM3ODdjN2JlIiwib25wcmVtX3NpZCI6IlMtMS01LTIxLTIwMDIwMzQwOTktMTc0MTMwNDAxMS03MDg2OTk1NDUtODc2MzUwIiwicGxhdGYiOiIzIiwicHVpZCI6IjEwMDM3RkZFQUU1RjdERTMiLCJyaCI6IjAuQVRnQUFGTGJidzA5aWtxd050Tm9YaldhM0dXZW0yY3k2RnhOclZSVVJSY0JGTmM0QUNJLiIsInNjcCI6ImVtYWlsIG9wZW5pZCBwcm9maWxlIiwic2lnbmluX3N0YXRlIjpbImttc2kiXSwic3ViIjoiZHZsdzA0OVdwajJwTHRnbWdKa0dtVS0yUXdSUkd3NUZfUHZybDVaSGZCRSIsInRlbmFudF9yZWdpb25fc2NvcGUiOiJOQSIsInRpZCI6IjZmZGI1MjAwLTNkMGQtNGE4YS1iMDM2LWQzNjg1ZTM1OWFkYyIsInVuaXF1ZV9uYW1lIjoiQWxsYW4uSGFnZ2V0dEBnb3YuYmMuY2EiLCJ1cG4iOiJBbGxhbi5IYWdnZXR0QGdvdi5iYy5jYSIsInV0aSI6ImFIZjBnV0pHYTA2a04xLXllOEgyQUEiLCJ2ZXIiOiIxLjAiLCJ3aWRzIjpbImI3OWZiZjRkLTNlZjktNDY4OS04MTQzLTc2YjE5NGU4NTUwOSJdLCJ4bXNfc3QiOnsic3ViIjoiVUszSjgzV2dFUFJGak9WSm1aNmE1Xzd0RmF4R0J1QjloMU14YUxwc3ppayJ9LCJ4bXNfdGNkdCI6MTM5ODI4NzkzNH0.TSjqeLLBiqpz8ASmcejcbkbPRlfYXXPZQdMkxzAaCTMGcrHHmhYsBVg_W1CEbefbI3QJbC8xgxV_f2lWgUyr-lrkYlsbdLDYz-F_PcOFw2sYjaW3RKevi2c7oVBFVCrjVCIk1upXB8oOyUOseX_QRsbxqURC5SsrjUI-zyYb3b4Z-Tdd9Y3A7Udg0TSUnEmQwLiZsMyjYTvJMJz7Xj1zDklexXcG78j7MBQ7SX5nW-b2SVdtXjuTEISSeB5DMNT6k8aRZ2GYQjU5M0ElalGI8OZwZM5xqKuyrYHxGKyTTqShm1pJO7idDBO1Q_akptMKNontZLhFIFZWGaHWK3AjcQ\";s:10:\"\0*\0expires\";i:1629093572;s:15:\"\0*\0refreshToken\";N;s:18:\"\0*\0resourceOwnerId\";N;s:9:\"\0*\0values\";a:4:{s:10:\"token_type\";s:6:\"Bearer\";s:5:\"scope\";s:20:\"email openid profile\";s:14:\"ext_expires_in\";i:3599;s:8:\"id_token\";s:1320:\"eyJ0eXAiOiJKV1QiLCJhbGciOiJSUzI1NiIsImtpZCI6Im5PbzNaRHJPRFhFSzFqS1doWHNsSFJfS1hFZyJ9.eyJhdWQiOiI2NzliOWU2NS1lODMyLTRkNWMtYWQ1NC01NDQ1MTcwMTE0ZDciLCJpc3MiOiJodHRwczovL2xvZ2luLm1pY3Jvc29mdG9ubGluZS5jb20vNmZkYjUyMDAtM2QwZC00YThhLWIwMzYtZDM2ODVlMzU5YWRjL3YyLjAiLCJpYXQiOjE2MjkwODk2NzMsIm5iZiI6MTYyOTA4OTY3MywiZXhwIjoxNjI5MDkzNTczLCJhaW8iOiJBVlFBcS84VEFBQUFFNGQxMFFCSkpieUcxM2VhSUxia1k3dUt0ck5rZzBrM2IvU3JXc0F2bUNGNXhlbDlnN1RIQVE4ODZzdDI0TWRUSkxjZWFYZEduaEF6N25NSUdtNjlEb0w3SmZOOFpzZlFNUU1qL1FXVFhxcz0iLCJlbWFpbCI6IkFsbGFuLkhhZ2dldHRAZ292LmJjLmNhIiwibmFtZSI6IkhhZ2dldHQsIEFsbGFuIFBTQTpFWCIsIm9pZCI6ImQzZDEzZDQ3LTYxNGEtNGZmYi05ZmUxLTc0MmVjNzg3YzdiZSIsInByZWZlcnJlZF91c2VybmFtZSI6IkFsbGFuLkhhZ2dldHRAZ292LmJjLmNhIiwicmgiOiIwLkFUZ0FBRkxiYncwOWlrcXdOdE5vWGpXYTNHV2VtMmN5NkZ4TnJWUlVSUmNCRk5jNEFDSS4iLCJzdWIiOiJVSzNKODNXZ0VQUkZqT1ZKbVo2YTVfN3RGYXhHQnVCOWgxTXhhTHBzemlrIiwidGlkIjoiNmZkYjUyMDAtM2QwZC00YThhLWIwMzYtZDM2ODVlMzU5YWRjIiwidXRpIjoiYUhmMGdXSkdhMDZrTjEteWU4SDJBQSIsInZlciI6IjIuMCJ9.RZ2m7XHiRSfEoKZ7uERdwdjyo1-3x84KsLkb9lX1FIiwTXzy4Wk0nai7dV1wC5c3Ddygez0fYHO0ZXvVGc08KDzh1bX16rwxsOXzSVqa_br_n8wdkDzHH5IIf66zecqAKVF5HTN8AJuaJVcR7cEgW7pPSEbqug7275lei68dKqLvmW2uhu0J75ExCgU01KJGWyeWGSgMpKH6-rAJuM1TkqbJExNyC_mmAZRe_anlegj-bsjbjBzk2d6xLl-187d35twPzT07szc6TwVRO1DahmB1d498jZgqtK4jvsuoPe-lhJFHvtm_BgCJqAT8UfDPwiUk1pcpRjoe3SVUExuUrA\";}}s:3:\"aud\";s:36:\"679b9e65-e832-4d5c-ad54-5445170114d7\";s:3:\"iss\";s:75:\"https://login.microsoftonline.com/6fdb5200-3d0d-4a8a-b036-d3685e359adc/v2.0\";s:3:\"iat\";i:1629089673;s:3:\"nbf\";i:1629089673;s:3:\"exp\";i:1629093573;s:3:\"aio\";s:120:\"AVQAq/8TAAAAE4d10QBJJbyG13eaILbkY7uKtrNkg0k3b/SrWsAvmCF5xel9g7THAQ886st24MdTJLceaXdGnhAz7nMIGm69DoL7JfN8ZsfQMQMj/QWTXqs=\";s:5:\"email\";s:23:\"Allan.Haggett@gov.bc.ca\";s:4:\"name\";s:21:\"Haggett, Allan PSA:EX\";s:3:\"oid\";s:36:\"d3d13d47-614a-4ffb-9fe1-742ec787c7be\";s:18:\"preferred_username\";s:23:\"Allan.Haggett@gov.bc.ca\";s:2:\"rh\";s:54:\"0.ATgAAFLbbw09ikqwNtNoXjWa3GWem2cy6FxNrVRURRcBFNc4ACI.\";s:3:\"sub\";s:43:\"UK3J83WgEPRFjOVJmZ6a5_7tFaxGBuB9h1MxaLpszik\";s:3:\"tid\";s:36:\"6fdb5200-3d0d-4a8a-b036-d3685e359adc\";s:3:\"uti\";s:22:\"aHf0gWJGa06kN1-ye8H2AA\";s:3:\"ver\";s:3:\"2.0\";}','2021-08-16 00:48:59','2021-08-16 04:59:33'),('4ab9798f-8e1f-414b-9878-84d1776b38f3','946fc6ea-72cc-4ba0-a8cb-709d3b439cff','azuread',NULL,'Shannon.Mitchell@gov.bc.ca',NULL,NULL,'#','eyJ0eXAiOiJKV1QiLCJub25jZSI6IjNTWENQa2hKZ09LdExxMlFhcnk5Sy1vZkstb0xLazM3VWlmblhiYmI0ZUkiLCJhbGciOiJSUzI1NiIsIng1dCI6Im5PbzNaRHJPRFhFSzFqS1doWHNsSFJfS1hFZyIsImtpZCI6Im5PbzNaRHJPRFhFSzFqS1doWHNsSFJfS1hFZyJ9.eyJhdWQiOiIwMDAwMDAwMy0wMDAwLTAwMDAtYzAwMC0wMDAwMDAwMDAwMDAiLCJpc3MiOiJodHRwczovL3N0cy53aW5kb3dzLm5ldC82ZmRiNTIwMC0zZDBkLTRhOGEtYjAzNi1kMzY4NWUzNTlhZGMvIiwiaWF0IjoxNjI4NzE2Mjg5LCJuYmYiOjE2Mjg3MTYyODksImV4cCI6MTYyODcyMDE4OSwiYWNjdCI6MCwiYWNyIjoiMSIsImFpbyI6IkFVUUF1LzhUQUFBQVR0NUtCNmN3K0VmaUNxdllNclhqVXYzL0VZVHlHczBXU0VqbUY4TnBFNTVvZkg4ZWV4OTE0aHpHU3UrakJxeGNoRkhxdXhsSEdPNjNqaWNYUVB3dlFRPT0iLCJhbXIiOlsicHdkIiwibWZhIl0sImFwcF9kaXNwbGF5bmFtZSI6Ik9DSU8gTGVhcm5pbmctQ3VyYXRvciIsImFwcGlkIjoiNjc5YjllNjUtZTgzMi00ZDVjLWFkNTQtNTQ0NTE3MDExNGQ3IiwiYXBwaWRhY3IiOiIxIiwiZmFtaWx5X25hbWUiOiJNaXRjaGVsbCIsImdpdmVuX25hbWUiOiJTaGFubm9uIiwiaWR0eXAiOiJ1c2VyIiwiaW5fY29ycCI6InRydWUiLCJpcGFkZHIiOiIxNzIuMjE4LjEzNC4xNDEiLCJuYW1lIjoiTWl0Y2hlbGwsIFNoYW5ub24gUFNBOkVYIiwib2lkIjoiNmYwYzJkMzItZTg4Yi00MmM1LThkYTMtMzhjNDg4YzNlMjIxIiwib25wcmVtX3NpZCI6IlMtMS01LTIxLTIwMDIwMzQwOTktMTc0MTMwNDAxMS03MDg2OTk1NDUtOTg2OTE2IiwicGxhdGYiOiIzIiwicHVpZCI6IjEwMDMyMDAwNUY4NUYwMDgiLCJyaCI6IjAuQVRnQUFGTGJidzA5aWtxd050Tm9YaldhM0dXZW0yY3k2RnhOclZSVVJSY0JGTmM0QUEwLiIsInNjcCI6ImVtYWlsIG9wZW5pZCBwcm9maWxlIiwic2lnbmluX3N0YXRlIjpbImttc2kiXSwic3ViIjoidkV5bWQxd0tHTXJqRXNMSEE4VW05QmVRTVRUVFVKeThlblNDRzdkaGpmZyIsInRlbmFudF9yZWdpb25fc2NvcGUiOiJOQSIsInRpZCI6IjZmZGI1MjAwLTNkMGQtNGE4YS1iMDM2LWQzNjg1ZTM1OWFkYyIsInVuaXF1ZV9uYW1lIjoiU2hhbm5vbi5NaXRjaGVsbEBnb3YuYmMuY2EiLCJ1cG4iOiJTaGFubm9uLk1pdGNoZWxsQGdvdi5iYy5jYSIsInV0aSI6ImhHNHdsekVfeUVHY1ZaMTZHV3NMQUEiLCJ2ZXIiOiIxLjAiLCJ3aWRzIjpbImI3OWZiZjRkLTNlZjktNDY4OS04MTQzLTc2YjE5NGU4NTUwOSJdLCJ4bXNfc3QiOnsic3ViIjoiVElvcVc5ZkE3QWRXTlo4MFBNZmxCU0ZNN2RydXNWd1kyYi01ZVhTcm1qQSJ9LCJ4bXNfdGNkdCI6MTM5ODI4NzkzNH0.XQnIuDKT_lBySLQYKgJGztr-ALc-CIqjtS9quaD49_53zD1v0_TwEE38H_QGwy2cqBwrbOc4dHDtQj1xvzuJG9IIA5mth42LyhprOS6CkCg0UWB6Mnm6hJgik4BHu-3ctkILeISvyO8VdFXsCiXGUF0y6waczF8n-4pigrbiTZ0t6wLRUvKLfRR3Go7dY38OQd1vUjd3Krmo8R9pMppXsTCUGF-1V1xJlfnAKnsC3HEL9WXZR5-m4PMK3nvqkuZ2HOanD5zEKAQJTkdfp-tZDhn6m2Iej9Imccaoj22zaPWGcv_TNTVbJmsY6JlQMyTPxBfBe72eFHvgGC1T-jq_xg',NULL,'2021-08-11 22:16:29',1,'a:16:{s:5:\"token\";O:42:\"TheNetworg\\OAuth2\\Client\\Token\\AccessToken\":7:{s:10:\"\0*\0idToken\";s:1332:\"eyJ0eXAiOiJKV1QiLCJhbGciOiJSUzI1NiIsImtpZCI6Im5PbzNaRHJPRFhFSzFqS1doWHNsSFJfS1hFZyJ9.eyJhdWQiOiI2NzliOWU2NS1lODMyLTRkNWMtYWQ1NC01NDQ1MTcwMTE0ZDciLCJpc3MiOiJodHRwczovL2xvZ2luLm1pY3Jvc29mdG9ubGluZS5jb20vNmZkYjUyMDAtM2QwZC00YThhLWIwMzYtZDM2ODVlMzU5YWRjL3YyLjAiLCJpYXQiOjE2Mjg3MTYyODksIm5iZiI6MTYyODcxNjI4OSwiZXhwIjoxNjI4NzIwMTg5LCJhaW8iOiJBVlFBcS84VEFBQUFVbkFLc1lXdUFwV0pTQUpVN3JhR28xRDhNYlc2cjR6ZW9SSnBJOFN5RkV6bjVjNTVXa1hZWnV3a2IyWUZmYnlFYXJmc3BNMGZvdW11UHJtTytYem54bHlhMlVvVnJnRUUrcENtMGNqZ2RpOD0iLCJlbWFpbCI6IlNoYW5ub24uTWl0Y2hlbGxAZ292LmJjLmNhIiwibmFtZSI6Ik1pdGNoZWxsLCBTaGFubm9uIFBTQTpFWCIsIm9pZCI6IjZmMGMyZDMyLWU4OGItNDJjNS04ZGEzLTM4YzQ4OGMzZTIyMSIsInByZWZlcnJlZF91c2VybmFtZSI6IlNoYW5ub24uTWl0Y2hlbGxAZ292LmJjLmNhIiwicmgiOiIwLkFUZ0FBRkxiYncwOWlrcXdOdE5vWGpXYTNHV2VtMmN5NkZ4TnJWUlVSUmNCRk5jNEFBMC4iLCJzdWIiOiJUSW9xVzlmQTdBZFdOWjgwUE1mbEJTRk03ZHJ1c1Z3WTJiLTVlWFNybWpBIiwidGlkIjoiNmZkYjUyMDAtM2QwZC00YThhLWIwMzYtZDM2ODVlMzU5YWRjIiwidXRpIjoiaEc0d2x6RV95RUdjVloxNkdXc0xBQSIsInZlciI6IjIuMCJ9.icaog9cajbEbUdsrCkKNpPMSipMi71Ns5Jk--fkx43c8ZYF3MEMy61lFwDFkVg7izOZErj9ui1zk48HNXh9Od6_ztOnDt_8UCnzyrhS4LcCAngombPeAOgve_jJPveCBM8FvLE4lmbcP4ynQzdm9BPwltm737XNGqUeKPNtiuobK-xmheC47T9jK64ASvL1xMyZh9mKy5BVrMg2dAnAZgLKWufaGNtAhh66sl5ieZAOq14Uiq9U6vsKIjvZ3ZBKGg6Snl9F2bzDZxzbmQI92J8kMJ86AdIXKHBHjzyMnurclN6i8wfELy_c_ZpuEQYKit4saxvAl0ojLLI-AS8YfLQ\";s:16:\"\0*\0idTokenClaims\";a:15:{s:3:\"aud\";s:36:\"679b9e65-e832-4d5c-ad54-5445170114d7\";s:3:\"iss\";s:75:\"https://login.microsoftonline.com/6fdb5200-3d0d-4a8a-b036-d3685e359adc/v2.0\";s:3:\"iat\";i:1628716289;s:3:\"nbf\";i:1628716289;s:3:\"exp\";i:1628720189;s:3:\"aio\";s:120:\"AVQAq/8TAAAAUnAKsYWuApWJSAJU7raGo1D8MbW6r4zeoRJpI8SyFEzn5c55WkXYZuwkb2YFfbyEarfspM0foumuPrmO+Xznxlya2UoVrgEE+pCm0cjgdi8=\";s:5:\"email\";s:26:\"Shannon.Mitchell@gov.bc.ca\";s:4:\"name\";s:24:\"Mitchell, Shannon PSA:EX\";s:3:\"oid\";s:36:\"6f0c2d32-e88b-42c5-8da3-38c488c3e221\";s:18:\"preferred_username\";s:26:\"Shannon.Mitchell@gov.bc.ca\";s:2:\"rh\";s:54:\"0.ATgAAFLbbw09ikqwNtNoXjWa3GWem2cy6FxNrVRURRcBFNc4AA0.\";s:3:\"sub\";s:43:\"TIoqW9fA7AdWNZ80PMflBSFM7drusVwY2b-5eXSrmjA\";s:3:\"tid\";s:36:\"6fdb5200-3d0d-4a8a-b036-d3685e359adc\";s:3:\"uti\";s:22:\"hG4wlzE_yEGcVZ16GWsLAA\";s:3:\"ver\";s:3:\"2.0\";}s:14:\"\0*\0accessToken\";s:2147:\"eyJ0eXAiOiJKV1QiLCJub25jZSI6IjNTWENQa2hKZ09LdExxMlFhcnk5Sy1vZkstb0xLazM3VWlmblhiYmI0ZUkiLCJhbGciOiJSUzI1NiIsIng1dCI6Im5PbzNaRHJPRFhFSzFqS1doWHNsSFJfS1hFZyIsImtpZCI6Im5PbzNaRHJPRFhFSzFqS1doWHNsSFJfS1hFZyJ9.eyJhdWQiOiIwMDAwMDAwMy0wMDAwLTAwMDAtYzAwMC0wMDAwMDAwMDAwMDAiLCJpc3MiOiJodHRwczovL3N0cy53aW5kb3dzLm5ldC82ZmRiNTIwMC0zZDBkLTRhOGEtYjAzNi1kMzY4NWUzNTlhZGMvIiwiaWF0IjoxNjI4NzE2Mjg5LCJuYmYiOjE2Mjg3MTYyODksImV4cCI6MTYyODcyMDE4OSwiYWNjdCI6MCwiYWNyIjoiMSIsImFpbyI6IkFVUUF1LzhUQUFBQVR0NUtCNmN3K0VmaUNxdllNclhqVXYzL0VZVHlHczBXU0VqbUY4TnBFNTVvZkg4ZWV4OTE0aHpHU3UrakJxeGNoRkhxdXhsSEdPNjNqaWNYUVB3dlFRPT0iLCJhbXIiOlsicHdkIiwibWZhIl0sImFwcF9kaXNwbGF5bmFtZSI6Ik9DSU8gTGVhcm5pbmctQ3VyYXRvciIsImFwcGlkIjoiNjc5YjllNjUtZTgzMi00ZDVjLWFkNTQtNTQ0NTE3MDExNGQ3IiwiYXBwaWRhY3IiOiIxIiwiZmFtaWx5X25hbWUiOiJNaXRjaGVsbCIsImdpdmVuX25hbWUiOiJTaGFubm9uIiwiaWR0eXAiOiJ1c2VyIiwiaW5fY29ycCI6InRydWUiLCJpcGFkZHIiOiIxNzIuMjE4LjEzNC4xNDEiLCJuYW1lIjoiTWl0Y2hlbGwsIFNoYW5ub24gUFNBOkVYIiwib2lkIjoiNmYwYzJkMzItZTg4Yi00MmM1LThkYTMtMzhjNDg4YzNlMjIxIiwib25wcmVtX3NpZCI6IlMtMS01LTIxLTIwMDIwMzQwOTktMTc0MTMwNDAxMS03MDg2OTk1NDUtOTg2OTE2IiwicGxhdGYiOiIzIiwicHVpZCI6IjEwMDMyMDAwNUY4NUYwMDgiLCJyaCI6IjAuQVRnQUFGTGJidzA5aWtxd050Tm9YaldhM0dXZW0yY3k2RnhOclZSVVJSY0JGTmM0QUEwLiIsInNjcCI6ImVtYWlsIG9wZW5pZCBwcm9maWxlIiwic2lnbmluX3N0YXRlIjpbImttc2kiXSwic3ViIjoidkV5bWQxd0tHTXJqRXNMSEE4VW05QmVRTVRUVFVKeThlblNDRzdkaGpmZyIsInRlbmFudF9yZWdpb25fc2NvcGUiOiJOQSIsInRpZCI6IjZmZGI1MjAwLTNkMGQtNGE4YS1iMDM2LWQzNjg1ZTM1OWFkYyIsInVuaXF1ZV9uYW1lIjoiU2hhbm5vbi5NaXRjaGVsbEBnb3YuYmMuY2EiLCJ1cG4iOiJTaGFubm9uLk1pdGNoZWxsQGdvdi5iYy5jYSIsInV0aSI6ImhHNHdsekVfeUVHY1ZaMTZHV3NMQUEiLCJ2ZXIiOiIxLjAiLCJ3aWRzIjpbImI3OWZiZjRkLTNlZjktNDY4OS04MTQzLTc2YjE5NGU4NTUwOSJdLCJ4bXNfc3QiOnsic3ViIjoiVElvcVc5ZkE3QWRXTlo4MFBNZmxCU0ZNN2RydXNWd1kyYi01ZVhTcm1qQSJ9LCJ4bXNfdGNkdCI6MTM5ODI4NzkzNH0.XQnIuDKT_lBySLQYKgJGztr-ALc-CIqjtS9quaD49_53zD1v0_TwEE38H_QGwy2cqBwrbOc4dHDtQj1xvzuJG9IIA5mth42LyhprOS6CkCg0UWB6Mnm6hJgik4BHu-3ctkILeISvyO8VdFXsCiXGUF0y6waczF8n-4pigrbiTZ0t6wLRUvKLfRR3Go7dY38OQd1vUjd3Krmo8R9pMppXsTCUGF-1V1xJlfnAKnsC3HEL9WXZR5-m4PMK3nvqkuZ2HOanD5zEKAQJTkdfp-tZDhn6m2Iej9Imccaoj22zaPWGcv_TNTVbJmsY6JlQMyTPxBfBe72eFHvgGC1T-jq_xg\";s:10:\"\0*\0expires\";i:1628720189;s:15:\"\0*\0refreshToken\";N;s:18:\"\0*\0resourceOwnerId\";N;s:9:\"\0*\0values\";a:4:{s:10:\"token_type\";s:6:\"Bearer\";s:5:\"scope\";s:20:\"email openid profile\";s:14:\"ext_expires_in\";i:3599;s:8:\"id_token\";s:1332:\"eyJ0eXAiOiJKV1QiLCJhbGciOiJSUzI1NiIsImtpZCI6Im5PbzNaRHJPRFhFSzFqS1doWHNsSFJfS1hFZyJ9.eyJhdWQiOiI2NzliOWU2NS1lODMyLTRkNWMtYWQ1NC01NDQ1MTcwMTE0ZDciLCJpc3MiOiJodHRwczovL2xvZ2luLm1pY3Jvc29mdG9ubGluZS5jb20vNmZkYjUyMDAtM2QwZC00YThhLWIwMzYtZDM2ODVlMzU5YWRjL3YyLjAiLCJpYXQiOjE2Mjg3MTYyODksIm5iZiI6MTYyODcxNjI4OSwiZXhwIjoxNjI4NzIwMTg5LCJhaW8iOiJBVlFBcS84VEFBQUFVbkFLc1lXdUFwV0pTQUpVN3JhR28xRDhNYlc2cjR6ZW9SSnBJOFN5RkV6bjVjNTVXa1hZWnV3a2IyWUZmYnlFYXJmc3BNMGZvdW11UHJtTytYem54bHlhMlVvVnJnRUUrcENtMGNqZ2RpOD0iLCJlbWFpbCI6IlNoYW5ub24uTWl0Y2hlbGxAZ292LmJjLmNhIiwibmFtZSI6Ik1pdGNoZWxsLCBTaGFubm9uIFBTQTpFWCIsIm9pZCI6IjZmMGMyZDMyLWU4OGItNDJjNS04ZGEzLTM4YzQ4OGMzZTIyMSIsInByZWZlcnJlZF91c2VybmFtZSI6IlNoYW5ub24uTWl0Y2hlbGxAZ292LmJjLmNhIiwicmgiOiIwLkFUZ0FBRkxiYncwOWlrcXdOdE5vWGpXYTNHV2VtMmN5NkZ4TnJWUlVSUmNCRk5jNEFBMC4iLCJzdWIiOiJUSW9xVzlmQTdBZFdOWjgwUE1mbEJTRk03ZHJ1c1Z3WTJiLTVlWFNybWpBIiwidGlkIjoiNmZkYjUyMDAtM2QwZC00YThhLWIwMzYtZDM2ODVlMzU5YWRjIiwidXRpIjoiaEc0d2x6RV95RUdjVloxNkdXc0xBQSIsInZlciI6IjIuMCJ9.icaog9cajbEbUdsrCkKNpPMSipMi71Ns5Jk--fkx43c8ZYF3MEMy61lFwDFkVg7izOZErj9ui1zk48HNXh9Od6_ztOnDt_8UCnzyrhS4LcCAngombPeAOgve_jJPveCBM8FvLE4lmbcP4ynQzdm9BPwltm737XNGqUeKPNtiuobK-xmheC47T9jK64ASvL1xMyZh9mKy5BVrMg2dAnAZgLKWufaGNtAhh66sl5ieZAOq14Uiq9U6vsKIjvZ3ZBKGg6Snl9F2bzDZxzbmQI92J8kMJ86AdIXKHBHjzyMnurclN6i8wfELy_c_ZpuEQYKit4saxvAl0ojLLI-AS8YfLQ\";}}s:3:\"aud\";s:36:\"679b9e65-e832-4d5c-ad54-5445170114d7\";s:3:\"iss\";s:75:\"https://login.microsoftonline.com/6fdb5200-3d0d-4a8a-b036-d3685e359adc/v2.0\";s:3:\"iat\";i:1628716289;s:3:\"nbf\";i:1628716289;s:3:\"exp\";i:1628720189;s:3:\"aio\";s:120:\"AVQAq/8TAAAAUnAKsYWuApWJSAJU7raGo1D8MbW6r4zeoRJpI8SyFEzn5c55WkXYZuwkb2YFfbyEarfspM0foumuPrmO+Xznxlya2UoVrgEE+pCm0cjgdi8=\";s:5:\"email\";s:26:\"Shannon.Mitchell@gov.bc.ca\";s:4:\"name\";s:24:\"Mitchell, Shannon PSA:EX\";s:3:\"oid\";s:36:\"6f0c2d32-e88b-42c5-8da3-38c488c3e221\";s:18:\"preferred_username\";s:26:\"Shannon.Mitchell@gov.bc.ca\";s:2:\"rh\";s:54:\"0.ATgAAFLbbw09ikqwNtNoXjWa3GWem2cy6FxNrVRURRcBFNc4AA0.\";s:3:\"sub\";s:43:\"TIoqW9fA7AdWNZ80PMflBSFM7drusVwY2b-5eXSrmjA\";s:3:\"tid\";s:36:\"6fdb5200-3d0d-4a8a-b036-d3685e359adc\";s:3:\"uti\";s:22:\"hG4wlzE_yEGcVZ16GWsLAA\";s:3:\"ver\";s:3:\"2.0\";}','2021-08-05 17:36:37','2021-08-11 21:16:30'),('7362f545-9dcb-414b-88ab-f62c63169802','c730e258-2f0a-494b-a9b1-d42b7817cf13','azuread',NULL,'ahaggett@extest.gov.bc.ca',NULL,NULL,'#','eyJ0eXAiOiJKV1QiLCJub25jZSI6Ik9nRTk0Q0pJcXkwSFlyZmNiWXNCM2ZwZGQxVkpfUFhXY2lXRnlod1NZWHMiLCJhbGciOiJSUzI1NiIsIng1dCI6Im5PbzNaRHJPRFhFSzFqS1doWHNsSFJfS1hFZyIsImtpZCI6Im5PbzNaRHJPRFhFSzFqS1doWHNsSFJfS1hFZyJ9.eyJhdWQiOiIwMDAwMDAwMy0wMDAwLTAwMDAtYzAwMC0wMDAwMDAwMDAwMDAiLCJpc3MiOiJodHRwczovL3N0cy53aW5kb3dzLm5ldC84MjQwMzVkOC04YjgwLTQ2ZTAtOWJhZi0yYTlhZmM1YTE3OGIvIiwiaWF0IjoxNjIzODU2NTM5LCJuYmYiOjE2MjM4NTY1MzksImV4cCI6MTYyMzg2MDQzOSwiYWNjdCI6MCwiYWNyIjoiMSIsImFjcnMiOlsidXJuOnVzZXI6cmVnaXN0ZXJzZWN1cml0eWluZm8iLCJ1cm46bWljcm9zb2Z0OnJlcTEiLCJ1cm46bWljcm9zb2Z0OnJlcTIiLCJ1cm46bWljcm9zb2Z0OnJlcTMiLCJjMSIsImMyIiwiYzMiLCJjNCIsImM1IiwiYzYiLCJjNyIsImM4IiwiYzkiLCJjMTAiLCJjMTEiLCJjMTIiLCJjMTMiLCJjMTQiLCJjMTUiLCJjMTYiLCJjMTciLCJjMTgiLCJjMTkiLCJjMjAiLCJjMjEiLCJjMjIiLCJjMjMiLCJjMjQiLCJjMjUiXSwiYWlvIjoiRTJaZ1lQaWQrZDB6V1U4NWFPWHF0aXZHVG4yRzkvTGYvaTJTVlcyd1lCQmU3YkJkS1FjQSIsImFtciI6WyJwd2QiXSwiYXBwX2Rpc3BsYXluYW1lIjoiT0NJTyBMZWFybmluZy1DdXJhdG9yIiwiYXBwaWQiOiJmM2IxYzg2MS00NWJiLTQ0ZTMtYjI5OC0xNjgzMTM0MTgyMWQiLCJhcHBpZGFjciI6IjEiLCJmYW1pbHlfbmFtZSI6IkhhZ2dldHQiLCJnaXZlbl9uYW1lIjoiQWxsYW4iLCJpZHR5cCI6InVzZXIiLCJpbl9jb3JwIjoidHJ1ZSIsImlwYWRkciI6IjIwOS4xNjEuMjU0LjQ3IiwibmFtZSI6IkhhZ2dldHQsIEFsbGFuIiwib2lkIjoiMzkzODQ2ZWItYjQ4NC00ODZiLTg0MzUtZWRkYzQyMGRhZGZmIiwib25wcmVtX3NpZCI6IlMtMS01LTIxLTM2Njc1OTgyNjgtMzA3NzA4MTUzOC02NTY5ODM5NTYtMzU5ODQyIiwicGxhdGYiOiIzIiwicHVpZCI6IjEwMDMyMDAxMkJGRUMyREMiLCJyaCI6IjAuQVJjQTJEVkFnb0NMNEVhYnJ5cWFfRm9YaTJISXNmTzdSZU5Fc3BnV2d4TkJnaDBYQUFrLiIsInNjcCI6ImVtYWlsIG9wZW5pZCBwcm9maWxlIFVzZXIuUmVhZCIsInNpZ25pbl9zdGF0ZSI6WyJpbmtub3dubnR3ayJdLCJzdWIiOiJLWjRjTDJrMHR1T05GVGZVNUoxVTl1V3RWRXA1ZktrS2VXRHBMWHIwZ1JrIiwidGVuYW50X3JlZ2lvbl9zY29wZSI6Ik5BIiwidGlkIjoiODI0MDM1ZDgtOGI4MC00NmUwLTliYWYtMmE5YWZjNWExNzhiIiwidW5pcXVlX25hbWUiOiJhaGFnZ2V0dEBleHRlc3QuZ292LmJjLmNhIiwidXBuIjoiYWhhZ2dldHRAZXh0ZXN0Lmdvdi5iYy5jYSIsInV0aSI6IkR0b2l4TEozYTB5YS05YXZ6ejhhQUEiLCJ2ZXIiOiIxLjAiLCJ3aWRzIjpbImI3OWZiZjRkLTNlZjktNDY4OS04MTQzLTc2YjE5NGU4NTUwOSJdLCJ4bXNfc3QiOnsic3ViIjoiRDdBZDFEaXBzbFVlMzg5Q1pTU3huTE1ra19lZjJYcXFNRFQyVHd1X3dPdyJ9LCJ4bXNfdGNkdCI6MTQ0MTg2MDE4NH0.nUDhfkmJnsDSIwFwO4FGMCVg2vQcoEZOIDvPv_MBRxjUDp7XYEET-zVb87xkDz_NCIlJLjyT_xDO2gXExYqwe4Z4mXn_XNgFp6glGFBPH6zkm_UiHov5IUaStlRJWKYdaJcWrqCLRWRXUnBVbYyATC8op56Bpr_zQmvHzSBq2yuH3_gOSReyK2xjQt6RDs4selcxbPbF4fJ7bTqG0eff43SBRK8qa2mbtyzoxWxtoe8r0t5KjVBn2VPi4Q7WWDYHOnn13EbxDMOPJC-ka_641d784nYoUac9IXfetY-LdQO5kyiDgA1exh51UExsltpZwFqNBUrALyeX1zy-6Q9AQg',NULL,'2021-06-16 16:20:38',1,'a:16:{s:5:\"token\";O:42:\"TheNetworg\\OAuth2\\Client\\Token\\AccessToken\":7:{s:10:\"\0*\0idToken\";s:1258:\"eyJ0eXAiOiJKV1QiLCJhbGciOiJSUzI1NiIsImtpZCI6Im5PbzNaRHJPRFhFSzFqS1doWHNsSFJfS1hFZyJ9.eyJhdWQiOiJmM2IxYzg2MS00NWJiLTQ0ZTMtYjI5OC0xNjgzMTM0MTgyMWQiLCJpc3MiOiJodHRwczovL2xvZ2luLm1pY3Jvc29mdG9ubGluZS5jb20vODI0MDM1ZDgtOGI4MC00NmUwLTliYWYtMmE5YWZjNWExNzhiL3YyLjAiLCJpYXQiOjE2MjM4NTY1MzksIm5iZiI6MTYyMzg1NjUzOSwiZXhwIjoxNjIzODYwNDM5LCJhaW8iOiJBVFFBeS84VEFBQUE3MjBKK3RLS3JwcGFta291T1JxQVVjWDZ2RFBva0xCalVoeksvc1FOc0xtMlFPVDdCaEo0Rllod3JvS1Q5ZFdzIiwiZW1haWwiOiJhaGFnZ2V0dEBleHRlc3QuZ292LmJjLmNhIiwibmFtZSI6IkhhZ2dldHQsIEFsbGFuIiwib2lkIjoiMzkzODQ2ZWItYjQ4NC00ODZiLTg0MzUtZWRkYzQyMGRhZGZmIiwicHJlZmVycmVkX3VzZXJuYW1lIjoiYWhhZ2dldHRAZXh0ZXN0Lmdvdi5iYy5jYSIsInJoIjoiMC5BUmNBMkRWQWdvQ0w0RWFicnlxYV9Gb1hpMkhJc2ZPN1JlTkVzcGdXZ3hOQmdoMFhBQWsuIiwic3ViIjoiRDdBZDFEaXBzbFVlMzg5Q1pTU3huTE1ra19lZjJYcXFNRFQyVHd1X3dPdyIsInRpZCI6IjgyNDAzNWQ4LThiODAtNDZlMC05YmFmLTJhOWFmYzVhMTc4YiIsInV0aSI6IkR0b2l4TEozYTB5YS05YXZ6ejhhQUEiLCJ2ZXIiOiIyLjAifQ.cxh6nOLWWe7XVMszkXa0e7Ocf1bmhqV2kn1XwkBUV5JorNj2sWGsqvRuH2GKIKYs5tIiQflrafVi3eGF-JwfaFhkWLthQUUqDav0ARMNi3XxipKKvJ3Uwc2F_PuhMEZd4u1YgDzfdS44g_iVeeyS0FQhIbHJcW29XHK4higHJdzowB53W_GhXkNC3CLiHR5OnUb-EzkNwbRMnqgFNKU_sLEzlYDpYkc7UY1ZiW6DR1rIjD9m8Ci5nlqTeKHFT-EEtQ4TOzRG3q7d518tXJhlSdDFzNYMQhlokLMJ6n-hISb86pbMkHIxOxu5h_Oh8g0R89U_xxqOBS4EQ0Vb4Rq5pw\";s:16:\"\0*\0idTokenClaims\";a:15:{s:3:\"aud\";s:36:\"f3b1c861-45bb-44e3-b298-16831341821d\";s:3:\"iss\";s:75:\"https://login.microsoftonline.com/824035d8-8b80-46e0-9baf-2a9afc5a178b/v2.0\";s:3:\"iat\";i:1623856539;s:3:\"nbf\";i:1623856539;s:3:\"exp\";i:1623860439;s:3:\"aio\";s:76:\"ATQAy/8TAAAA720J+tKKrppamkouORqAUcX6vDPokLBjUhzK/sQNsLm2QOT7BhJ4FYhwroKT9dWs\";s:5:\"email\";s:25:\"ahaggett@extest.gov.bc.ca\";s:4:\"name\";s:14:\"Haggett, Allan\";s:3:\"oid\";s:36:\"393846eb-b484-486b-8435-eddc420dadff\";s:18:\"preferred_username\";s:25:\"ahaggett@extest.gov.bc.ca\";s:2:\"rh\";s:54:\"0.ARcA2DVAgoCL4Eabryqa_FoXi2HIsfO7ReNEspgWgxNBgh0XAAk.\";s:3:\"sub\";s:43:\"D7Ad1DipslUe389CZSSxnLMkk_ef2XqqMDT2Twu_wOw\";s:3:\"tid\";s:36:\"824035d8-8b80-46e0-9baf-2a9afc5a178b\";s:3:\"uti\";s:22:\"DtoixLJ3a0ya-9avzz8aAA\";s:3:\"ver\";s:3:\"2.0\";}s:14:\"\0*\0accessToken\";s:2403:\"eyJ0eXAiOiJKV1QiLCJub25jZSI6Ik9nRTk0Q0pJcXkwSFlyZmNiWXNCM2ZwZGQxVkpfUFhXY2lXRnlod1NZWHMiLCJhbGciOiJSUzI1NiIsIng1dCI6Im5PbzNaRHJPRFhFSzFqS1doWHNsSFJfS1hFZyIsImtpZCI6Im5PbzNaRHJPRFhFSzFqS1doWHNsSFJfS1hFZyJ9.eyJhdWQiOiIwMDAwMDAwMy0wMDAwLTAwMDAtYzAwMC0wMDAwMDAwMDAwMDAiLCJpc3MiOiJodHRwczovL3N0cy53aW5kb3dzLm5ldC84MjQwMzVkOC04YjgwLTQ2ZTAtOWJhZi0yYTlhZmM1YTE3OGIvIiwiaWF0IjoxNjIzODU2NTM5LCJuYmYiOjE2MjM4NTY1MzksImV4cCI6MTYyMzg2MDQzOSwiYWNjdCI6MCwiYWNyIjoiMSIsImFjcnMiOlsidXJuOnVzZXI6cmVnaXN0ZXJzZWN1cml0eWluZm8iLCJ1cm46bWljcm9zb2Z0OnJlcTEiLCJ1cm46bWljcm9zb2Z0OnJlcTIiLCJ1cm46bWljcm9zb2Z0OnJlcTMiLCJjMSIsImMyIiwiYzMiLCJjNCIsImM1IiwiYzYiLCJjNyIsImM4IiwiYzkiLCJjMTAiLCJjMTEiLCJjMTIiLCJjMTMiLCJjMTQiLCJjMTUiLCJjMTYiLCJjMTciLCJjMTgiLCJjMTkiLCJjMjAiLCJjMjEiLCJjMjIiLCJjMjMiLCJjMjQiLCJjMjUiXSwiYWlvIjoiRTJaZ1lQaWQrZDB6V1U4NWFPWHF0aXZHVG4yRzkvTGYvaTJTVlcyd1lCQmU3YkJkS1FjQSIsImFtciI6WyJwd2QiXSwiYXBwX2Rpc3BsYXluYW1lIjoiT0NJTyBMZWFybmluZy1DdXJhdG9yIiwiYXBwaWQiOiJmM2IxYzg2MS00NWJiLTQ0ZTMtYjI5OC0xNjgzMTM0MTgyMWQiLCJhcHBpZGFjciI6IjEiLCJmYW1pbHlfbmFtZSI6IkhhZ2dldHQiLCJnaXZlbl9uYW1lIjoiQWxsYW4iLCJpZHR5cCI6InVzZXIiLCJpbl9jb3JwIjoidHJ1ZSIsImlwYWRkciI6IjIwOS4xNjEuMjU0LjQ3IiwibmFtZSI6IkhhZ2dldHQsIEFsbGFuIiwib2lkIjoiMzkzODQ2ZWItYjQ4NC00ODZiLTg0MzUtZWRkYzQyMGRhZGZmIiwib25wcmVtX3NpZCI6IlMtMS01LTIxLTM2Njc1OTgyNjgtMzA3NzA4MTUzOC02NTY5ODM5NTYtMzU5ODQyIiwicGxhdGYiOiIzIiwicHVpZCI6IjEwMDMyMDAxMkJGRUMyREMiLCJyaCI6IjAuQVJjQTJEVkFnb0NMNEVhYnJ5cWFfRm9YaTJISXNmTzdSZU5Fc3BnV2d4TkJnaDBYQUFrLiIsInNjcCI6ImVtYWlsIG9wZW5pZCBwcm9maWxlIFVzZXIuUmVhZCIsInNpZ25pbl9zdGF0ZSI6WyJpbmtub3dubnR3ayJdLCJzdWIiOiJLWjRjTDJrMHR1T05GVGZVNUoxVTl1V3RWRXA1ZktrS2VXRHBMWHIwZ1JrIiwidGVuYW50X3JlZ2lvbl9zY29wZSI6Ik5BIiwidGlkIjoiODI0MDM1ZDgtOGI4MC00NmUwLTliYWYtMmE5YWZjNWExNzhiIiwidW5pcXVlX25hbWUiOiJhaGFnZ2V0dEBleHRlc3QuZ292LmJjLmNhIiwidXBuIjoiYWhhZ2dldHRAZXh0ZXN0Lmdvdi5iYy5jYSIsInV0aSI6IkR0b2l4TEozYTB5YS05YXZ6ejhhQUEiLCJ2ZXIiOiIxLjAiLCJ3aWRzIjpbImI3OWZiZjRkLTNlZjktNDY4OS04MTQzLTc2YjE5NGU4NTUwOSJdLCJ4bXNfc3QiOnsic3ViIjoiRDdBZDFEaXBzbFVlMzg5Q1pTU3huTE1ra19lZjJYcXFNRFQyVHd1X3dPdyJ9LCJ4bXNfdGNkdCI6MTQ0MTg2MDE4NH0.nUDhfkmJnsDSIwFwO4FGMCVg2vQcoEZOIDvPv_MBRxjUDp7XYEET-zVb87xkDz_NCIlJLjyT_xDO2gXExYqwe4Z4mXn_XNgFp6glGFBPH6zkm_UiHov5IUaStlRJWKYdaJcWrqCLRWRXUnBVbYyATC8op56Bpr_zQmvHzSBq2yuH3_gOSReyK2xjQt6RDs4selcxbPbF4fJ7bTqG0eff43SBRK8qa2mbtyzoxWxtoe8r0t5KjVBn2VPi4Q7WWDYHOnn13EbxDMOPJC-ka_641d784nYoUac9IXfetY-LdQO5kyiDgA1exh51UExsltpZwFqNBUrALyeX1zy-6Q9AQg\";s:10:\"\0*\0expires\";i:1623860438;s:15:\"\0*\0refreshToken\";N;s:18:\"\0*\0resourceOwnerId\";N;s:9:\"\0*\0values\";a:4:{s:10:\"token_type\";s:6:\"Bearer\";s:5:\"scope\";s:30:\"email openid profile User.Read\";s:14:\"ext_expires_in\";i:3599;s:8:\"id_token\";s:1258:\"eyJ0eXAiOiJKV1QiLCJhbGciOiJSUzI1NiIsImtpZCI6Im5PbzNaRHJPRFhFSzFqS1doWHNsSFJfS1hFZyJ9.eyJhdWQiOiJmM2IxYzg2MS00NWJiLTQ0ZTMtYjI5OC0xNjgzMTM0MTgyMWQiLCJpc3MiOiJodHRwczovL2xvZ2luLm1pY3Jvc29mdG9ubGluZS5jb20vODI0MDM1ZDgtOGI4MC00NmUwLTliYWYtMmE5YWZjNWExNzhiL3YyLjAiLCJpYXQiOjE2MjM4NTY1MzksIm5iZiI6MTYyMzg1NjUzOSwiZXhwIjoxNjIzODYwNDM5LCJhaW8iOiJBVFFBeS84VEFBQUE3MjBKK3RLS3JwcGFta291T1JxQVVjWDZ2RFBva0xCalVoeksvc1FOc0xtMlFPVDdCaEo0Rllod3JvS1Q5ZFdzIiwiZW1haWwiOiJhaGFnZ2V0dEBleHRlc3QuZ292LmJjLmNhIiwibmFtZSI6IkhhZ2dldHQsIEFsbGFuIiwib2lkIjoiMzkzODQ2ZWItYjQ4NC00ODZiLTg0MzUtZWRkYzQyMGRhZGZmIiwicHJlZmVycmVkX3VzZXJuYW1lIjoiYWhhZ2dldHRAZXh0ZXN0Lmdvdi5iYy5jYSIsInJoIjoiMC5BUmNBMkRWQWdvQ0w0RWFicnlxYV9Gb1hpMkhJc2ZPN1JlTkVzcGdXZ3hOQmdoMFhBQWsuIiwic3ViIjoiRDdBZDFEaXBzbFVlMzg5Q1pTU3huTE1ra19lZjJYcXFNRFQyVHd1X3dPdyIsInRpZCI6IjgyNDAzNWQ4LThiODAtNDZlMC05YmFmLTJhOWFmYzVhMTc4YiIsInV0aSI6IkR0b2l4TEozYTB5YS05YXZ6ejhhQUEiLCJ2ZXIiOiIyLjAifQ.cxh6nOLWWe7XVMszkXa0e7Ocf1bmhqV2kn1XwkBUV5JorNj2sWGsqvRuH2GKIKYs5tIiQflrafVi3eGF-JwfaFhkWLthQUUqDav0ARMNi3XxipKKvJ3Uwc2F_PuhMEZd4u1YgDzfdS44g_iVeeyS0FQhIbHJcW29XHK4higHJdzowB53W_GhXkNC3CLiHR5OnUb-EzkNwbRMnqgFNKU_sLEzlYDpYkc7UY1ZiW6DR1rIjD9m8Ci5nlqTeKHFT-EEtQ4TOzRG3q7d518tXJhlSdDFzNYMQhlokLMJ6n-hISb86pbMkHIxOxu5h_Oh8g0R89U_xxqOBS4EQ0Vb4Rq5pw\";}}s:3:\"aud\";s:36:\"f3b1c861-45bb-44e3-b298-16831341821d\";s:3:\"iss\";s:75:\"https://login.microsoftonline.com/824035d8-8b80-46e0-9baf-2a9afc5a178b/v2.0\";s:3:\"iat\";i:1623856539;s:3:\"nbf\";i:1623856539;s:3:\"exp\";i:1623860439;s:3:\"aio\";s:76:\"ATQAy/8TAAAA720J+tKKrppamkouORqAUcX6vDPokLBjUhzK/sQNsLm2QOT7BhJ4FYhwroKT9dWs\";s:5:\"email\";s:25:\"ahaggett@extest.gov.bc.ca\";s:4:\"name\";s:14:\"Haggett, Allan\";s:3:\"oid\";s:36:\"393846eb-b484-486b-8435-eddc420dadff\";s:18:\"preferred_username\";s:25:\"ahaggett@extest.gov.bc.ca\";s:2:\"rh\";s:54:\"0.ARcA2DVAgoCL4Eabryqa_FoXi2HIsfO7ReNEspgWgxNBgh0XAAk.\";s:3:\"sub\";s:43:\"D7Ad1DipslUe389CZSSxnLMkk_ef2XqqMDT2Twu_wOw\";s:3:\"tid\";s:36:\"824035d8-8b80-46e0-9baf-2a9afc5a178b\";s:3:\"uti\";s:22:\"DtoixLJ3a0ya-9avzz8aAA\";s:3:\"ver\";s:3:\"2.0\";}','2021-05-24 23:50:42','2021-06-16 15:20:40'),('a2575650-0b6d-4a9b-94dc-de1bdd71a853','c79718c7-2927-4d03-be11-6a7bd7610de4','azuread',NULL,'Allan.Haggett@gov.bc.ca',NULL,NULL,'#','eyJ0eXAiOiJKV1QiLCJub25jZSI6Ii1MT3ZmVTRwSjJKMDB3ZVpiRW11VUNsNjlfR2xKVk0ydWx0Q3RlT0k2V3MiLCJhbGciOiJSUzI1NiIsIng1dCI6Im5PbzNaRHJPRFhFSzFqS1doWHNsSFJfS1hFZyIsImtpZCI6Im5PbzNaRHJPRFhFSzFqS1doWHNsSFJfS1hFZyJ9.eyJhdWQiOiIwMDAwMDAwMy0wMDAwLTAwMDAtYzAwMC0wMDAwMDAwMDAwMDAiLCJpc3MiOiJodHRwczovL3N0cy53aW5kb3dzLm5ldC82ZmRiNTIwMC0zZDBkLTRhOGEtYjAzNi1kMzY4NWUzNTlhZGMvIiwiaWF0IjoxNjI5MjI1NDkwLCJuYmYiOjE2MjkyMjU0OTAsImV4cCI6MTYyOTIyOTM5MCwiYWNjdCI6MCwiYWNyIjoiMSIsImFpbyI6IkFTUUEyLzhUQUFBQTNzbU1WWkt0Uzhub2ZqaTRDbmp1NmVKZTF0VS9uOTBNSEpyV1IyQ09nMTg9IiwiYW1yIjpbInB3ZCJdLCJhcHBfZGlzcGxheW5hbWUiOiJPQ0lPIExlYXJuaW5nLUN1cmF0b3IiLCJhcHBpZCI6IjY3OWI5ZTY1LWU4MzItNGQ1Yy1hZDU0LTU0NDUxNzAxMTRkNyIsImFwcGlkYWNyIjoiMSIsImZhbWlseV9uYW1lIjoiSGFnZ2V0dCIsImdpdmVuX25hbWUiOiJBbGxhbiIsImlkdHlwIjoidXNlciIsImluX2NvcnAiOiJ0cnVlIiwiaXBhZGRyIjoiMTA3LjE5MC4yNS4xNjgiLCJuYW1lIjoiSGFnZ2V0dCwgQWxsYW4gUFNBOkVYIiwib2lkIjoiZDNkMTNkNDctNjE0YS00ZmZiLTlmZTEtNzQyZWM3ODdjN2JlIiwib25wcmVtX3NpZCI6IlMtMS01LTIxLTIwMDIwMzQwOTktMTc0MTMwNDAxMS03MDg2OTk1NDUtODc2MzUwIiwicGxhdGYiOiIzIiwicHVpZCI6IjEwMDM3RkZFQUU1RjdERTMiLCJyaCI6IjAuQVRnQUFGTGJidzA5aWtxd050Tm9YaldhM0dXZW0yY3k2RnhOclZSVVJSY0JGTmM0QUNJLiIsInNjcCI6ImVtYWlsIG9wZW5pZCBwcm9maWxlIiwic2lnbmluX3N0YXRlIjpbImttc2kiXSwic3ViIjoiZHZsdzA0OVdwajJwTHRnbWdKa0dtVS0yUXdSUkd3NUZfUHZybDVaSGZCRSIsInRlbmFudF9yZWdpb25fc2NvcGUiOiJOQSIsInRpZCI6IjZmZGI1MjAwLTNkMGQtNGE4YS1iMDM2LWQzNjg1ZTM1OWFkYyIsInVuaXF1ZV9uYW1lIjoiQWxsYW4uSGFnZ2V0dEBnb3YuYmMuY2EiLCJ1cG4iOiJBbGxhbi5IYWdnZXR0QGdvdi5iYy5jYSIsInV0aSI6IkloWDd6elJPMUV5TktPcDJXOU1GQUEiLCJ2ZXIiOiIxLjAiLCJ3aWRzIjpbImI3OWZiZjRkLTNlZjktNDY4OS04MTQzLTc2YjE5NGU4NTUwOSJdLCJ4bXNfc3QiOnsic3ViIjoiVUszSjgzV2dFUFJGak9WSm1aNmE1Xzd0RmF4R0J1QjloMU14YUxwc3ppayJ9LCJ4bXNfdGNkdCI6MTM5ODI4NzkzNH0.NyDEkm9jxDC0kNTyFRZ4nnK7GG6U8WmfYo4zkxM2WKsNQx3iDPP3BXWzPbwsW82B5geHUs00qNzsZyjJVnpzlkDHXe9hiZ-ATpYfElYMx1ImMfMnw-i3SIJ59bsNwqJfG8MwiwZoHCZlx5HuQ3Qh4kRVMGwBEckg7y4jT75uCPNg6OIVFHmp2otuflKhe1vIoqQKucHU04BrT6bNueHDj86TpqlLafm9aPtsgtGcmOX_tlDjY3S2UxXGSKmzn2yUFHaFPbJINmpKYCG-QF--Snep0C6gYprpQS1uh3cuKaoQobYuOrhZv-NCoNSxJ8wnuztKmSXbAAkfZvMHr8aLyQ',NULL,'2021-08-17 19:43:09',1,'a:16:{s:5:\"token\";O:42:\"TheNetworg\\OAuth2\\Client\\Token\\AccessToken\":7:{s:10:\"\0*\0idToken\";s:1262:\"eyJ0eXAiOiJKV1QiLCJhbGciOiJSUzI1NiIsImtpZCI6Im5PbzNaRHJPRFhFSzFqS1doWHNsSFJfS1hFZyJ9.eyJhdWQiOiI2NzliOWU2NS1lODMyLTRkNWMtYWQ1NC01NDQ1MTcwMTE0ZDciLCJpc3MiOiJodHRwczovL2xvZ2luLm1pY3Jvc29mdG9ubGluZS5jb20vNmZkYjUyMDAtM2QwZC00YThhLWIwMzYtZDM2ODVlMzU5YWRjL3YyLjAiLCJpYXQiOjE2MjkyMjU0OTAsIm5iZiI6MTYyOTIyNTQ5MCwiZXhwIjoxNjI5MjI5MzkwLCJhaW8iOiJBVFFBeS84VEFBQUE4SU44Z0cyNmFsOGVHK2kzYUxyek53Z2RJSTZyckQ0UGVybkgrSWs5eFRjY05Wb213WmhXZEFsUnlKZDJBWGlwIiwiZW1haWwiOiJBbGxhbi5IYWdnZXR0QGdvdi5iYy5jYSIsIm5hbWUiOiJIYWdnZXR0LCBBbGxhbiBQU0E6RVgiLCJvaWQiOiJkM2QxM2Q0Ny02MTRhLTRmZmItOWZlMS03NDJlYzc4N2M3YmUiLCJwcmVmZXJyZWRfdXNlcm5hbWUiOiJBbGxhbi5IYWdnZXR0QGdvdi5iYy5jYSIsInJoIjoiMC5BVGdBQUZMYmJ3MDlpa3F3TnROb1hqV2EzR1dlbTJjeTZGeE5yVlJVUlJjQkZOYzRBQ0kuIiwic3ViIjoiVUszSjgzV2dFUFJGak9WSm1aNmE1Xzd0RmF4R0J1QjloMU14YUxwc3ppayIsInRpZCI6IjZmZGI1MjAwLTNkMGQtNGE4YS1iMDM2LWQzNjg1ZTM1OWFkYyIsInV0aSI6IkloWDd6elJPMUV5TktPcDJXOU1GQUEiLCJ2ZXIiOiIyLjAifQ.YiA03uAUtPeSbT-iscGivx8QAPii-QVOtOt3EgeRLfHEfb22VRQg4YvPQhiaRaHOnqzGp0l5iCH_8ImUCb0qHXhNYtxXSrP9I5MdECeSt9xn_elZyZLSTqmaPbyjDuL_ymNiESjDrxHvqMsPB-LWBP03GpMc9OYC_QA7CvhCKRCiHonVhV_EqunE-mV0EeTPZg_N-ZEGP8v34NYiSc0jylyYUzpkWRKzwV6IUfkDOlFJkoGU405P6XwbIBWDuTOfYESYKnrs_gwTgVRI-zJ8CWmJub9wkuWBPs6AdHxx-3TPBbUtXU0gHdeB0gSDcroBI13Yz2EVRfUnOa1TvVRzZw\";s:16:\"\0*\0idTokenClaims\";a:15:{s:3:\"aud\";s:36:\"679b9e65-e832-4d5c-ad54-5445170114d7\";s:3:\"iss\";s:75:\"https://login.microsoftonline.com/6fdb5200-3d0d-4a8a-b036-d3685e359adc/v2.0\";s:3:\"iat\";i:1629225490;s:3:\"nbf\";i:1629225490;s:3:\"exp\";i:1629229390;s:3:\"aio\";s:76:\"ATQAy/8TAAAA8IN8gG26al8eG+i3aLrzNwgdII6rrD4PernH+Ik9xTccNVomwZhWdAlRyJd2AXip\";s:5:\"email\";s:23:\"Allan.Haggett@gov.bc.ca\";s:4:\"name\";s:21:\"Haggett, Allan PSA:EX\";s:3:\"oid\";s:36:\"d3d13d47-614a-4ffb-9fe1-742ec787c7be\";s:18:\"preferred_username\";s:23:\"Allan.Haggett@gov.bc.ca\";s:2:\"rh\";s:54:\"0.ATgAAFLbbw09ikqwNtNoXjWa3GWem2cy6FxNrVRURRcBFNc4ACI.\";s:3:\"sub\";s:43:\"UK3J83WgEPRFjOVJmZ6a5_7tFaxGBuB9h1MxaLpszik\";s:3:\"tid\";s:36:\"6fdb5200-3d0d-4a8a-b036-d3685e359adc\";s:3:\"uti\";s:22:\"IhX7zzRO1EyNKOp2W9MFAA\";s:3:\"ver\";s:3:\"2.0\";}s:14:\"\0*\0accessToken\";s:2063:\"eyJ0eXAiOiJKV1QiLCJub25jZSI6Ii1MT3ZmVTRwSjJKMDB3ZVpiRW11VUNsNjlfR2xKVk0ydWx0Q3RlT0k2V3MiLCJhbGciOiJSUzI1NiIsIng1dCI6Im5PbzNaRHJPRFhFSzFqS1doWHNsSFJfS1hFZyIsImtpZCI6Im5PbzNaRHJPRFhFSzFqS1doWHNsSFJfS1hFZyJ9.eyJhdWQiOiIwMDAwMDAwMy0wMDAwLTAwMDAtYzAwMC0wMDAwMDAwMDAwMDAiLCJpc3MiOiJodHRwczovL3N0cy53aW5kb3dzLm5ldC82ZmRiNTIwMC0zZDBkLTRhOGEtYjAzNi1kMzY4NWUzNTlhZGMvIiwiaWF0IjoxNjI5MjI1NDkwLCJuYmYiOjE2MjkyMjU0OTAsImV4cCI6MTYyOTIyOTM5MCwiYWNjdCI6MCwiYWNyIjoiMSIsImFpbyI6IkFTUUEyLzhUQUFBQTNzbU1WWkt0Uzhub2ZqaTRDbmp1NmVKZTF0VS9uOTBNSEpyV1IyQ09nMTg9IiwiYW1yIjpbInB3ZCJdLCJhcHBfZGlzcGxheW5hbWUiOiJPQ0lPIExlYXJuaW5nLUN1cmF0b3IiLCJhcHBpZCI6IjY3OWI5ZTY1LWU4MzItNGQ1Yy1hZDU0LTU0NDUxNzAxMTRkNyIsImFwcGlkYWNyIjoiMSIsImZhbWlseV9uYW1lIjoiSGFnZ2V0dCIsImdpdmVuX25hbWUiOiJBbGxhbiIsImlkdHlwIjoidXNlciIsImluX2NvcnAiOiJ0cnVlIiwiaXBhZGRyIjoiMTA3LjE5MC4yNS4xNjgiLCJuYW1lIjoiSGFnZ2V0dCwgQWxsYW4gUFNBOkVYIiwib2lkIjoiZDNkMTNkNDctNjE0YS00ZmZiLTlmZTEtNzQyZWM3ODdjN2JlIiwib25wcmVtX3NpZCI6IlMtMS01LTIxLTIwMDIwMzQwOTktMTc0MTMwNDAxMS03MDg2OTk1NDUtODc2MzUwIiwicGxhdGYiOiIzIiwicHVpZCI6IjEwMDM3RkZFQUU1RjdERTMiLCJyaCI6IjAuQVRnQUFGTGJidzA5aWtxd050Tm9YaldhM0dXZW0yY3k2RnhOclZSVVJSY0JGTmM0QUNJLiIsInNjcCI6ImVtYWlsIG9wZW5pZCBwcm9maWxlIiwic2lnbmluX3N0YXRlIjpbImttc2kiXSwic3ViIjoiZHZsdzA0OVdwajJwTHRnbWdKa0dtVS0yUXdSUkd3NUZfUHZybDVaSGZCRSIsInRlbmFudF9yZWdpb25fc2NvcGUiOiJOQSIsInRpZCI6IjZmZGI1MjAwLTNkMGQtNGE4YS1iMDM2LWQzNjg1ZTM1OWFkYyIsInVuaXF1ZV9uYW1lIjoiQWxsYW4uSGFnZ2V0dEBnb3YuYmMuY2EiLCJ1cG4iOiJBbGxhbi5IYWdnZXR0QGdvdi5iYy5jYSIsInV0aSI6IkloWDd6elJPMUV5TktPcDJXOU1GQUEiLCJ2ZXIiOiIxLjAiLCJ3aWRzIjpbImI3OWZiZjRkLTNlZjktNDY4OS04MTQzLTc2YjE5NGU4NTUwOSJdLCJ4bXNfc3QiOnsic3ViIjoiVUszSjgzV2dFUFJGak9WSm1aNmE1Xzd0RmF4R0J1QjloMU14YUxwc3ppayJ9LCJ4bXNfdGNkdCI6MTM5ODI4NzkzNH0.NyDEkm9jxDC0kNTyFRZ4nnK7GG6U8WmfYo4zkxM2WKsNQx3iDPP3BXWzPbwsW82B5geHUs00qNzsZyjJVnpzlkDHXe9hiZ-ATpYfElYMx1ImMfMnw-i3SIJ59bsNwqJfG8MwiwZoHCZlx5HuQ3Qh4kRVMGwBEckg7y4jT75uCPNg6OIVFHmp2otuflKhe1vIoqQKucHU04BrT6bNueHDj86TpqlLafm9aPtsgtGcmOX_tlDjY3S2UxXGSKmzn2yUFHaFPbJINmpKYCG-QF--Snep0C6gYprpQS1uh3cuKaoQobYuOrhZv-NCoNSxJ8wnuztKmSXbAAkfZvMHr8aLyQ\";s:10:\"\0*\0expires\";i:1629229389;s:15:\"\0*\0refreshToken\";N;s:18:\"\0*\0resourceOwnerId\";N;s:9:\"\0*\0values\";a:4:{s:10:\"token_type\";s:6:\"Bearer\";s:5:\"scope\";s:20:\"email openid profile\";s:14:\"ext_expires_in\";i:3599;s:8:\"id_token\";s:1262:\"eyJ0eXAiOiJKV1QiLCJhbGciOiJSUzI1NiIsImtpZCI6Im5PbzNaRHJPRFhFSzFqS1doWHNsSFJfS1hFZyJ9.eyJhdWQiOiI2NzliOWU2NS1lODMyLTRkNWMtYWQ1NC01NDQ1MTcwMTE0ZDciLCJpc3MiOiJodHRwczovL2xvZ2luLm1pY3Jvc29mdG9ubGluZS5jb20vNmZkYjUyMDAtM2QwZC00YThhLWIwMzYtZDM2ODVlMzU5YWRjL3YyLjAiLCJpYXQiOjE2MjkyMjU0OTAsIm5iZiI6MTYyOTIyNTQ5MCwiZXhwIjoxNjI5MjI5MzkwLCJhaW8iOiJBVFFBeS84VEFBQUE4SU44Z0cyNmFsOGVHK2kzYUxyek53Z2RJSTZyckQ0UGVybkgrSWs5eFRjY05Wb213WmhXZEFsUnlKZDJBWGlwIiwiZW1haWwiOiJBbGxhbi5IYWdnZXR0QGdvdi5iYy5jYSIsIm5hbWUiOiJIYWdnZXR0LCBBbGxhbiBQU0E6RVgiLCJvaWQiOiJkM2QxM2Q0Ny02MTRhLTRmZmItOWZlMS03NDJlYzc4N2M3YmUiLCJwcmVmZXJyZWRfdXNlcm5hbWUiOiJBbGxhbi5IYWdnZXR0QGdvdi5iYy5jYSIsInJoIjoiMC5BVGdBQUZMYmJ3MDlpa3F3TnROb1hqV2EzR1dlbTJjeTZGeE5yVlJVUlJjQkZOYzRBQ0kuIiwic3ViIjoiVUszSjgzV2dFUFJGak9WSm1aNmE1Xzd0RmF4R0J1QjloMU14YUxwc3ppayIsInRpZCI6IjZmZGI1MjAwLTNkMGQtNGE4YS1iMDM2LWQzNjg1ZTM1OWFkYyIsInV0aSI6IkloWDd6elJPMUV5TktPcDJXOU1GQUEiLCJ2ZXIiOiIyLjAifQ.YiA03uAUtPeSbT-iscGivx8QAPii-QVOtOt3EgeRLfHEfb22VRQg4YvPQhiaRaHOnqzGp0l5iCH_8ImUCb0qHXhNYtxXSrP9I5MdECeSt9xn_elZyZLSTqmaPbyjDuL_ymNiESjDrxHvqMsPB-LWBP03GpMc9OYC_QA7CvhCKRCiHonVhV_EqunE-mV0EeTPZg_N-ZEGP8v34NYiSc0jylyYUzpkWRKzwV6IUfkDOlFJkoGU405P6XwbIBWDuTOfYESYKnrs_gwTgVRI-zJ8CWmJub9wkuWBPs6AdHxx-3TPBbUtXU0gHdeB0gSDcroBI13Yz2EVRfUnOa1TvVRzZw\";}}s:3:\"aud\";s:36:\"679b9e65-e832-4d5c-ad54-5445170114d7\";s:3:\"iss\";s:75:\"https://login.microsoftonline.com/6fdb5200-3d0d-4a8a-b036-d3685e359adc/v2.0\";s:3:\"iat\";i:1629225490;s:3:\"nbf\";i:1629225490;s:3:\"exp\";i:1629229390;s:3:\"aio\";s:76:\"ATQAy/8TAAAA8IN8gG26al8eG+i3aLrzNwgdII6rrD4PernH+Ik9xTccNVomwZhWdAlRyJd2AXip\";s:5:\"email\";s:23:\"Allan.Haggett@gov.bc.ca\";s:4:\"name\";s:21:\"Haggett, Allan PSA:EX\";s:3:\"oid\";s:36:\"d3d13d47-614a-4ffb-9fe1-742ec787c7be\";s:18:\"preferred_username\";s:23:\"Allan.Haggett@gov.bc.ca\";s:2:\"rh\";s:54:\"0.ATgAAFLbbw09ikqwNtNoXjWa3GWem2cy6FxNrVRURRcBFNc4ACI.\";s:3:\"sub\";s:43:\"UK3J83WgEPRFjOVJmZ6a5_7tFaxGBuB9h1MxaLpszik\";s:3:\"tid\";s:36:\"6fdb5200-3d0d-4a8a-b036-d3685e359adc\";s:3:\"uti\";s:22:\"IhX7zzRO1EyNKOp2W9MFAA\";s:3:\"ver\";s:3:\"2.0\";}','2021-08-17 04:42:01','2021-08-17 18:43:10'),('d0a38ca8-6173-4ce6-b2b7-d178be56072b','adac83c2-3560-4ec7-90f4-7e93d610964c','azuread',NULL,'Shannon.Mitchell@gov.bc.ca',NULL,NULL,'#','eyJ0eXAiOiJKV1QiLCJub25jZSI6IjRSVEw0RldGUEpUaXNGQzFsVGJoeXpyVkFYTjBVVmpWc0RseldwNHM5Y1EiLCJhbGciOiJSUzI1NiIsIng1dCI6Im5PbzNaRHJPRFhFSzFqS1doWHNsSFJfS1hFZyIsImtpZCI6Im5PbzNaRHJPRFhFSzFqS1doWHNsSFJfS1hFZyJ9.eyJhdWQiOiIwMDAwMDAwMy0wMDAwLTAwMDAtYzAwMC0wMDAwMDAwMDAwMDAiLCJpc3MiOiJodHRwczovL3N0cy53aW5kb3dzLm5ldC82ZmRiNTIwMC0zZDBkLTRhOGEtYjAzNi1kMzY4NWUzNTlhZGMvIiwiaWF0IjoxNjI5MjIxOTQ2LCJuYmYiOjE2MjkyMjE5NDYsImV4cCI6MTYyOTIyNTg0NiwiYWNjdCI6MCwiYWNyIjoiMSIsImFpbyI6IkFVUUF1LzhUQUFBQTZxR05GeVRoQzhQNkg5UGtwTEpGdCtLTmQxdXZVNVZUdmh3S2N6N2NjV3ZHK2EvdW93S3laTWJzYlFCSXA4ajFEOW9JQk9pZEF0aWEydjF4djFqUW9nPT0iLCJhbXIiOlsicHdkIiwibWZhIl0sImFwcF9kaXNwbGF5bmFtZSI6Ik9DSU8gTGVhcm5pbmctQ3VyYXRvciIsImFwcGlkIjoiNjc5YjllNjUtZTgzMi00ZDVjLWFkNTQtNTQ0NTE3MDExNGQ3IiwiYXBwaWRhY3IiOiIxIiwiZmFtaWx5X25hbWUiOiJNaXRjaGVsbCIsImdpdmVuX25hbWUiOiJTaGFubm9uIiwiaWR0eXAiOiJ1c2VyIiwiaW5fY29ycCI6InRydWUiLCJpcGFkZHIiOiIxNzIuMjE4LjEzNC4xNDEiLCJuYW1lIjoiTWl0Y2hlbGwsIFNoYW5ub24gUFNBOkVYIiwib2lkIjoiNmYwYzJkMzItZTg4Yi00MmM1LThkYTMtMzhjNDg4YzNlMjIxIiwib25wcmVtX3NpZCI6IlMtMS01LTIxLTIwMDIwMzQwOTktMTc0MTMwNDAxMS03MDg2OTk1NDUtOTg2OTE2IiwicGxhdGYiOiIzIiwicHVpZCI6IjEwMDMyMDAwNUY4NUYwMDgiLCJyaCI6IjAuQVRnQUFGTGJidzA5aWtxd050Tm9YaldhM0dXZW0yY3k2RnhOclZSVVJSY0JGTmM0QUEwLiIsInNjcCI6ImVtYWlsIG9wZW5pZCBwcm9maWxlIiwic2lnbmluX3N0YXRlIjpbImttc2kiXSwic3ViIjoidkV5bWQxd0tHTXJqRXNMSEE4VW05QmVRTVRUVFVKeThlblNDRzdkaGpmZyIsInRlbmFudF9yZWdpb25fc2NvcGUiOiJOQSIsInRpZCI6IjZmZGI1MjAwLTNkMGQtNGE4YS1iMDM2LWQzNjg1ZTM1OWFkYyIsInVuaXF1ZV9uYW1lIjoiU2hhbm5vbi5NaXRjaGVsbEBnb3YuYmMuY2EiLCJ1cG4iOiJTaGFubm9uLk1pdGNoZWxsQGdvdi5iYy5jYSIsInV0aSI6IjUwRWJvXzd5UEVhNnlnQzV0ZVlDQUEiLCJ2ZXIiOiIxLjAiLCJ3aWRzIjpbImI3OWZiZjRkLTNlZjktNDY4OS04MTQzLTc2YjE5NGU4NTUwOSJdLCJ4bXNfc3QiOnsic3ViIjoiVElvcVc5ZkE3QWRXTlo4MFBNZmxCU0ZNN2RydXNWd1kyYi01ZVhTcm1qQSJ9LCJ4bXNfdGNkdCI6MTM5ODI4NzkzNH0.ga1fa3VjWhW1q99XWC3SMjVpnXRAKN9xoH8lr2gJaQkAUMy_15reinKtmj18gWLG1ibbB-ySRdtr6boL6kTRbTNTU1Ndw5knM_tux22OfArvO4nE-NDc7TmkDObNecFG2idMvrxoHMInFUE8E2N2-ged1P8N4hSOWODdaL-JHsc0mO4wzGPw8k61AGPG70cMd1Msb1DhSZTyXq2cblXUHP8SzHAHU_v9GSJsvIr6jli_6sLxKGnWbXz0dbc8GdpMl7TxNFBGcrRbEIwY-tMI-Krm7GoFy4T7cdZqJee3slRmIlqeQW5HEmVj97h8XG1yR1LXonVBoBoSu1VsudvfLw',NULL,'2021-08-17 18:44:06',1,'a:16:{s:5:\"token\";O:42:\"TheNetworg\\OAuth2\\Client\\Token\\AccessToken\":7:{s:10:\"\0*\0idToken\";s:1332:\"eyJ0eXAiOiJKV1QiLCJhbGciOiJSUzI1NiIsImtpZCI6Im5PbzNaRHJPRFhFSzFqS1doWHNsSFJfS1hFZyJ9.eyJhdWQiOiI2NzliOWU2NS1lODMyLTRkNWMtYWQ1NC01NDQ1MTcwMTE0ZDciLCJpc3MiOiJodHRwczovL2xvZ2luLm1pY3Jvc29mdG9ubGluZS5jb20vNmZkYjUyMDAtM2QwZC00YThhLWIwMzYtZDM2ODVlMzU5YWRjL3YyLjAiLCJpYXQiOjE2MjkyMjE5NDYsIm5iZiI6MTYyOTIyMTk0NiwiZXhwIjoxNjI5MjI1ODQ2LCJhaW8iOiJBVlFBcS84VEFBQUFTVVFDRlZWTHZ6WG5pVExJN3V6ZnhZNEJ4b1c0UmhUUklhRy9UQW0zdkE2SW13U0g2VCt2SjlONHpRZGd6b2ZxSFpzckg5d1U3MlhCTk1uNHBYRFA1bUF3UG1kay9uL0dPd3V3aFRrOUhlcz0iLCJlbWFpbCI6IlNoYW5ub24uTWl0Y2hlbGxAZ292LmJjLmNhIiwibmFtZSI6Ik1pdGNoZWxsLCBTaGFubm9uIFBTQTpFWCIsIm9pZCI6IjZmMGMyZDMyLWU4OGItNDJjNS04ZGEzLTM4YzQ4OGMzZTIyMSIsInByZWZlcnJlZF91c2VybmFtZSI6IlNoYW5ub24uTWl0Y2hlbGxAZ292LmJjLmNhIiwicmgiOiIwLkFUZ0FBRkxiYncwOWlrcXdOdE5vWGpXYTNHV2VtMmN5NkZ4TnJWUlVSUmNCRk5jNEFBMC4iLCJzdWIiOiJUSW9xVzlmQTdBZFdOWjgwUE1mbEJTRk03ZHJ1c1Z3WTJiLTVlWFNybWpBIiwidGlkIjoiNmZkYjUyMDAtM2QwZC00YThhLWIwMzYtZDM2ODVlMzU5YWRjIiwidXRpIjoiNTBFYm9fN3lQRWE2eWdDNXRlWUNBQSIsInZlciI6IjIuMCJ9.g4-gZ0hs1h__lx-ZbtKD9BV3EzroKz6kxcjsekJf7zRC7JJm5roUVA0TUxpFbe8I_gpZTSg-L---Hc8Yc1ubJ0ubCGfU13qXJ2nnfFfRTiyO3O_OtfEOuynAdsBHrL46J1RXp7uY164tvv84rXPN0ra5dX6mrhthdJkpmEVWGw3rDZC24epWAFCkX_xFUbdqq_1ZmvaoQcqVz7SwasJycK-ORU5YqshFgz4WEbBOYy2gDetmf23yS7JvgpGxrH94ZhaptAKj2ObUEMJzmsDfyhBr-RIyRmFL6NxZpiKlssua_JelTwTc92_XSSO0pkSXvF5j6NcMPKsIek7X9r3Pdg\";s:16:\"\0*\0idTokenClaims\";a:15:{s:3:\"aud\";s:36:\"679b9e65-e832-4d5c-ad54-5445170114d7\";s:3:\"iss\";s:75:\"https://login.microsoftonline.com/6fdb5200-3d0d-4a8a-b036-d3685e359adc/v2.0\";s:3:\"iat\";i:1629221946;s:3:\"nbf\";i:1629221946;s:3:\"exp\";i:1629225846;s:3:\"aio\";s:120:\"AVQAq/8TAAAASUQCFVVLvzXniTLI7uzfxY4BxoW4RhTRIaG/TAm3vA6ImwSH6T+vJ9N4zQdgzofqHZsrH9wU72XBNMn4pXDP5mAwPmdk/n/GOwuwhTk9Hes=\";s:5:\"email\";s:26:\"Shannon.Mitchell@gov.bc.ca\";s:4:\"name\";s:24:\"Mitchell, Shannon PSA:EX\";s:3:\"oid\";s:36:\"6f0c2d32-e88b-42c5-8da3-38c488c3e221\";s:18:\"preferred_username\";s:26:\"Shannon.Mitchell@gov.bc.ca\";s:2:\"rh\";s:54:\"0.ATgAAFLbbw09ikqwNtNoXjWa3GWem2cy6FxNrVRURRcBFNc4AA0.\";s:3:\"sub\";s:43:\"TIoqW9fA7AdWNZ80PMflBSFM7drusVwY2b-5eXSrmjA\";s:3:\"tid\";s:36:\"6fdb5200-3d0d-4a8a-b036-d3685e359adc\";s:3:\"uti\";s:22:\"50Ebo_7yPEa6ygC5teYCAA\";s:3:\"ver\";s:3:\"2.0\";}s:14:\"\0*\0accessToken\";s:2147:\"eyJ0eXAiOiJKV1QiLCJub25jZSI6IjRSVEw0RldGUEpUaXNGQzFsVGJoeXpyVkFYTjBVVmpWc0RseldwNHM5Y1EiLCJhbGciOiJSUzI1NiIsIng1dCI6Im5PbzNaRHJPRFhFSzFqS1doWHNsSFJfS1hFZyIsImtpZCI6Im5PbzNaRHJPRFhFSzFqS1doWHNsSFJfS1hFZyJ9.eyJhdWQiOiIwMDAwMDAwMy0wMDAwLTAwMDAtYzAwMC0wMDAwMDAwMDAwMDAiLCJpc3MiOiJodHRwczovL3N0cy53aW5kb3dzLm5ldC82ZmRiNTIwMC0zZDBkLTRhOGEtYjAzNi1kMzY4NWUzNTlhZGMvIiwiaWF0IjoxNjI5MjIxOTQ2LCJuYmYiOjE2MjkyMjE5NDYsImV4cCI6MTYyOTIyNTg0NiwiYWNjdCI6MCwiYWNyIjoiMSIsImFpbyI6IkFVUUF1LzhUQUFBQTZxR05GeVRoQzhQNkg5UGtwTEpGdCtLTmQxdXZVNVZUdmh3S2N6N2NjV3ZHK2EvdW93S3laTWJzYlFCSXA4ajFEOW9JQk9pZEF0aWEydjF4djFqUW9nPT0iLCJhbXIiOlsicHdkIiwibWZhIl0sImFwcF9kaXNwbGF5bmFtZSI6Ik9DSU8gTGVhcm5pbmctQ3VyYXRvciIsImFwcGlkIjoiNjc5YjllNjUtZTgzMi00ZDVjLWFkNTQtNTQ0NTE3MDExNGQ3IiwiYXBwaWRhY3IiOiIxIiwiZmFtaWx5X25hbWUiOiJNaXRjaGVsbCIsImdpdmVuX25hbWUiOiJTaGFubm9uIiwiaWR0eXAiOiJ1c2VyIiwiaW5fY29ycCI6InRydWUiLCJpcGFkZHIiOiIxNzIuMjE4LjEzNC4xNDEiLCJuYW1lIjoiTWl0Y2hlbGwsIFNoYW5ub24gUFNBOkVYIiwib2lkIjoiNmYwYzJkMzItZTg4Yi00MmM1LThkYTMtMzhjNDg4YzNlMjIxIiwib25wcmVtX3NpZCI6IlMtMS01LTIxLTIwMDIwMzQwOTktMTc0MTMwNDAxMS03MDg2OTk1NDUtOTg2OTE2IiwicGxhdGYiOiIzIiwicHVpZCI6IjEwMDMyMDAwNUY4NUYwMDgiLCJyaCI6IjAuQVRnQUFGTGJidzA5aWtxd050Tm9YaldhM0dXZW0yY3k2RnhOclZSVVJSY0JGTmM0QUEwLiIsInNjcCI6ImVtYWlsIG9wZW5pZCBwcm9maWxlIiwic2lnbmluX3N0YXRlIjpbImttc2kiXSwic3ViIjoidkV5bWQxd0tHTXJqRXNMSEE4VW05QmVRTVRUVFVKeThlblNDRzdkaGpmZyIsInRlbmFudF9yZWdpb25fc2NvcGUiOiJOQSIsInRpZCI6IjZmZGI1MjAwLTNkMGQtNGE4YS1iMDM2LWQzNjg1ZTM1OWFkYyIsInVuaXF1ZV9uYW1lIjoiU2hhbm5vbi5NaXRjaGVsbEBnb3YuYmMuY2EiLCJ1cG4iOiJTaGFubm9uLk1pdGNoZWxsQGdvdi5iYy5jYSIsInV0aSI6IjUwRWJvXzd5UEVhNnlnQzV0ZVlDQUEiLCJ2ZXIiOiIxLjAiLCJ3aWRzIjpbImI3OWZiZjRkLTNlZjktNDY4OS04MTQzLTc2YjE5NGU4NTUwOSJdLCJ4bXNfc3QiOnsic3ViIjoiVElvcVc5ZkE3QWRXTlo4MFBNZmxCU0ZNN2RydXNWd1kyYi01ZVhTcm1qQSJ9LCJ4bXNfdGNkdCI6MTM5ODI4NzkzNH0.ga1fa3VjWhW1q99XWC3SMjVpnXRAKN9xoH8lr2gJaQkAUMy_15reinKtmj18gWLG1ibbB-ySRdtr6boL6kTRbTNTU1Ndw5knM_tux22OfArvO4nE-NDc7TmkDObNecFG2idMvrxoHMInFUE8E2N2-ged1P8N4hSOWODdaL-JHsc0mO4wzGPw8k61AGPG70cMd1Msb1DhSZTyXq2cblXUHP8SzHAHU_v9GSJsvIr6jli_6sLxKGnWbXz0dbc8GdpMl7TxNFBGcrRbEIwY-tMI-Krm7GoFy4T7cdZqJee3slRmIlqeQW5HEmVj97h8XG1yR1LXonVBoBoSu1VsudvfLw\";s:10:\"\0*\0expires\";i:1629225846;s:15:\"\0*\0refreshToken\";N;s:18:\"\0*\0resourceOwnerId\";N;s:9:\"\0*\0values\";a:4:{s:10:\"token_type\";s:6:\"Bearer\";s:5:\"scope\";s:20:\"email openid profile\";s:14:\"ext_expires_in\";i:3599;s:8:\"id_token\";s:1332:\"eyJ0eXAiOiJKV1QiLCJhbGciOiJSUzI1NiIsImtpZCI6Im5PbzNaRHJPRFhFSzFqS1doWHNsSFJfS1hFZyJ9.eyJhdWQiOiI2NzliOWU2NS1lODMyLTRkNWMtYWQ1NC01NDQ1MTcwMTE0ZDciLCJpc3MiOiJodHRwczovL2xvZ2luLm1pY3Jvc29mdG9ubGluZS5jb20vNmZkYjUyMDAtM2QwZC00YThhLWIwMzYtZDM2ODVlMzU5YWRjL3YyLjAiLCJpYXQiOjE2MjkyMjE5NDYsIm5iZiI6MTYyOTIyMTk0NiwiZXhwIjoxNjI5MjI1ODQ2LCJhaW8iOiJBVlFBcS84VEFBQUFTVVFDRlZWTHZ6WG5pVExJN3V6ZnhZNEJ4b1c0UmhUUklhRy9UQW0zdkE2SW13U0g2VCt2SjlONHpRZGd6b2ZxSFpzckg5d1U3MlhCTk1uNHBYRFA1bUF3UG1kay9uL0dPd3V3aFRrOUhlcz0iLCJlbWFpbCI6IlNoYW5ub24uTWl0Y2hlbGxAZ292LmJjLmNhIiwibmFtZSI6Ik1pdGNoZWxsLCBTaGFubm9uIFBTQTpFWCIsIm9pZCI6IjZmMGMyZDMyLWU4OGItNDJjNS04ZGEzLTM4YzQ4OGMzZTIyMSIsInByZWZlcnJlZF91c2VybmFtZSI6IlNoYW5ub24uTWl0Y2hlbGxAZ292LmJjLmNhIiwicmgiOiIwLkFUZ0FBRkxiYncwOWlrcXdOdE5vWGpXYTNHV2VtMmN5NkZ4TnJWUlVSUmNCRk5jNEFBMC4iLCJzdWIiOiJUSW9xVzlmQTdBZFdOWjgwUE1mbEJTRk03ZHJ1c1Z3WTJiLTVlWFNybWpBIiwidGlkIjoiNmZkYjUyMDAtM2QwZC00YThhLWIwMzYtZDM2ODVlMzU5YWRjIiwidXRpIjoiNTBFYm9fN3lQRWE2eWdDNXRlWUNBQSIsInZlciI6IjIuMCJ9.g4-gZ0hs1h__lx-ZbtKD9BV3EzroKz6kxcjsekJf7zRC7JJm5roUVA0TUxpFbe8I_gpZTSg-L---Hc8Yc1ubJ0ubCGfU13qXJ2nnfFfRTiyO3O_OtfEOuynAdsBHrL46J1RXp7uY164tvv84rXPN0ra5dX6mrhthdJkpmEVWGw3rDZC24epWAFCkX_xFUbdqq_1ZmvaoQcqVz7SwasJycK-ORU5YqshFgz4WEbBOYy2gDetmf23yS7JvgpGxrH94ZhaptAKj2ObUEMJzmsDfyhBr-RIyRmFL6NxZpiKlssua_JelTwTc92_XSSO0pkSXvF5j6NcMPKsIek7X9r3Pdg\";}}s:3:\"aud\";s:36:\"679b9e65-e832-4d5c-ad54-5445170114d7\";s:3:\"iss\";s:75:\"https://login.microsoftonline.com/6fdb5200-3d0d-4a8a-b036-d3685e359adc/v2.0\";s:3:\"iat\";i:1629221946;s:3:\"nbf\";i:1629221946;s:3:\"exp\";i:1629225846;s:3:\"aio\";s:120:\"AVQAq/8TAAAASUQCFVVLvzXniTLI7uzfxY4BxoW4RhTRIaG/TAm3vA6ImwSH6T+vJ9N4zQdgzofqHZsrH9wU72XBNMn4pXDP5mAwPmdk/n/GOwuwhTk9Hes=\";s:5:\"email\";s:26:\"Shannon.Mitchell@gov.bc.ca\";s:4:\"name\";s:24:\"Mitchell, Shannon PSA:EX\";s:3:\"oid\";s:36:\"6f0c2d32-e88b-42c5-8da3-38c488c3e221\";s:18:\"preferred_username\";s:26:\"Shannon.Mitchell@gov.bc.ca\";s:2:\"rh\";s:54:\"0.ATgAAFLbbw09ikqwNtNoXjWa3GWem2cy6FxNrVRURRcBFNc4AA0.\";s:3:\"sub\";s:43:\"TIoqW9fA7AdWNZ80PMflBSFM7drusVwY2b-5eXSrmjA\";s:3:\"tid\";s:36:\"6fdb5200-3d0d-4a8a-b036-d3685e359adc\";s:3:\"uti\";s:22:\"50Ebo_7yPEa6ygC5teYCAA\";s:3:\"ver\";s:3:\"2.0\";}','2021-08-17 17:44:07','2021-08-17 17:44:07');
/*!40000 ALTER TABLE `social_accounts` ENABLE KEYS */;
UNLOCK TABLES;

--
-- Table structure for table `statuses`
--

DROP TABLE IF EXISTS `statuses`;
/*!40101 SET @saved_cs_client     = @@character_set_client */;
/*!40101 SET character_set_client = utf8 */;
CREATE TABLE `statuses` (
  `id` int(11) NOT NULL AUTO_INCREMENT,
  `name` varchar(255) NOT NULL,
  `slug` varchar(255) NOT NULL,
  `description` text,
  `created` datetime NOT NULL,
  `createdby` char(36) NOT NULL,
  PRIMARY KEY (`id`),
  KEY `stat_createduser_ibfk_1` (`createdby`),
  CONSTRAINT `stat_createduser_ibfk_1` FOREIGN KEY (`createdby`) REFERENCES `users` (`id`)
) ENGINE=InnoDB AUTO_INCREMENT=6 DEFAULT CHARSET=latin1;
/*!40101 SET character_set_client = @saved_cs_client */;

--
-- Dumping data for table `statuses`
--

LOCK TABLES `statuses` WRITE;
/*!40000 ALTER TABLE `statuses` DISABLE KEYS */;
INSERT INTO `statuses` VALUES (1,'Draft','draft','Not published.','2021-03-22 22:21:52','fab197ca-eaa7-4418-960d-d8e8cf40231a'),(2,'Published','published','Available to everyone.','2021-03-30 22:47:02','fab197ca-eaa7-4418-960d-d8e8cf40231a'),(3,'Defunct','defunct','','2020-05-05 19:30:50','1'),(4,'Future','future','An activity or pathway with this status will be included in a scheduled task to see if a publish_on date is passed.','2020-05-05 19:34:40','1'),(5,'Suggested','future','Activities which have been suggested by regular users.','2020-07-11 22:00:55','1');
/*!40000 ALTER TABLE `statuses` ENABLE KEYS */;
UNLOCK TABLES;

--
-- Table structure for table `steps`
--

DROP TABLE IF EXISTS `steps`;
/*!40101 SET @saved_cs_client     = @@character_set_client */;
/*!40101 SET character_set_client = utf8 */;
CREATE TABLE `steps` (
  `id` int(11) NOT NULL AUTO_INCREMENT,
  `name` varchar(255) NOT NULL,
  `slug` varchar(255) NOT NULL,
  `description` text,
  `image_path` varchar(255) DEFAULT NULL,
  `featured` int(11) DEFAULT '0',
  `created` datetime NOT NULL,
  `createdby` char(36) NOT NULL,
  `modified` datetime NOT NULL,
  `modifiedby` char(36) NOT NULL,
  `status_id` int(11) DEFAULT '1',
  PRIMARY KEY (`id`),
  KEY `step_createduser_ibfk_1` (`createdby`),
  KEY `step_modifieduser_ibfk_1` (`modifiedby`),
  KEY `step_status_ibfk_0` (`status_id`),
  CONSTRAINT `step_createduser_ibfk_1` FOREIGN KEY (`createdby`) REFERENCES `users` (`id`),
  CONSTRAINT `step_modifieduser_ibfk_1` FOREIGN KEY (`modifiedby`) REFERENCES `users` (`id`),
  CONSTRAINT `step_status_ibfk_0` FOREIGN KEY (`status_id`) REFERENCES `statuses` (`id`)
) ENGINE=InnoDB AUTO_INCREMENT=113 DEFAULT CHARSET=latin1;
/*!40101 SET character_set_client = @saved_cs_client */;

--
-- Dumping data for table `steps`
--

LOCK TABLES `steps` WRITE;
/*!40000 ALTER TABLE `steps` DISABLE KEYS */;
INSERT INTO `steps` VALUES (39,'Step 1','step-1','Understand the elements of an effective communications/coaching approach that emphasizes strong 2-way communication focused on the development of staff.','',0,'2020-05-09 20:25:12','fab197ca-eaa7-4418-960d-d8e8cf40231a','2021-02-21 22:46:37','fab197ca-eaa7-4418-960d-d8e8cf40231a',2),(40,'Step 2','step-2','Have strength-based career conversations with your direct reports that focus on growth.','',0,'2020-05-09 20:32:39','fab197ca-eaa7-4418-960d-d8e8cf40231a','2021-02-21 22:46:37','fab197ca-eaa7-4418-960d-d8e8cf40231a',2),(41,'Step 3','step-3','Gather different perspectives from your team prior to making decisions.','',0,'2020-05-09 20:35:05','fab197ca-eaa7-4418-960d-d8e8cf40231a','2021-02-21 22:46:37','fab197ca-eaa7-4418-960d-d8e8cf40231a',2),(42,'Step 4','step-4','Construct engaging narratives that will support your vision and inspire your team!',NULL,0,'2020-05-11 01:00:30','fab197ca-eaa7-4418-960d-d8e8cf40231a','2021-02-21 22:46:37','fab197ca-eaa7-4418-960d-d8e8cf40231a',2),(43,'Step 5','step-5','Engage in meaningful and regular (quarterly) MyPerformance conversations with all team members.','',0,'2020-05-11 01:02:04','fab197ca-eaa7-4418-960d-d8e8cf40231a','2021-02-21 22:46:37','fab197ca-eaa7-4418-960d-d8e8cf40231a',2),(44,'Step 6','step-6','Build your teams capacity for collaboration and succession management.','',0,'2020-05-11 01:03:42','fab197ca-eaa7-4418-960d-d8e8cf40231a','2021-02-21 22:46:37','fab197ca-eaa7-4418-960d-d8e8cf40231a',2),(45,'Step 7','step-7','Support team members to take temporary assignments and get involved in projects.','',0,'2020-05-11 01:05:02','fab197ca-eaa7-4418-960d-d8e8cf40231a','2021-02-21 22:46:37','fab197ca-eaa7-4418-960d-d8e8cf40231a',2),(46,'Step 8','step-8','Create a culture of trust, innovation and inclusion, where perspectives are accepted from everyone and doing things differently is encouraged.','',0,'2020-05-11 01:05:24','fab197ca-eaa7-4418-960d-d8e8cf40231a','2021-02-21 22:46:37','fab197ca-eaa7-4418-960d-d8e8cf40231a',2),(47,'Step 9','step-9','Connect your staff when theyre at a distance -  effectively managing a virtual team or teams with remote workers.','',0,'2020-05-11 01:07:10','fab197ca-eaa7-4418-960d-d8e8cf40231a','2021-02-21 22:46:37','fab197ca-eaa7-4418-960d-d8e8cf40231a',2),(48,'Step 1','step-1','Recognize your own health and wellbeing as an imperative, not just a \"nice to have.\" Wellness is required of leaders.','',0,'2020-05-11 01:13:25','fab197ca-eaa7-4418-960d-d8e8cf40231a','2021-02-21 22:46:37','fab197ca-eaa7-4418-960d-d8e8cf40231a',2),(49,'Step 2','step-2','Analyze your strengths and supports. In this step, youll identify the strengths and supports that promote your resiliency and ability to navigate challenge and adversity, and identify and articulate the supports you still need to be fully resilient. ','',0,'2020-05-11 01:29:35','fab197ca-eaa7-4418-960d-d8e8cf40231a','2021-08-06 20:40:34','fab197ca-eaa7-4418-960d-d8e8cf40231a',2),(50,'Step 3','step-3','Develop humility through authentic self-awareness.','',0,'2020-05-11 01:30:35','fab197ca-eaa7-4418-960d-d8e8cf40231a','2021-02-21 22:46:37','fab197ca-eaa7-4418-960d-d8e8cf40231a',2),(51,'Step 4','step-4','Understand personal identity and examine unconscious bias for areas of growth.','',0,'2020-05-11 17:05:32','fab197ca-eaa7-4418-960d-d8e8cf40231a','2021-02-21 22:46:37','fab197ca-eaa7-4418-960d-d8e8cf40231a',2),(52,'Step 5','step-5','Build capacity to effectively receive and use feedback.','',0,'2020-05-11 17:08:17','fab197ca-eaa7-4418-960d-d8e8cf40231a','2021-02-21 22:46:37','fab197ca-eaa7-4418-960d-d8e8cf40231a',2),(53,'Step 6','step-6','Create opportunities outside of your role for practical application of leadership skills, and design your own evaluation to inform future growth.','',0,'2020-05-11 17:08:42','fab197ca-eaa7-4418-960d-d8e8cf40231a','2021-02-21 22:46:37','fab197ca-eaa7-4418-960d-d8e8cf40231a',2),(54,'Step 7','step-7','Develop a plan to build a mentorship relationship.','',0,'2020-05-11 17:09:27','fab197ca-eaa7-4418-960d-d8e8cf40231a','2021-02-21 22:46:37','fab197ca-eaa7-4418-960d-d8e8cf40231a',2),(55,'Step 8','step-8','Identify personal strengths and areas for development as a leader.','',0,'2020-05-11 17:12:29','fab197ca-eaa7-4418-960d-d8e8cf40231a','2021-02-21 22:46:37','fab197ca-eaa7-4418-960d-d8e8cf40231a',2),(58,'Step 1','step-1','Articulate how positive relationships contribute to career development for yourself and direct reports.','',0,'2020-05-11 17:20:19','fab197ca-eaa7-4418-960d-d8e8cf40231a','2021-02-21 22:46:37','fab197ca-eaa7-4418-960d-d8e8cf40231a',2),(59,'Step 2','step-2','Appreciate that there are many pathways and journeys, after being introduced to many different examples from the BCPS. The route to advancement is not all linear. Its not a step-by-step process.','',0,'2020-05-11 17:45:48','fab197ca-eaa7-4418-960d-d8e8cf40231a','2021-02-21 22:46:37','fab197ca-eaa7-4418-960d-d8e8cf40231a',2),(60,'Step 3','step-3','Recognize the radical lateral movement potential is an undersold feature of career advancement in the BC Public Service.','',0,'2020-05-11 17:46:52','fab197ca-eaa7-4418-960d-d8e8cf40231a','2021-02-21 22:46:37','fab197ca-eaa7-4418-960d-d8e8cf40231a',2),(61,'Step 4','step-4','Initiate a career or other crucial conversation with your supervisor.','',0,'2020-05-11 17:47:46','fab197ca-eaa7-4418-960d-d8e8cf40231a','2021-02-21 22:46:37','fab197ca-eaa7-4418-960d-d8e8cf40231a',2),(62,'Step 5','step-5','Identify your transferable skills.','',0,'2020-05-11 17:50:33','fab197ca-eaa7-4418-960d-d8e8cf40231a','2021-02-21 22:46:37','fab197ca-eaa7-4418-960d-d8e8cf40231a',2),(63,'Step 6','step-6','Describe the benefits of mentoring, access resources, and identify potential candidates to mentor you.','',0,'2020-05-11 17:51:16','fab197ca-eaa7-4418-960d-d8e8cf40231a','2021-02-21 22:46:37','fab197ca-eaa7-4418-960d-d8e8cf40231a',2),(64,'Step 7','step-7','Apply best practices in establishing new contacts/relationships.','',0,'2020-05-11 17:52:15','fab197ca-eaa7-4418-960d-d8e8cf40231a','2021-02-21 22:46:37','fab197ca-eaa7-4418-960d-d8e8cf40231a',2),(65,'Step 8','step-8','Together with your supervisor, identify an action, stretch assignment or project & act on your own opportunity.','',0,'2020-05-11 17:53:27','fab197ca-eaa7-4418-960d-d8e8cf40231a','2021-02-21 22:46:37','fab197ca-eaa7-4418-960d-d8e8cf40231a',2),(66,'Step 9','step-9','Map specific learning opportunities (formal & informal) that will contribute to at least one career goal','',0,'2020-05-11 17:53:49','fab197ca-eaa7-4418-960d-d8e8cf40231a','2021-02-21 22:46:37','fab197ca-eaa7-4418-960d-d8e8cf40231a',2),(67,'Step 10','step-10','Target your preparation for moving into a new role.','',0,'2020-05-11 17:54:59','fab197ca-eaa7-4418-960d-d8e8cf40231a','2021-02-21 22:46:37','fab197ca-eaa7-4418-960d-d8e8cf40231a',2),(68,'Step 1','step-1','Research your government and your ministrys organizational structure. Discover who/what roles is/are in your branch, ministry, government.','',0,'2020-05-11 18:02:25','fab197ca-eaa7-4418-960d-d8e8cf40231a','2021-02-21 22:46:37','fab197ca-eaa7-4418-960d-d8e8cf40231a',2),(69,'Step 2','step-2','Explain what the relationship is between understanding your ministrys core functions & leadership development.','',0,'2020-05-11 18:46:41','fab197ca-eaa7-4418-960d-d8e8cf40231a','2021-02-21 22:46:37','fab197ca-eaa7-4418-960d-d8e8cf40231a',2),(70,'Step 3','step-3','Identify 5 key functions of government, and know where to go to identify more.','',0,'2020-05-11 18:46:58','fab197ca-eaa7-4418-960d-d8e8cf40231a','2021-02-21 22:46:37','fab197ca-eaa7-4418-960d-d8e8cf40231a',2),(71,'Step 4','step-4','Understand the basics of policy and policy decision-making in government.','',0,'2020-05-11 18:48:31','fab197ca-eaa7-4418-960d-d8e8cf40231a','2021-02-21 22:46:37','fab197ca-eaa7-4418-960d-d8e8cf40231a',2),(72,'Step 5','step-5','Consider the legal context in which your decisions are being made.','',0,'2020-05-11 18:49:32','fab197ca-eaa7-4418-960d-d8e8cf40231a','2021-02-21 22:46:37','fab197ca-eaa7-4418-960d-d8e8cf40231a',2),(73,'Step 6','step-6','Map an example of how a project/policy links to legislation.',NULL,0,'2020-05-11 18:49:56','fab197ca-eaa7-4418-960d-d8e8cf40231a','2021-02-21 22:46:37','fab197ca-eaa7-4418-960d-d8e8cf40231a',2),(74,'Step 7','step-7','Explain the political and public service structures for decision making, such as Cabinet Operations & Treasury Board.','',0,'2020-05-11 18:50:23','fab197ca-eaa7-4418-960d-d8e8cf40231a','2021-02-21 22:46:37','fab197ca-eaa7-4418-960d-d8e8cf40231a',2),(75,'Step 8','step-8','Explain 3 corporate government priorities and why they matter. Articulate what you need to know.','',0,'2020-05-11 18:51:16','fab197ca-eaa7-4418-960d-d8e8cf40231a','2021-02-21 22:46:37','fab197ca-eaa7-4418-960d-d8e8cf40231a',2),(80,'Step 1 - Principles','step-1-principles','We prefer open source projects. All code that we develop is open source, and we lean towards open source tools to create it. Learn what this means and how it applies.',NULL,0,'2020-07-14 17:12:49','fab197ca-eaa7-4418-960d-d8e8cf40231a','2021-02-21 22:46:37','fab197ca-eaa7-4418-960d-d8e8cf40231a',2),(81,'Step 1','step-1','Basic readings on how accessibility relates to diversity and inclusion and what your responsibilities are as an employee.',NULL,0,'2020-07-19 23:41:14','fab197ca-eaa7-4418-960d-d8e8cf40231a','2021-02-21 22:46:37','fab197ca-eaa7-4418-960d-d8e8cf40231a',2),(82,'Step 1','step-1','Understand the Diversity &amp; Inclusion Strategy in the BC Public Service and our Public Service Act commitment.','',0,'2020-08-06 17:56:54','fab197ca-eaa7-4418-960d-d8e8cf40231a','2021-08-04 22:22:33','fab197ca-eaa7-4418-960d-d8e8cf40231a',2),(83,'Step 2','step-2','Build your foundational understanding of diversity and inclusion.','',0,'2020-08-06 18:22:38','fab197ca-eaa7-4418-960d-d8e8cf40231a','2021-08-04 19:49:12','fab197ca-eaa7-4418-960d-d8e8cf40231a',2),(84,'Step 3','step-3','Build understanding of inclusive hiring practices in the BCPS and practice inclusive hiring.','',0,'2020-08-06 18:23:01','fab197ca-eaa7-4418-960d-d8e8cf40231a','2021-08-04 22:39:49','fab197ca-eaa7-4418-960d-d8e8cf40231a',2),(85,'Step 4','step-4','Work respectfully and effectively with all Indigenous Peoples of B.C.. Note: This objective, as with others, could have its own pathway not under the umbrella of Diversity and Inclusion. Note that future learning paths will be developed and expanded after the pilot of the Learning Curator.','',0,'2020-08-06 18:23:41','fab197ca-eaa7-4418-960d-d8e8cf40231a','2021-02-21 22:46:37','fab197ca-eaa7-4418-960d-d8e8cf40231a',2),(86,'Step 5','step-5','Co-create inclusive workplaces.','',0,'2020-08-06 18:24:06','fab197ca-eaa7-4418-960d-d8e8cf40231a','2021-02-21 22:46:37','fab197ca-eaa7-4418-960d-d8e8cf40231a',2),(87,'Step 6','step-6','Support the groups who contribute to diversity in the BC Public Service.','',0,'2020-08-06 18:24:27','fab197ca-eaa7-4418-960d-d8e8cf40231a','2021-08-05 01:21:31','fab197ca-eaa7-4418-960d-d8e8cf40231a',2),(88,'Sgtep 2','sgtep-2','',NULL,0,'2020-08-10 18:02:31','fab197ca-eaa7-4418-960d-d8e8cf40231a','2021-02-21 22:46:37','fab197ca-eaa7-4418-960d-d8e8cf40231a',2),(89,'Step 2','step-2','',NULL,0,'2020-08-10 18:06:44','fab197ca-eaa7-4418-960d-d8e8cf40231a','2021-02-21 22:46:37','fab197ca-eaa7-4418-960d-d8e8cf40231a',2),(90,'Step 7','step-7','Work to actively challenge discrimination and racism.','',0,'2020-08-11 16:35:11','fab197ca-eaa7-4418-960d-d8e8cf40231a','2021-02-21 22:46:37','fab197ca-eaa7-4418-960d-d8e8cf40231a',2),(99,'Consider the Risks','consider-the-risks','<p>One of the Project Managers tasks at the Planning stage is to identify, qualify, and quantify the risks as they apply to your project. Knowing your risks and how likely they are to happen helps you plan what you will do in the event something comes along that impacts your project - sometimes this is a negative impact, but this could also present an opportnity! Knowing what the project will do to respond in any case creates a strong plan. </p><p>Risk assessment is done at the beginning, and revisited and updated throughout the project. The tools in this collection can help you with the tasks for risk assessment and mitigation.</p>','',0,'2021-01-22 18:58:47','fab197ca-eaa7-4418-960d-d8e8cf40231a','2021-02-21 22:46:37','fab197ca-eaa7-4418-960d-d8e8cf40231a',2),(100,'Define the Quality ','define-the-quality','<p>Quality is the degree to which a set of inherent characteristics fulfills requirements.\" Establishing project quality standards involves determining which standards to use, and documenting how the project (and product) will demonstrate compliance. These standards provide a kind of umbrella for continuous improvement.</p><p>The resources in this collection are meant to support both the planning of quality standards and the whole teams efforts to work towards the projects quality targets throughout the lifecycle of a project.</p>','',0,'2021-01-22 19:06:51','fab197ca-eaa7-4418-960d-d8e8cf40231a','2021-02-21 22:46:37','fab197ca-eaa7-4418-960d-d8e8cf40231a',2),(101,'Breaking Down the Work','breaking-down-the-work','<p>How do we break down project work to the most reasonable size task(s)? The point is to get a view of the work that allows tasks to be assigned to the responsible party, and allow the project manager to track progress during execution. </p><p>Resources in this collection support the team in creating a work breakdown structure and otherwise plan for the work completion in a specified timeframe.</p>','',0,'2021-01-22 19:11:03','fab197ca-eaa7-4418-960d-d8e8cf40231a','2021-02-21 22:46:37','fab197ca-eaa7-4418-960d-d8e8cf40231a',2),(112,'Onboarding','onboarding','Are you new to the delivery team? links for you! right where strand<br>','',0,'2021-08-11 19:58:44','fab197ca-eaa7-4418-960d-d8e8cf40231a','2021-08-11 20:22:05','fab197ca-eaa7-4418-960d-d8e8cf40231a',2);
/*!40000 ALTER TABLE `steps` ENABLE KEYS */;
UNLOCK TABLES;

--
-- Table structure for table `tags`
--

DROP TABLE IF EXISTS `tags`;
/*!40101 SET @saved_cs_client     = @@character_set_client */;
/*!40101 SET character_set_client = utf8 */;
CREATE TABLE `tags` (
  `id` int(11) NOT NULL AUTO_INCREMENT,
  `name` varchar(255) NOT NULL,
  `slug` varchar(255) NOT NULL,
  `description` text,
  `created` datetime NOT NULL,
  `createdby` char(36) NOT NULL,
  `modified` datetime NOT NULL,
  `modifiedby` char(36) NOT NULL,
  PRIMARY KEY (`id`),
  KEY `tagcreateduser_ibfk_1` (`createdby`),
  KEY `tagmodifieduser_ibfk_1` (`modifiedby`),
  CONSTRAINT `tagcreateduser_ibfk_1` FOREIGN KEY (`createdby`) REFERENCES `users` (`id`),
  CONSTRAINT `tagmodifieduser_ibfk_1` FOREIGN KEY (`modifiedby`) REFERENCES `users` (`id`)
) ENGINE=InnoDB AUTO_INCREMENT=14 DEFAULT CHARSET=latin1;
/*!40101 SET character_set_client = @saved_cs_client */;

--
-- Dumping data for table `tags`
--

LOCK TABLES `tags` WRITE;
/*!40000 ALTER TABLE `tags` DISABLE KEYS */;
INSERT INTO `tags` VALUES (2,'Book','book','Physical book','2020-02-08 18:49:48','fab197ca-eaa7-4418-960d-d8e8cf40231a','2020-02-08 18:49:48','fab197ca-eaa7-4418-960d-d8e8cf40231a'),(3,'YouTube','youtube','Videos hosted on the YouTube platform (Google)','2020-02-08 18:50:17','fab197ca-eaa7-4418-960d-d8e8cf40231a','2020-02-08 18:55:46','fab197ca-eaa7-4418-960d-d8e8cf40231a'),(4,'Podcast','podcast','A series of audio-only recordings, usually discussions on various topics.','2020-02-08 18:50:53','fab197ca-eaa7-4418-960d-d8e8cf40231a','2020-02-08 18:50:53','fab197ca-eaa7-4418-960d-d8e8cf40231a'),(5,'PDF','pdf','An Adobe Portable Document Format (PDF) resource.','2020-02-08 18:51:54','fab197ca-eaa7-4418-960d-d8e8cf40231a','2020-02-08 18:51:54','fab197ca-eaa7-4418-960d-d8e8cf40231a'),(6,'Website','website','A general-purpose website','2020-02-08 18:52:25','fab197ca-eaa7-4418-960d-d8e8cf40231a','2020-02-08 18:52:25','fab197ca-eaa7-4418-960d-d8e8cf40231a'),(7,'Web App','webapp','An application which is accessible via the world wide web. ','2020-02-08 18:53:16','fab197ca-eaa7-4418-960d-d8e8cf40231a','2020-02-08 18:53:16','fab197ca-eaa7-4418-960d-d8e8cf40231a'),(8,'iOS App','iosapp','A mobile app designed for Apple\'s iOS/iPadOS devices.','2020-02-08 18:53:50','fab197ca-eaa7-4418-960d-d8e8cf40231a','2020-02-08 18:53:50','fab197ca-eaa7-4418-960d-d8e8cf40231a'),(9,'Android App','android-app','A mobile application designed for Google\'s Android platform.','2020-02-08 18:54:17','fab197ca-eaa7-4418-960d-d8e8cf40231a','2020-02-08 18:54:17','fab197ca-eaa7-4418-960d-d8e8cf40231a'),(10,'eBook','ebook','Not all physical books are available in eBook format. ','2020-02-08 18:55:21','fab197ca-eaa7-4418-960d-d8e8cf40231a','2020-02-08 18:55:21','fab197ca-eaa7-4418-960d-d8e8cf40231a'),(11,'Vimeo','vimeo','A video-hosting platform.','2020-02-08 18:56:06','fab197ca-eaa7-4418-960d-d8e8cf40231a','2020-02-08 18:56:06','fab197ca-eaa7-4418-960d-d8e8cf40231a'),(12,'Social Media','social-media','This activity relates somehow to social media and its platforms.','2020-02-08 18:56:43','fab197ca-eaa7-4418-960d-d8e8cf40231a','2020-02-08 18:56:43','fab197ca-eaa7-4418-960d-d8e8cf40231a'),(13,'Learning System Course','learning-system','','2020-03-01 03:19:38','fab197ca-eaa7-4418-960d-d8e8cf40231a','2020-03-01 03:19:38','fab197ca-eaa7-4418-960d-d8e8cf40231a');
/*!40000 ALTER TABLE `tags` ENABLE KEYS */;
UNLOCK TABLES;

--
-- Table structure for table `topics`
--

DROP TABLE IF EXISTS `topics`;
/*!40101 SET @saved_cs_client     = @@character_set_client */;
/*!40101 SET character_set_client = utf8 */;
CREATE TABLE `topics` (
  `id` int(11) NOT NULL AUTO_INCREMENT,
  `name` varchar(255) NOT NULL,
  `slug` varchar(255) NOT NULL,
  `description` text,
  `image_path` varchar(255) DEFAULT NULL,
  `color` varchar(255) DEFAULT NULL,
  `featured` varchar(255) DEFAULT NULL,
  `created` datetime NOT NULL,
  `user_id` char(36) NOT NULL,
  PRIMARY KEY (`id`),
  KEY `topic_user_ibfk_1` (`user_id`),
  CONSTRAINT `topic_user_ibfk_1` FOREIGN KEY (`user_id`) REFERENCES `users` (`id`)
) ENGINE=InnoDB AUTO_INCREMENT=15 DEFAULT CHARSET=latin1;
/*!40101 SET character_set_client = @saved_cs_client */;

--
-- Dumping data for table `topics`
--

LOCK TABLES `topics` WRITE;
/*!40000 ALTER TABLE `topics` DISABLE KEYS */;
INSERT INTO `topics` VALUES (1,'Leadership in the BCPS','fundamentals','These pathways focus on building your leadership skills wherever you are, and wherever you plan to go. For all levels and roles.','boo','','','2020-07-05 02:35:12','fab197ca-eaa7-4418-960d-d8e8cf40231a'),(7,'Fundamentals','fundamentals','Basic, foundational knowledge about diversity and inclusion in the BC Public Service.','','','','2020-08-10 16:43:54','fab197ca-eaa7-4418-960d-d8e8cf40231a'),(11,'Project Management Program','pmp','Pathways related to project management in the BC Public Service',NULL,NULL,NULL,'2021-01-22 18:45:22','fab197ca-eaa7-4418-960d-d8e8cf40231a'),(14,'Governance','governance','All the things that make up the BC government and how it runs.',NULL,NULL,NULL,'2021-08-17 05:10:01','fab197ca-eaa7-4418-960d-d8e8cf40231a');
/*!40000 ALTER TABLE `topics` ENABLE KEYS */;
UNLOCK TABLES;

--
-- Table structure for table `users`
--

DROP TABLE IF EXISTS `users`;
/*!40101 SET @saved_cs_client     = @@character_set_client */;
/*!40101 SET character_set_client = utf8 */;
CREATE TABLE `users` (
  `id` char(36) NOT NULL,
  `username` varchar(255) NOT NULL,
  `email` varchar(255) DEFAULT NULL,
  `password` varchar(255) NOT NULL,
  `first_name` varchar(50) DEFAULT NULL,
  `last_name` varchar(50) DEFAULT NULL,
  `token` varchar(255) DEFAULT NULL,
  `token_expires` datetime DEFAULT NULL,
  `api_token` varchar(255) DEFAULT NULL,
  `activation_date` datetime DEFAULT NULL,
  `secret` varchar(32) DEFAULT NULL,
  `secret_verified` tinyint(1) DEFAULT NULL,
  `tos_date` datetime DEFAULT NULL,
  `active` tinyint(1) NOT NULL DEFAULT '0',
  `is_superuser` tinyint(1) NOT NULL DEFAULT '0',
  `role` varchar(255) DEFAULT 'user',
  `created` datetime NOT NULL,
  `modified` datetime NOT NULL,
  `additional_data` text,
  `ministry_id` int(11) NOT NULL DEFAULT '1',
  PRIMARY KEY (`id`),
  KEY `ministry_ibfk_1` (`ministry_id`),
  CONSTRAINT `user_ministry_ibfk_1` FOREIGN KEY (`ministry_id`) REFERENCES `ministries` (`id`)
) ENGINE=InnoDB DEFAULT CHARSET=latin1;
/*!40101 SET character_set_client = @saved_cs_client */;

--
-- Dumping data for table `users`
--

LOCK TABLES `users` WRITE;
/*!40000 ALTER TABLE `users` DISABLE KEYS */;
INSERT INTO `users` VALUES ('adac83c2-3560-4ec7-90f4-7e93d610964c','Shannon.Mitchell','Shannon.Mitchell@gov.bc.ca','$2y$10$90ppgor/Zu8gBM3CKje2YeUT3pgDt3BNkGaJ.0PqFm02EAlACbAQC',' Shannon ','Mitchell',NULL,NULL,NULL,'2021-08-17 17:44:07',NULL,NULL,'2021-08-17 17:44:07',1,0,'user','2021-08-17 17:44:07','2021-08-17 17:44:07','\"6f0c2d32-e88b-42c5-8da3-38c488c3e221\"',2),('c79718c7-2927-4d03-be11-6a7bd7610de4','Allan.Haggett','Allan.Haggett@gov.bc.ca','$2y$10$hKhKNQPYHMxkA95ARgLW6OCguM8VuGZ0dLrTej6BcDIzexIIyazFy',' Allan ','Haggett',NULL,NULL,NULL,'2021-08-17 04:42:01',NULL,NULL,'2021-08-17 04:42:01',1,0,'user','2021-08-17 04:42:01','2021-08-17 04:42:01','\"d3d13d47-614a-4ffb-9fe1-742ec787c7be\"',2),('fab197ca-eaa7-4418-960d-d8e8cf40231a','superadmin','superadmin@example.com','$2y$10$9kNrFvHt/ALmy5u/RL9ksujkXXdqmhU3wHlg1SRporOVOah11DTn6','Super','Administrator','c7dc1ec275e859886bbcc4866a4afa44','2021-03-22 23:51:45','',NULL,NULL,NULL,NULL,1,1,'superuser','2021-03-22 18:40:56','2021-08-17 05:12:19','\"\"',2);
/*!40000 ALTER TABLE `users` ENABLE KEYS */;
UNLOCK TABLES;
/*!40103 SET TIME_ZONE=@OLD_TIME_ZONE */;

/*!40101 SET SQL_MODE=@OLD_SQL_MODE */;
/*!40014 SET FOREIGN_KEY_CHECKS=@OLD_FOREIGN_KEY_CHECKS */;
/*!40014 SET UNIQUE_CHECKS=@OLD_UNIQUE_CHECKS */;
/*!40101 SET CHARACTER_SET_CLIENT=@OLD_CHARACTER_SET_CLIENT */;
/*!40101 SET CHARACTER_SET_RESULTS=@OLD_CHARACTER_SET_RESULTS */;
/*!40101 SET COLLATION_CONNECTION=@OLD_COLLATION_CONNECTION */;
/*!40111 SET SQL_NOTES=@OLD_SQL_NOTES */;

-- Dump completed on 2021-08-17 11:45:49
